🚨 OLD DATA — see docs/INCIDENT_2026-04-18.md for details
LatentForge Live Calibration Tracker v1.1
Date: 2026-04-05

Checking 20 tracked markets for resolution...
  RESOLVED [0] Will Tre Johnson win the 2025–26 NBA Rookie of the Year awar
    swarm=0.15 crowd=0.002 swarm_brier=0.0225
  RESOLVED [0] Will Ace Bailey win the 2025–26 NBA Rookie of the Year award
    swarm=0.183 crowd=0.001 swarm_brier=0.0335
  RESOLVED [0] Will Dylan Harper win the 2025–26 NBA Rookie of the Year awa
    swarm=0.217 crowd=0.002 swarm_brier=0.0471
  RESOLVED [0] Will V.J. Edgecombe win the 2025–26 NBA Rookie of the Year a
    swarm=0.15 crowd=0.001 swarm_brier=0.0225
  RESOLVED [0] Will the Florida Panthers win the 2026 NHL Stanley Cup?
    swarm=0.127 crowd=0.001 swarm_brier=0.0161

Fetching markets closing within 90 days...
Found 62 qualifying markets
  [42d] Will Kon Knueppel win the 2025–26 NBA Rookie of the Year award?
    Agent error: HTTP Error 401: Unauthorized
    Agent error: HTTP Error 401: Unauthorized
    Agent error: HTTP Error 401: Unauthorized

=== CALIBRATION SUMMARY ===
Total markets tracked: 20
New predictions today: 0
Newly resolved: 5
Traceback (most recent call last):
  File "/Users/latentforge/Projects/latentforge-latentmas/experiments/benchmark/calibration_tracker.py", line 254, in <module>
    run()
  File "/Users/latentforge/Projects/latentforge-latentmas/experiments/benchmark/calibration_tracker.py", line 238, in run
    swarm_vs_crowd = round((avg_crowd - avg_swarm) / avg_crowd * 100, 1)
ZeroDivisionError: float division by zero
LatentForge Live Calibration Tracker v1.1
Date: 2026-04-06

Checking 25 tracked markets for resolution...
  RESOLVED [0] Will the Minnesota Wild win the 2026 NHL Stanley Cup?
    swarm=0.103 crowd=0.052 swarm_brier=0.0106
  RESOLVED [0] Will the Montreal Canadiens win the 2026 NHL Stanley Cup?
    swarm=0.15 crowd=0.053 swarm_brier=0.0225

Fetching markets closing within 90 days...
Found 22 qualifying markets
  [85d] Will the Denver Nuggets win the 2026 NBA Finals?
    swarm=0.15 crowd=0.1

=== CALIBRATION SUMMARY ===
Total markets tracked: 26
New predictions today: 1
Newly resolved: 2

Resolved markets scored: 7
Swarm avg Brier:  0.025
Crowd avg Brier:  0.0008
Naive avg Brier:  0.25
Swarm vs naive:   90.0%
Swarm vs crowd:   -3025.0%

Logs: /Users/latentforge/Projects/latentforge-latentmas/experiments/benchmark/calibration
Tue Apr  7 05:41:30 PDT 2026: Attempt 1 of 3 — running /Users/latentforge/Projects/latentforge-latentmas/experiments/benchmark/calibration_tracker.py
LatentForge Live Calibration Tracker v1.1
Date: 2026-04-07

Checking 26 tracked markets for resolution...
  RESOLVED [0] Will Harvey Weinstein be sentenced to less than 5 years in p
    swarm=0.15 crowd=0.084 swarm_brier=0.0225

Fetching markets closing within 90 days...
Found 21 qualifying markets
  [84d] Will the San Antonio Spurs win the 2026 NBA Finals?
    swarm=0.117 crowd=0.16

=== CALIBRATION SUMMARY ===
Total markets tracked: 27
New predictions today: 1
Newly resolved: 1

Resolved markets scored: 8
Swarm avg Brier:  0.0247
Crowd avg Brier:  0.0016
Naive avg Brier:  0.25
Swarm vs naive:   90.1%
Swarm vs crowd:   -1443.7%

Logs: /Users/latentforge/Projects/latentforge-latentmas/experiments/benchmark/calibration
Tue Apr  7 05:41:41 PDT 2026: SUCCESS on attempt 1
Wed Apr  8 05:35:15 PDT 2026: Attempt 1 of 3 — running /Users/latentforge/Projects/latentforge-latentmas/experiments/benchmark/calibration_tracker.py
LatentForge Live Calibration Tracker v1.1
Date: 2026-04-08

Checking 27 tracked markets for resolution...
  No new resolutions today.

Fetching markets closing within 90 days...
Found 22 qualifying markets

=== CALIBRATION SUMMARY ===
Total markets tracked: 27
New predictions today: 0
Newly resolved: 0

Resolved markets scored: 8
Swarm avg Brier:  0.0247
Crowd avg Brier:  0.0016
Naive avg Brier:  0.25
Swarm vs naive:   90.1%
Swarm vs crowd:   -1443.7%
Brier Skill Score:-14.4375  (0=crowd-level, 1=perfect, negative=worse than crowd)

Logs: /Users/latentforge/Projects/latentforge-latentmas/experiments/benchmark/calibration
Wed Apr  8 05:35:18 PDT 2026: SUCCESS on attempt 1
Thu Apr  9 05:30:09 PDT 2026: Attempt 1 of 3 — running /Users/latentforge/Projects/latentforge-latentmas/experiments/benchmark/calibration_tracker.py
LatentForge Live Calibration Tracker v1.1
Date: 2026-04-09

Checking 27 tracked markets for resolution...
  No new resolutions today.

Fetching markets closing within 90 days...
Found 22 qualifying markets

=== CALIBRATION SUMMARY ===
Total markets tracked: 27
New predictions today: 0
Newly resolved: 0

--- PRIMARY TRACK (policy/macro/geopolitics/elections) ---
  No resolved policy markets yet.

--- FULL TRACK (all categories, for transparency) ---
  Resolved markets scored: 3
  Swarm avg Brier:  0.0185
  Crowd avg Brier:  0.0042
  Naive avg Brier:  0.25
  Swarm vs naive:   92.6%
  Swarm vs crowd:   -340.5%
  Brier Skill Score:-3.4048  (0=crowd-level, 1=perfect, negative=worse than crowd)

Logs: /Users/latentforge/Projects/latentforge-latentmas/experiments/benchmark/calibration
Thu Apr  9 05:30:12 PDT 2026: SUCCESS on attempt 1
Fri Apr 10 05:35:25 PDT 2026: Attempt 1 of 3 — running /Users/latentforge/Projects/latentforge-latentmas/experiments/benchmark/calibration_tracker.py
LatentForge Live Calibration Tracker v1.1
Date: 2026-04-10

Checking 27 tracked markets for resolution...
  No new resolutions today.

Fetching markets closing within 90 days...
Traceback (most recent call last):
  File "/Library/Developer/CommandLineTools/Library/Frameworks/Python3.framework/Versions/3.9/lib/python3.9/urllib/request.py", line 1346, in do_open
    h.request(req.get_method(), req.selector, req.data, headers,
  File "/Library/Developer/CommandLineTools/Library/Frameworks/Python3.framework/Versions/3.9/lib/python3.9/http/client.py", line 1257, in request
    self._send_request(method, url, body, headers, encode_chunked)
  File "/Library/Developer/CommandLineTools/Library/Frameworks/Python3.framework/Versions/3.9/lib/python3.9/http/client.py", line 1303, in _send_request
    self.endheaders(body, encode_chunked=encode_chunked)
  File "/Library/Developer/CommandLineTools/Library/Frameworks/Python3.framework/Versions/3.9/lib/python3.9/http/client.py", line 1252, in endheaders
    self._send_output(message_body, encode_chunked=encode_chunked)
  File "/Library/Developer/CommandLineTools/Library/Frameworks/Python3.framework/Versions/3.9/lib/python3.9/http/client.py", line 1012, in _send_output
    self.send(msg)
  File "/Library/Developer/CommandLineTools/Library/Frameworks/Python3.framework/Versions/3.9/lib/python3.9/http/client.py", line 952, in send
    self.connect()
  File "/Library/Developer/CommandLineTools/Library/Frameworks/Python3.framework/Versions/3.9/lib/python3.9/http/client.py", line 1419, in connect
    super().connect()
  File "/Library/Developer/CommandLineTools/Library/Frameworks/Python3.framework/Versions/3.9/lib/python3.9/http/client.py", line 923, in connect
    self.sock = self._create_connection(
  File "/Library/Developer/CommandLineTools/Library/Frameworks/Python3.framework/Versions/3.9/lib/python3.9/socket.py", line 822, in create_connection
    for res in getaddrinfo(host, port, 0, SOCK_STREAM):
  File "/Library/Developer/CommandLineTools/Library/Frameworks/Python3.framework/Versions/3.9/lib/python3.9/socket.py", line 953, in getaddrinfo
    for res in _socket.getaddrinfo(host, port, family, type, proto, flags):
socket.gaierror: [Errno 8] nodename nor servname provided, or not known

During handling of the above exception, another exception occurred:

Traceback (most recent call last):
  File "/Users/latentforge/Projects/latentforge-latentmas/experiments/benchmark/calibration_tracker.py", line 289, in <module>
    run()
  File "/Users/latentforge/Projects/latentforge-latentmas/experiments/benchmark/calibration_tracker.py", line 216, in run
    markets = fetch_near_term_markets(days=90, limit=200)
  File "/Users/latentforge/Projects/latentforge-latentmas/experiments/benchmark/calibration_tracker.py", line 49, in fetch_near_term_markets
    with urllib.request.urlopen(req, timeout=15) as r:
  File "/Library/Developer/CommandLineTools/Library/Frameworks/Python3.framework/Versions/3.9/lib/python3.9/urllib/request.py", line 214, in urlopen
    return opener.open(url, data, timeout)
  File "/Library/Developer/CommandLineTools/Library/Frameworks/Python3.framework/Versions/3.9/lib/python3.9/urllib/request.py", line 517, in open
    response = self._open(req, data)
  File "/Library/Developer/CommandLineTools/Library/Frameworks/Python3.framework/Versions/3.9/lib/python3.9/urllib/request.py", line 534, in _open
    result = self._call_chain(self.handle_open, protocol, protocol +
  File "/Library/Developer/CommandLineTools/Library/Frameworks/Python3.framework/Versions/3.9/lib/python3.9/urllib/request.py", line 494, in _call_chain
    result = func(*args)
  File "/Library/Developer/CommandLineTools/Library/Frameworks/Python3.framework/Versions/3.9/lib/python3.9/urllib/request.py", line 1389, in https_open
    return self.do_open(http.client.HTTPSConnection, req,
  File "/Library/Developer/CommandLineTools/Library/Frameworks/Python3.framework/Versions/3.9/lib/python3.9/urllib/request.py", line 1349, in do_open
    raise URLError(err)
urllib.error.URLError: <urlopen error [Errno 8] nodename nor servname provided, or not known>
Fri Apr 10 05:35:25 PDT 2026: FAILED on attempt 1 (exit code 1)
Fri Apr 10 05:35:25 PDT 2026: Retrying in 300s...
Fri Apr 10 07:05:36 PDT 2026: Attempt 2 of 3 — running /Users/latentforge/Projects/latentforge-latentmas/experiments/benchmark/calibration_tracker.py
LatentForge Live Calibration Tracker v1.1
Date: 2026-04-10

Checking 27 tracked markets for resolution...
  No new resolutions today.

Fetching markets closing within 90 days...
Found 21 qualifying markets

=== CALIBRATION SUMMARY ===
Total markets tracked: 27
New predictions today: 0
Newly resolved: 0

--- PRIMARY TRACK (policy/macro/geopolitics/elections) ---
  No resolved policy markets yet.

--- FULL TRACK (all categories, for transparency) ---
  Resolved markets scored: 3
  Swarm avg Brier:  0.0185
  Crowd avg Brier:  0.0042
  Naive avg Brier:  0.25
  Swarm vs naive:   92.6%
  Swarm vs crowd:   -340.5%
  Brier Skill Score:-3.4048  (0=crowd-level, 1=perfect, negative=worse than crowd)

Logs: /Users/latentforge/Projects/latentforge-latentmas/experiments/benchmark/calibration
Fri Apr 10 07:05:40 PDT 2026: SUCCESS on attempt 2
Sat Apr 11 05:43:26 PDT 2026: Attempt 1 of 3 — running /Users/latentforge/Projects/latentforge-latentmas/experiments/benchmark/calibration_tracker.py
LatentForge Live Calibration Tracker v1.1
Date: 2026-04-11

Checking 27 tracked markets for resolution...
  No new resolutions today.

Fetching markets closing within 90 days...
Found 21 qualifying markets
  [79d] Will the Ottawa Senators win the 2026 NHL Stanley Cup?
    Agent error: The read operation timed out
    swarm=0.1 crowd=0.051

=== CALIBRATION SUMMARY ===
Total markets tracked: 28
New predictions today: 1
Newly resolved: 0

--- PRIMARY TRACK (policy/macro/geopolitics/elections) ---
  No resolved policy markets yet.

--- FULL TRACK (all categories, for transparency) ---
  Resolved markets scored: 3
  Swarm avg Brier:  0.0185
  Crowd avg Brier:  0.0042
  Naive avg Brier:  0.25
  Swarm vs naive:   92.6%
  Swarm vs crowd:   -340.5%
  Brier Skill Score:-3.4048  (0=crowd-level, 1=perfect, negative=worse than crowd)

Logs: /Users/latentforge/Projects/latentforge-latentmas/experiments/benchmark/calibration
Sat Apr 11 06:52:37 PDT 2026: SUCCESS on attempt 1
Sun Apr 12 05:44:40 PDT 2026: Attempt 1 of 3 — running /Users/latentforge/Projects/latentforge-latentmas/experiments/benchmark/calibration_tracker.py
LatentForge Live Calibration Tracker v1.1
Date: 2026-04-12

Checking 28 tracked markets for resolution...
  RESOLVED [0] Will the Ottawa Senators win the 2026 NHL Stanley Cup?
    swarm=0.1 crowd=0.051 swarm_brier=0.01

Fetching markets closing within 90 days...
Found 19 qualifying markets
  [78d] Will the Buffalo Sabres win the 2026 NHL Stanley Cup?
    swarm=0.117 crowd=0.056
  [79d] Will the Detroit Pistons win the 2026 NBA Finals?
    swarm=0.037 crowd=0.063

=== CALIBRATION SUMMARY ===
Total markets tracked: 30
New predictions today: 2
Newly resolved: 1

--- PRIMARY TRACK (policy/macro/geopolitics/elections) ---
  Resolved markets scored: 1
  Swarm avg Brier:  0.01
  Crowd avg Brier:  0.0026
  Naive avg Brier:  0.25
  Swarm vs naive:   96.0%
  Swarm vs crowd:   -284.6%
  Brier Skill Score:-2.8462  (0=crowd-level, 1=perfect, negative=worse than crowd)
  Swarm entropy:    0.469  (higher = more uncertain)
  Swarm dispersion: 0.0pts  (range of swarm predictions)
  Crowd dispersion: 0.0pts  (range of crowd predictions)
  Avg divergence:   4.9pts  (avg |swarm - crowd| on resolved markets)

--- FULL TRACK (all categories, for transparency) ---
  Resolved markets scored: 4
  Swarm avg Brier:  0.0164
  Crowd avg Brier:  0.0038
  Naive avg Brier:  0.25
  Swarm vs naive:   93.4%
  Swarm vs crowd:   -331.6%
  Brier Skill Score:-3.3158  (0=crowd-level, 1=perfect, negative=worse than crowd)
  Swarm entropy:    0.5418  (higher = more uncertain)
  Swarm dispersion: 5.0pts  (range of swarm predictions)
  Crowd dispersion: 3.3pts  (range of crowd predictions)
  Avg divergence:   6.6pts  (avg |swarm - crowd| on resolved markets)

Logs: /Users/latentforge/Projects/latentforge-latentmas/experiments/benchmark/calibration
Sun Apr 12 05:44:52 PDT 2026: SUCCESS on attempt 1
Mon Apr 13 05:30:03 PDT 2026: Attempt 1 of 3 — running /Users/latentforge/Projects/latentforge-latentmas/experiments/benchmark/calibration_tracker.py
LatentForge Live Calibration Tracker v1.1
Date: 2026-04-13

Checking 30 tracked markets for resolution...
  No new resolutions today.

Fetching markets closing within 90 days...
Found 21 qualifying markets

=== CALIBRATION SUMMARY ===
Total markets tracked: 30
New predictions today: 0
Newly resolved: 0

--- PRIMARY TRACK (policy/macro/geopolitics/elections) ---
  Resolved markets scored: 1
  Swarm avg Brier:  0.01
  Crowd avg Brier:  0.0026
  Naive avg Brier:  0.25
  Swarm vs naive:   96.0%
  Swarm vs crowd:   -284.6%
  Brier Skill Score:-2.8462  (0=crowd-level, 1=perfect, negative=worse than crowd)
  Swarm entropy:    0.469  (higher = more uncertain)
  Swarm dispersion: 0.0pts  (range of swarm predictions)
  Crowd dispersion: 0.0pts  (range of crowd predictions)
  Avg divergence:   4.9pts  (avg |swarm - crowd| on resolved markets)

--- FULL TRACK (all categories, for transparency) ---
  Resolved markets scored: 4
  Swarm avg Brier:  0.0164
  Crowd avg Brier:  0.0038
  Naive avg Brier:  0.25
  Swarm vs naive:   93.4%
  Swarm vs crowd:   -331.6%
  Brier Skill Score:-3.3158  (0=crowd-level, 1=perfect, negative=worse than crowd)
  Swarm entropy:    0.5418  (higher = more uncertain)
  Swarm dispersion: 5.0pts  (range of swarm predictions)
  Crowd dispersion: 3.3pts  (range of crowd predictions)
  Avg divergence:   6.6pts  (avg |swarm - crowd| on resolved markets)

Logs: /Users/latentforge/Projects/latentforge-latentmas/experiments/benchmark/calibration
Mon Apr 13 05:30:06 PDT 2026: SUCCESS on attempt 1
Tue Apr 14 05:34:44 PDT 2026: Attempt 1 of 3 — running /Users/latentforge/Projects/latentforge-latentmas/experiments/benchmark/calibration_tracker.py
LatentForge Live Calibration Tracker v1.1
Date: 2026-04-14

Checking 30 tracked markets for resolution...
  No new resolutions today.

Fetching markets closing within 90 days...
Found 19 qualifying markets

=== CALIBRATION SUMMARY ===
Total markets tracked: 30
New predictions today: 0
Newly resolved: 0

--- PRIMARY TRACK (policy/macro/geopolitics/elections) ---
  Resolved markets scored: 1
  Swarm avg Brier:  0.01
  Crowd avg Brier:  0.0026
  Naive avg Brier:  0.25
  Swarm vs naive:   96.0%
  Swarm vs crowd:   -284.6%
  Brier Skill Score:-2.8462  (0=crowd-level, 1=perfect, negative=worse than crowd)
  Swarm entropy:    0.469  (higher = more uncertain)
  Swarm dispersion: 0.0pts  (range of swarm predictions)
  Crowd dispersion: 0.0pts  (range of crowd predictions)
  Avg divergence:   4.9pts  (avg |swarm - crowd| on resolved markets)

--- FULL TRACK (all categories, for transparency) ---
  Resolved markets scored: 4
  Swarm avg Brier:  0.0164
  Crowd avg Brier:  0.0038
  Naive avg Brier:  0.25
  Swarm vs naive:   93.4%
  Swarm vs crowd:   -331.6%
  Brier Skill Score:-3.3158  (0=crowd-level, 1=perfect, negative=worse than crowd)
  Swarm entropy:    0.5418  (higher = more uncertain)
  Swarm dispersion: 5.0pts  (range of swarm predictions)
  Crowd dispersion: 3.3pts  (range of crowd predictions)
  Avg divergence:   6.6pts  (avg |swarm - crowd| on resolved markets)

Logs: /Users/latentforge/Projects/latentforge-latentmas/experiments/benchmark/calibration
Tue Apr 14 05:34:48 PDT 2026: SUCCESS on attempt 1
Wed Apr 15 05:41:25 PDT 2026: Attempt 1 of 3 — running /Users/latentforge/Projects/latentforge-latentmas/experiments/benchmark/calibration_tracker.py
LatentForge Live Calibration Tracker v1.1
Date: 2026-04-15

Checking 30 tracked markets for resolution...
  No new resolutions today.

Fetching markets closing within 90 days...
Found 22 qualifying markets

=== CALIBRATION SUMMARY ===
Total markets tracked: 30
New predictions today: 0
Newly resolved: 0

--- PRIMARY TRACK (policy/macro/geopolitics/elections) ---
  Resolved markets scored: 1
  Swarm avg Brier:  0.01
  Crowd avg Brier:  0.0026
  Naive avg Brier:  0.25
  Swarm vs naive:   96.0%
  Swarm vs crowd:   -284.6%
  Brier Skill Score:-2.8462  (0=crowd-level, 1=perfect, negative=worse than crowd)
  Swarm entropy:    0.469  (higher = more uncertain)
  Swarm dispersion: 0.0pts  (range of swarm predictions)
  Crowd dispersion: 0.0pts  (range of crowd predictions)
  Avg divergence:   4.9pts  (avg |swarm - crowd| on resolved markets)

--- FULL TRACK (all categories, for transparency) ---
  Resolved markets scored: 4
  Swarm avg Brier:  0.0164
  Crowd avg Brier:  0.0038
  Naive avg Brier:  0.25
  Swarm vs naive:   93.4%
  Swarm vs crowd:   -331.6%
  Brier Skill Score:-3.3158  (0=crowd-level, 1=perfect, negative=worse than crowd)
  Swarm entropy:    0.5418  (higher = more uncertain)
  Swarm dispersion: 5.0pts  (range of swarm predictions)
  Crowd dispersion: 3.3pts  (range of crowd predictions)
  Avg divergence:   6.6pts  (avg |swarm - crowd| on resolved markets)

Logs: /Users/latentforge/Projects/latentforge-latentmas/experiments/benchmark/calibration
Wed Apr 15 05:41:29 PDT 2026: SUCCESS on attempt 1
Thu Apr 16 05:36:37 PDT 2026: Attempt 1 of 3 — running /Users/latentforge/Projects/latentforge-latentmas/experiments/benchmark/calibration_tracker.py
LatentForge Live Calibration Tracker v1.1
Date: 2026-04-16

Checking 30 tracked markets for resolution...
  No new resolutions today.

Fetching markets closing within 90 days...
Found 21 qualifying markets

=== CALIBRATION SUMMARY ===
Total markets tracked: 30
New predictions today: 0
Newly resolved: 0

--- PRIMARY TRACK (policy/macro/geopolitics/elections) ---
  Resolved markets scored: 1
  Swarm avg Brier:  0.01
  Crowd avg Brier:  0.0026
  Naive avg Brier:  0.25
  Swarm vs naive:   96.0%
  Swarm vs crowd:   -284.6%
  Brier Skill Score:-2.8462  (0=crowd-level, 1=perfect, negative=worse than crowd)
  Swarm entropy:    0.469  (higher = more uncertain)
  Swarm dispersion: 0.0pts  (range of swarm predictions)
  Crowd dispersion: 0.0pts  (range of crowd predictions)
  Avg divergence:   4.9pts  (avg |swarm - crowd| on resolved markets)

--- FULL TRACK (all categories, for transparency) ---
  Resolved markets scored: 4
  Swarm avg Brier:  0.0164
  Crowd avg Brier:  0.0038
  Naive avg Brier:  0.25
  Swarm vs naive:   93.4%
  Swarm vs crowd:   -331.6%
  Brier Skill Score:-3.3158  (0=crowd-level, 1=perfect, negative=worse than crowd)
  Swarm entropy:    0.5418  (higher = more uncertain)
  Swarm dispersion: 5.0pts  (range of swarm predictions)
  Crowd dispersion: 3.3pts  (range of crowd predictions)
  Avg divergence:   6.6pts  (avg |swarm - crowd| on resolved markets)

Logs: /Users/latentforge/Projects/latentforge-latentmas/experiments/benchmark/calibration
Thu Apr 16 05:36:40 PDT 2026: SUCCESS on attempt 1
Fri Apr 17 05:37:22 PDT 2026: Attempt 1 of 3 — running /Users/latentforge/Projects/latentforge-latentmas/experiments/benchmark/calibration_tracker.py
LatentForge Live Calibration Tracker v1.1
Date: 2026-04-17

Checking 30 tracked markets for resolution...
  RESOLVED [0] Will Harvey Weinstein be sentenced to between 5 and 10 years
    swarm=0.217 crowd=0.077 swarm_brier=0.0471
  RESOLVED [0] Will the Buffalo Sabres win the 2026 NHL Stanley Cup?
    swarm=0.117 crowd=0.056 swarm_brier=0.0137
  RESOLVED [0] Will the Detroit Pistons win the 2026 NBA Finals?
    swarm=0.037 crowd=0.063 swarm_brier=0.0014

Fetching markets closing within 90 days...
Found 18 qualifying markets

=== CALIBRATION SUMMARY ===
Total markets tracked: 30
New predictions today: 0
Newly resolved: 3

--- PRIMARY TRACK (policy/macro/geopolitics/elections) ---
  Resolved markets scored: 1
  Swarm avg Brier:  0.01
  Crowd avg Brier:  0.0026
  Naive avg Brier:  0.25
  Swarm vs naive:   96.0%
  Swarm vs crowd:   -284.6%
  Brier Skill Score:-2.8462  (0=crowd-level, 1=perfect, negative=worse than crowd)
  Swarm entropy:    0.469  (higher = more uncertain)
  Swarm dispersion: 0.0pts  (range of swarm predictions)
  Crowd dispersion: 0.0pts  (range of crowd predictions)
  Avg divergence:   4.9pts  (avg |swarm - crowd| on resolved markets)

--- FULL TRACK (all categories, for transparency) ---
  Resolved markets scored: 7
  Swarm avg Brier:  0.0183
  Crowd avg Brier:  0.004
  Naive avg Brier:  0.25
  Swarm vs naive:   92.7%
  Swarm vs crowd:   -357.5%
  Brier Skill Score:-3.575  (0=crowd-level, 1=perfect, negative=worse than crowd)
  Swarm entropy:    0.5244  (higher = more uncertain)
  Swarm dispersion: 18.0pts  (range of swarm predictions)
  Crowd dispersion: 3.3pts  (range of crowd predictions)
  Avg divergence:   7.0pts  (avg |swarm - crowd| on resolved markets)

Logs: /Users/latentforge/Projects/latentforge-latentmas/experiments/benchmark/calibration
Fri Apr 17 05:37:26 PDT 2026: SUCCESS on attempt 1
Sat Apr 18 05:41:52 PDT 2026: Attempt 1 of 3 — running /Users/latentforge/Projects/latentforge-latentmas/experiments/benchmark/calibration_tracker.py
LatentForge Live Calibration Tracker v1.1
Date: 2026-04-18

Checking 30 tracked markets for resolution...
  No new resolutions today.

Fetching markets closing within 90 days...
Found 20 qualifying markets

=== CALIBRATION SUMMARY ===
Total markets tracked: 30
New predictions today: 0
Newly resolved: 0

--- PRIMARY TRACK (policy/macro/geopolitics/elections) ---
  Resolved markets scored: 1
  Swarm avg Brier:  0.01
  Crowd avg Brier:  0.0026
  Naive avg Brier:  0.25
  Swarm vs naive:   96.0%
  Swarm vs crowd:   -284.6%
  Brier Skill Score:-2.8462  (0=crowd-level, 1=perfect, negative=worse than crowd)
  Swarm entropy:    0.469  (higher = more uncertain)
  Swarm dispersion: 0.0pts  (range of swarm predictions)
  Crowd dispersion: 0.0pts  (range of crowd predictions)
  Avg divergence:   4.9pts  (avg |swarm - crowd| on resolved markets)

--- FULL TRACK (all categories, for transparency) ---
  Resolved markets scored: 7
  Swarm avg Brier:  0.0183
  Crowd avg Brier:  0.004
  Naive avg Brier:  0.25
  Swarm vs naive:   92.7%
  Swarm vs crowd:   -357.5%
  Brier Skill Score:-3.575  (0=crowd-level, 1=perfect, negative=worse than crowd)
  Swarm entropy:    0.5244  (higher = more uncertain)
  Swarm dispersion: 18.0pts  (range of swarm predictions)
  Crowd dispersion: 3.3pts  (range of crowd predictions)
  Avg divergence:   7.0pts  (avg |swarm - crowd| on resolved markets)

Logs: /Users/latentforge/Projects/latentforge-latentmas/experiments/benchmark/calibration
Sat Apr 18 05:41:55 PDT 2026: SUCCESS on attempt 1
Sun Apr 19 05:44:35 PDT 2026: Attempt 1 of 3 — running /Users/latentforge/Projects/latentforge-latentmas/experiments/benchmark/calibration_tracker.py
LatentForge Live Calibration Tracker v1.1
Date: 2026-04-19

Checking 30 tracked markets for resolution...
  No new resolutions today.

Fetching markets closing within 90 days...
Found 20 qualifying markets

=== CALIBRATION SUMMARY ===
Total markets tracked: 30
New predictions today: 0
Newly resolved: 0

--- PRIMARY TRACK (policy/macro/geopolitics/elections) ---
  Resolved markets scored: 1
  Swarm avg Brier:  0.01
  Crowd avg Brier:  0.0026
  Naive avg Brier:  0.25
  Swarm vs naive:   96.0%
  Swarm vs crowd:   -284.6%
  Brier Skill Score:-2.8462  (0=crowd-level, 1=perfect, negative=worse than crowd)
  Swarm entropy:    0.469  (higher = more uncertain)
  Swarm dispersion: 0.0pts  (range of swarm predictions)
  Crowd dispersion: 0.0pts  (range of crowd predictions)
  Avg divergence:   4.9pts  (avg |swarm - crowd| on resolved markets)

--- FULL TRACK (all categories, for transparency) ---
  Resolved markets scored: 8
  Swarm avg Brier:  0.0173
  Crowd avg Brier:  0.0044
  Naive avg Brier:  0.25
  Swarm vs naive:   93.1%
  Swarm vs crowd:   -293.2%
  Brier Skill Score:-2.9318  (0=crowd-level, 1=perfect, negative=worse than crowd)
  Swarm entropy:    0.5187  (higher = more uncertain)
  Swarm dispersion: 18.0pts  (range of swarm predictions)
  Crowd dispersion: 3.3pts  (range of crowd predictions)
  Avg divergence:   6.4pts  (avg |swarm - crowd| on resolved markets)

Logs: /Users/latentforge/Projects/latentforge-latentmas/experiments/benchmark/calibration
Sun Apr 19 05:44:38 PDT 2026: SUCCESS on attempt 1
Mon Apr 20 05:42:19 PDT 2026: Attempt 1 of 3 — running /Users/latentforge/Projects/latentforge-latentmas/experiments/benchmark/calibration_tracker.py
LatentForge Live Calibration Tracker v1.1
Date: 2026-04-20

Checking 30 tracked markets for resolution...
  RESOLVED [0] Will Harvey Weinstein be sentenced to more than 30 years in 
    swarm=0.183 crowd=0.07 swarm_brier=0.0335

Fetching markets closing within 90 days...
Found 26 qualifying markets
  [90d] Will Spain win the 2026 FIFA World Cup?
    Agent error: The read operation timed out
    swarm=0.15 crowd=0.16

=== CALIBRATION SUMMARY ===
Total markets tracked: 31
New predictions today: 1
Newly resolved: 1

--- PRIMARY TRACK (policy/macro/geopolitics/elections) ---
  Resolved markets scored: 1
  Swarm avg Brier:  0.01
  Crowd avg Brier:  0.0026
  Naive avg Brier:  0.25
  Swarm vs naive:   96.0%
  Swarm vs crowd:   -284.6%
  Brier Skill Score:-2.8462  (0=crowd-level, 1=perfect, negative=worse than crowd)
  Swarm entropy:    0.469  (higher = more uncertain)
  Swarm dispersion: 0.0pts  (range of swarm predictions)
  Crowd dispersion: 0.0pts  (range of crowd predictions)
  Avg divergence:   4.9pts  (avg |swarm - crowd| on resolved markets)

--- FULL TRACK (all categories, for transparency) ---
  Resolved markets scored: 9
  Swarm avg Brier:  0.0191
  Crowd avg Brier:  0.0045
  Naive avg Brier:  0.25
  Swarm vs naive:   92.4%
  Swarm vs crowd:   -324.4%
  Brier Skill Score:-3.2444  (0=crowd-level, 1=perfect, negative=worse than crowd)
  Swarm entropy:    0.5373  (higher = more uncertain)
  Swarm dispersion: 18.0pts  (range of swarm predictions)
  Crowd dispersion: 3.3pts  (range of crowd predictions)
  Avg divergence:   6.9pts  (avg |swarm - crowd| on resolved markets)

Logs: /Users/latentforge/Projects/latentforge-latentmas/experiments/benchmark/calibration
Mon Apr 20 05:57:45 PDT 2026: SUCCESS on attempt 1
Tue Apr 21 05:35:02 PDT 2026: Attempt 1 of 3 — running /Users/latentforge/Projects/latentforge-latentmas/experiments/benchmark/calibration_tracker.py
LatentForge Live Calibration Tracker v1.1
Date: 2026-04-21

Checking 31 tracked markets for resolution...
  No new resolutions today.

Fetching markets closing within 90 days...
Found 26 qualifying markets

=== CALIBRATION SUMMARY ===
Total markets tracked: 31
New predictions today: 0
Newly resolved: 0

--- PRIMARY TRACK (policy/macro/geopolitics/elections) ---
  Resolved markets scored: 1
  Swarm avg Brier:  0.01
  Crowd avg Brier:  0.0026
  Naive avg Brier:  0.25
  Swarm vs naive:   96.0%
  Swarm vs crowd:   -284.6%
  Brier Skill Score:-2.8462  (0=crowd-level, 1=perfect, negative=worse than crowd)
  Swarm entropy:    0.469  (higher = more uncertain)
  Swarm dispersion: 0.0pts  (range of swarm predictions)
  Crowd dispersion: 0.0pts  (range of crowd predictions)
  Avg divergence:   4.9pts  (avg |swarm - crowd| on resolved markets)

--- FULL TRACK (all categories, for transparency) ---
  Resolved markets scored: 9
  Swarm avg Brier:  0.0191
  Crowd avg Brier:  0.0045
  Naive avg Brier:  0.25
  Swarm vs naive:   92.4%
  Swarm vs crowd:   -324.4%
  Brier Skill Score:-3.2444  (0=crowd-level, 1=perfect, negative=worse than crowd)
  Swarm entropy:    0.5373  (higher = more uncertain)
  Swarm dispersion: 18.0pts  (range of swarm predictions)
  Crowd dispersion: 3.3pts  (range of crowd predictions)
  Avg divergence:   6.9pts  (avg |swarm - crowd| on resolved markets)

Logs: /Users/latentforge/Projects/latentforge-latentmas/experiments/benchmark/calibration
Tue Apr 21 05:35:04 PDT 2026: SUCCESS on attempt 1
Wed Apr 22 05:42:27 PDT 2026: Attempt 1 of 3 — running /Users/latentforge/Projects/latentforge-latentmas/experiments/benchmark/calibration_tracker.py
LatentForge Live Calibration Tracker v1.1
Date: 2026-04-22

Checking 31 tracked markets for resolution...
  No new resolutions today.

Fetching markets closing within 90 days...
Traceback (most recent call last):
  File "/Library/Developer/CommandLineTools/Library/Frameworks/Python3.framework/Versions/3.9/lib/python3.9/urllib/request.py", line 1346, in do_open
    h.request(req.get_method(), req.selector, req.data, headers,
  File "/Library/Developer/CommandLineTools/Library/Frameworks/Python3.framework/Versions/3.9/lib/python3.9/http/client.py", line 1257, in request
    self._send_request(method, url, body, headers, encode_chunked)
  File "/Library/Developer/CommandLineTools/Library/Frameworks/Python3.framework/Versions/3.9/lib/python3.9/http/client.py", line 1303, in _send_request
    self.endheaders(body, encode_chunked=encode_chunked)
  File "/Library/Developer/CommandLineTools/Library/Frameworks/Python3.framework/Versions/3.9/lib/python3.9/http/client.py", line 1252, in endheaders
    self._send_output(message_body, encode_chunked=encode_chunked)
  File "/Library/Developer/CommandLineTools/Library/Frameworks/Python3.framework/Versions/3.9/lib/python3.9/http/client.py", line 1012, in _send_output
    self.send(msg)
  File "/Library/Developer/CommandLineTools/Library/Frameworks/Python3.framework/Versions/3.9/lib/python3.9/http/client.py", line 952, in send
    self.connect()
  File "/Library/Developer/CommandLineTools/Library/Frameworks/Python3.framework/Versions/3.9/lib/python3.9/http/client.py", line 1419, in connect
    super().connect()
  File "/Library/Developer/CommandLineTools/Library/Frameworks/Python3.framework/Versions/3.9/lib/python3.9/http/client.py", line 923, in connect
    self.sock = self._create_connection(
  File "/Library/Developer/CommandLineTools/Library/Frameworks/Python3.framework/Versions/3.9/lib/python3.9/socket.py", line 822, in create_connection
    for res in getaddrinfo(host, port, 0, SOCK_STREAM):
  File "/Library/Developer/CommandLineTools/Library/Frameworks/Python3.framework/Versions/3.9/lib/python3.9/socket.py", line 953, in getaddrinfo
    for res in _socket.getaddrinfo(host, port, family, type, proto, flags):
socket.gaierror: [Errno 8] nodename nor servname provided, or not known

During handling of the above exception, another exception occurred:

Traceback (most recent call last):
  File "/Users/latentforge/Projects/latentforge-latentmas/experiments/benchmark/calibration_tracker.py", line 304, in <module>
    run()
  File "/Users/latentforge/Projects/latentforge-latentmas/experiments/benchmark/calibration_tracker.py", line 220, in run
    markets = fetch_near_term_markets(days=90, limit=200)
  File "/Users/latentforge/Projects/latentforge-latentmas/experiments/benchmark/calibration_tracker.py", line 53, in fetch_near_term_markets
    with urllib.request.urlopen(req, timeout=15) as r:
  File "/Library/Developer/CommandLineTools/Library/Frameworks/Python3.framework/Versions/3.9/lib/python3.9/urllib/request.py", line 214, in urlopen
    return opener.open(url, data, timeout)
  File "/Library/Developer/CommandLineTools/Library/Frameworks/Python3.framework/Versions/3.9/lib/python3.9/urllib/request.py", line 517, in open
    response = self._open(req, data)
  File "/Library/Developer/CommandLineTools/Library/Frameworks/Python3.framework/Versions/3.9/lib/python3.9/urllib/request.py", line 534, in _open
    result = self._call_chain(self.handle_open, protocol, protocol +
  File "/Library/Developer/CommandLineTools/Library/Frameworks/Python3.framework/Versions/3.9/lib/python3.9/urllib/request.py", line 494, in _call_chain
    result = func(*args)
  File "/Library/Developer/CommandLineTools/Library/Frameworks/Python3.framework/Versions/3.9/lib/python3.9/urllib/request.py", line 1389, in https_open
    return self.do_open(http.client.HTTPSConnection, req,
  File "/Library/Developer/CommandLineTools/Library/Frameworks/Python3.framework/Versions/3.9/lib/python3.9/urllib/request.py", line 1349, in do_open
    raise URLError(err)
urllib.error.URLError: <urlopen error [Errno 8] nodename nor servname provided, or not known>
Wed Apr 22 05:42:27 PDT 2026: FAILED on attempt 1 (exit code 1)
Wed Apr 22 05:42:27 PDT 2026: Retrying in 300s...
Wed Apr 22 13:40:07 PDT 2026: Attempt 2 of 3 — running /Users/latentforge/Projects/latentforge-latentmas/experiments/benchmark/calibration_tracker.py
LatentForge Live Calibration Tracker v1.1
Date: 2026-04-22

Checking 31 tracked markets for resolution...
  No new resolutions today.

Fetching markets closing within 90 days...
Found 27 qualifying markets
  [69d] Will the Cleveland Cavaliers win the 2026 NBA Finals?
    Agent error: The read operation timed out
    swarm=0.15 crowd=0.052

=== CALIBRATION SUMMARY ===
Total markets tracked: 32
New predictions today: 1
Newly resolved: 0

--- PRIMARY TRACK (policy/macro/geopolitics/elections) ---
  Resolved markets scored: 1
  Swarm avg Brier:  0.01
  Crowd avg Brier:  0.0026
  Naive avg Brier:  0.25
  Swarm vs naive:   96.0%
  Swarm vs crowd:   -284.6%
  Brier Skill Score:-2.8462  (0=crowd-level, 1=perfect, negative=worse than crowd)
  Swarm entropy:    0.469  (higher = more uncertain)
  Swarm dispersion: 0.0pts  (range of swarm predictions)
  Crowd dispersion: 0.0pts  (range of crowd predictions)
  Avg divergence:   4.9pts  (avg |swarm - crowd| on resolved markets)

--- FULL TRACK (all categories, for transparency) ---
  Resolved markets scored: 9
  Swarm avg Brier:  0.0191
  Crowd avg Brier:  0.0045
  Naive avg Brier:  0.25
  Swarm vs naive:   92.4%
  Swarm vs crowd:   -324.4%
  Brier Skill Score:-3.2444  (0=crowd-level, 1=perfect, negative=worse than crowd)
  Swarm entropy:    0.5373  (higher = more uncertain)
  Swarm dispersion: 18.0pts  (range of swarm predictions)
  Crowd dispersion: 3.3pts  (range of crowd predictions)
  Avg divergence:   6.9pts  (avg |swarm - crowd| on resolved markets)

Logs: /Users/latentforge/Projects/latentforge-latentmas/experiments/benchmark/calibration
Wed Apr 22 15:03:39 PDT 2026: SUCCESS on attempt 2
Thu Apr 23 05:33:00 PDT 2026: Attempt 1 of 3 — running /Users/latentforge/Projects/latentforge-latentmas/experiments/benchmark/calibration_tracker.py
LatentForge Live Calibration Tracker v1.1
Date: 2026-04-23

Checking 32 tracked markets for resolution...
  RESOLVED [0] Will the Cleveland Cavaliers win the 2026 NBA Finals?
    swarm=0.15 crowd=0.052 swarm_brier=0.0225

Fetching markets closing within 90 days...
Found 26 qualifying markets

=== CALIBRATION SUMMARY ===
Total markets tracked: 32
New predictions today: 0
Newly resolved: 1

--- PRIMARY TRACK (policy/macro/geopolitics/elections) ---
  Resolved markets scored: 1
  Swarm avg Brier:  0.01
  Crowd avg Brier:  0.0026
  Naive avg Brier:  0.25
  Swarm vs naive:   96.0%
  Swarm vs crowd:   -284.6%
  Brier Skill Score:-2.8462  (0=crowd-level, 1=perfect, negative=worse than crowd)
  Swarm entropy:    0.469  (higher = more uncertain)
  Swarm dispersion: 0.0pts  (range of swarm predictions)
  Crowd dispersion: 0.0pts  (range of crowd predictions)
  Avg divergence:   4.9pts  (avg |swarm - crowd| on resolved markets)

--- FULL TRACK (all categories, for transparency) ---
  Resolved markets scored: 10
  Swarm avg Brier:  0.0194
  Crowd avg Brier:  0.0043
  Naive avg Brier:  0.25
  Swarm vs naive:   92.2%
  Swarm vs crowd:   -351.2%
  Brier Skill Score:-3.5116  (0=crowd-level, 1=perfect, negative=worse than crowd)
  Swarm entropy:    0.5446  (higher = more uncertain)
  Swarm dispersion: 18.0pts  (range of swarm predictions)
  Crowd dispersion: 3.3pts  (range of crowd predictions)
  Avg divergence:   7.2pts  (avg |swarm - crowd| on resolved markets)

Logs: /Users/latentforge/Projects/latentforge-latentmas/experiments/benchmark/calibration
Thu Apr 23 05:33:03 PDT 2026: SUCCESS on attempt 1
Fri Apr 24 05:31:17 PDT 2026: Attempt 1 of 3 — running /Users/latentforge/Projects/latentforge-latentmas/experiments/benchmark/calibration_tracker.py
LatentForge Live Calibration Tracker v1.1
Date: 2026-04-24

Checking 32 tracked markets for resolution...
  No new resolutions today.

Fetching markets closing within 90 days...
Found 26 qualifying markets

=== CALIBRATION SUMMARY ===
Total markets tracked: 32
New predictions today: 0
Newly resolved: 0

--- PRIMARY TRACK (policy/macro/geopolitics/elections) ---
  Resolved markets scored: 1
  Swarm avg Brier:  0.01
  Crowd avg Brier:  0.0026
  Naive avg Brier:  0.25
  Swarm vs naive:   96.0%
  Swarm vs crowd:   -284.6%
  Brier Skill Score:-2.8462  (0=crowd-level, 1=perfect, negative=worse than crowd)
  Swarm entropy:    0.469  (higher = more uncertain)
  Swarm dispersion: 0.0pts  (range of swarm predictions)
  Crowd dispersion: 0.0pts  (range of crowd predictions)
  Avg divergence:   4.9pts  (avg |swarm - crowd| on resolved markets)

--- FULL TRACK (all categories, for transparency) ---
  Resolved markets scored: 10
  Swarm avg Brier:  0.0194
  Crowd avg Brier:  0.0043
  Naive avg Brier:  0.25
  Swarm vs naive:   92.2%
  Swarm vs crowd:   -351.2%
  Brier Skill Score:-3.5116  (0=crowd-level, 1=perfect, negative=worse than crowd)
  Swarm entropy:    0.5446  (higher = more uncertain)
  Swarm dispersion: 18.0pts  (range of swarm predictions)
  Crowd dispersion: 3.3pts  (range of crowd predictions)
  Avg divergence:   7.2pts  (avg |swarm - crowd| on resolved markets)

Logs: /Users/latentforge/Projects/latentforge-latentmas/experiments/benchmark/calibration
Fri Apr 24 05:31:20 PDT 2026: SUCCESS on attempt 1
Sat Apr 25 05:40:09 PDT 2026: Attempt 1 of 3 — running /Users/latentforge/Projects/latentforge-latentmas/experiments/benchmark/calibration_tracker.py
LatentForge Live Calibration Tracker v1.1
Date: 2026-04-25

Checking 32 tracked markets for resolution...
  No new resolutions today.

Fetching markets closing within 90 days...
Traceback (most recent call last):
  File "/Library/Developer/CommandLineTools/Library/Frameworks/Python3.framework/Versions/3.9/lib/python3.9/urllib/request.py", line 1346, in do_open
    h.request(req.get_method(), req.selector, req.data, headers,
  File "/Library/Developer/CommandLineTools/Library/Frameworks/Python3.framework/Versions/3.9/lib/python3.9/http/client.py", line 1257, in request
    self._send_request(method, url, body, headers, encode_chunked)
  File "/Library/Developer/CommandLineTools/Library/Frameworks/Python3.framework/Versions/3.9/lib/python3.9/http/client.py", line 1303, in _send_request
    self.endheaders(body, encode_chunked=encode_chunked)
  File "/Library/Developer/CommandLineTools/Library/Frameworks/Python3.framework/Versions/3.9/lib/python3.9/http/client.py", line 1252, in endheaders
    self._send_output(message_body, encode_chunked=encode_chunked)
  File "/Library/Developer/CommandLineTools/Library/Frameworks/Python3.framework/Versions/3.9/lib/python3.9/http/client.py", line 1012, in _send_output
    self.send(msg)
  File "/Library/Developer/CommandLineTools/Library/Frameworks/Python3.framework/Versions/3.9/lib/python3.9/http/client.py", line 952, in send
    self.connect()
  File "/Library/Developer/CommandLineTools/Library/Frameworks/Python3.framework/Versions/3.9/lib/python3.9/http/client.py", line 1419, in connect
    super().connect()
  File "/Library/Developer/CommandLineTools/Library/Frameworks/Python3.framework/Versions/3.9/lib/python3.9/http/client.py", line 923, in connect
    self.sock = self._create_connection(
  File "/Library/Developer/CommandLineTools/Library/Frameworks/Python3.framework/Versions/3.9/lib/python3.9/socket.py", line 822, in create_connection
    for res in getaddrinfo(host, port, 0, SOCK_STREAM):
  File "/Library/Developer/CommandLineTools/Library/Frameworks/Python3.framework/Versions/3.9/lib/python3.9/socket.py", line 953, in getaddrinfo
    for res in _socket.getaddrinfo(host, port, family, type, proto, flags):
socket.gaierror: [Errno 8] nodename nor servname provided, or not known

During handling of the above exception, another exception occurred:

Traceback (most recent call last):
  File "/Users/latentforge/Projects/latentforge-latentmas/experiments/benchmark/calibration_tracker.py", line 304, in <module>
    run()
  File "/Users/latentforge/Projects/latentforge-latentmas/experiments/benchmark/calibration_tracker.py", line 220, in run
    markets = fetch_near_term_markets(days=90, limit=200)
  File "/Users/latentforge/Projects/latentforge-latentmas/experiments/benchmark/calibration_tracker.py", line 53, in fetch_near_term_markets
    with urllib.request.urlopen(req, timeout=15) as r:
  File "/Library/Developer/CommandLineTools/Library/Frameworks/Python3.framework/Versions/3.9/lib/python3.9/urllib/request.py", line 214, in urlopen
    return opener.open(url, data, timeout)
  File "/Library/Developer/CommandLineTools/Library/Frameworks/Python3.framework/Versions/3.9/lib/python3.9/urllib/request.py", line 517, in open
    response = self._open(req, data)
  File "/Library/Developer/CommandLineTools/Library/Frameworks/Python3.framework/Versions/3.9/lib/python3.9/urllib/request.py", line 534, in _open
    result = self._call_chain(self.handle_open, protocol, protocol +
  File "/Library/Developer/CommandLineTools/Library/Frameworks/Python3.framework/Versions/3.9/lib/python3.9/urllib/request.py", line 494, in _call_chain
    result = func(*args)
  File "/Library/Developer/CommandLineTools/Library/Frameworks/Python3.framework/Versions/3.9/lib/python3.9/urllib/request.py", line 1389, in https_open
    return self.do_open(http.client.HTTPSConnection, req,
  File "/Library/Developer/CommandLineTools/Library/Frameworks/Python3.framework/Versions/3.9/lib/python3.9/urllib/request.py", line 1349, in do_open
    raise URLError(err)
urllib.error.URLError: <urlopen error [Errno 8] nodename nor servname provided, or not known>
Sat Apr 25 05:40:09 PDT 2026: FAILED on attempt 1 (exit code 1)
Sat Apr 25 05:40:09 PDT 2026: Retrying in 300s...
Sat Apr 25 18:39:50 PDT 2026: Attempt 2 of 3 — running /Users/latentforge/Projects/latentforge-latentmas/experiments/benchmark/calibration_tracker.py
LatentForge Live Calibration Tracker v1.1
Date: 2026-04-25

Checking 32 tracked markets for resolution...
  No new resolutions today.

Fetching markets closing within 90 days...
Traceback (most recent call last):
  File "/Library/Developer/CommandLineTools/Library/Frameworks/Python3.framework/Versions/3.9/lib/python3.9/urllib/request.py", line 1346, in do_open
    h.request(req.get_method(), req.selector, req.data, headers,
  File "/Library/Developer/CommandLineTools/Library/Frameworks/Python3.framework/Versions/3.9/lib/python3.9/http/client.py", line 1257, in request
    self._send_request(method, url, body, headers, encode_chunked)
  File "/Library/Developer/CommandLineTools/Library/Frameworks/Python3.framework/Versions/3.9/lib/python3.9/http/client.py", line 1303, in _send_request
    self.endheaders(body, encode_chunked=encode_chunked)
  File "/Library/Developer/CommandLineTools/Library/Frameworks/Python3.framework/Versions/3.9/lib/python3.9/http/client.py", line 1252, in endheaders
    self._send_output(message_body, encode_chunked=encode_chunked)
  File "/Library/Developer/CommandLineTools/Library/Frameworks/Python3.framework/Versions/3.9/lib/python3.9/http/client.py", line 1012, in _send_output
    self.send(msg)
  File "/Library/Developer/CommandLineTools/Library/Frameworks/Python3.framework/Versions/3.9/lib/python3.9/http/client.py", line 952, in send
    self.connect()
  File "/Library/Developer/CommandLineTools/Library/Frameworks/Python3.framework/Versions/3.9/lib/python3.9/http/client.py", line 1419, in connect
    super().connect()
  File "/Library/Developer/CommandLineTools/Library/Frameworks/Python3.framework/Versions/3.9/lib/python3.9/http/client.py", line 923, in connect
    self.sock = self._create_connection(
  File "/Library/Developer/CommandLineTools/Library/Frameworks/Python3.framework/Versions/3.9/lib/python3.9/socket.py", line 822, in create_connection
    for res in getaddrinfo(host, port, 0, SOCK_STREAM):
  File "/Library/Developer/CommandLineTools/Library/Frameworks/Python3.framework/Versions/3.9/lib/python3.9/socket.py", line 953, in getaddrinfo
    for res in _socket.getaddrinfo(host, port, family, type, proto, flags):
socket.gaierror: [Errno 8] nodename nor servname provided, or not known

During handling of the above exception, another exception occurred:

Traceback (most recent call last):
  File "/Users/latentforge/Projects/latentforge-latentmas/experiments/benchmark/calibration_tracker.py", line 304, in <module>
    run()
  File "/Users/latentforge/Projects/latentforge-latentmas/experiments/benchmark/calibration_tracker.py", line 220, in run
    markets = fetch_near_term_markets(days=90, limit=200)
  File "/Users/latentforge/Projects/latentforge-latentmas/experiments/benchmark/calibration_tracker.py", line 53, in fetch_near_term_markets
    with urllib.request.urlopen(req, timeout=15) as r:
  File "/Library/Developer/CommandLineTools/Library/Frameworks/Python3.framework/Versions/3.9/lib/python3.9/urllib/request.py", line 214, in urlopen
    return opener.open(url, data, timeout)
  File "/Library/Developer/CommandLineTools/Library/Frameworks/Python3.framework/Versions/3.9/lib/python3.9/urllib/request.py", line 517, in open
    response = self._open(req, data)
  File "/Library/Developer/CommandLineTools/Library/Frameworks/Python3.framework/Versions/3.9/lib/python3.9/urllib/request.py", line 534, in _open
    result = self._call_chain(self.handle_open, protocol, protocol +
  File "/Library/Developer/CommandLineTools/Library/Frameworks/Python3.framework/Versions/3.9/lib/python3.9/urllib/request.py", line 494, in _call_chain
    result = func(*args)
  File "/Library/Developer/CommandLineTools/Library/Frameworks/Python3.framework/Versions/3.9/lib/python3.9/urllib/request.py", line 1389, in https_open
    return self.do_open(http.client.HTTPSConnection, req,
  File "/Library/Developer/CommandLineTools/Library/Frameworks/Python3.framework/Versions/3.9/lib/python3.9/urllib/request.py", line 1349, in do_open
    raise URLError(err)
urllib.error.URLError: <urlopen error [Errno 8] nodename nor servname provided, or not known>
Sat Apr 25 18:39:51 PDT 2026: FAILED on attempt 2 (exit code 1)
Sat Apr 25 18:39:51 PDT 2026: Retrying in 300s...
Sun Apr 26 08:34:35 PDT 2026: Attempt 3 of 3 — running /Users/latentforge/Projects/latentforge-latentmas/experiments/benchmark/calibration_tracker.py
LatentForge Live Calibration Tracker v1.1
Date: 2026-04-26

Checking 32 tracked markets for resolution...
  No new resolutions today.

Fetching markets closing within 90 days...
Traceback (most recent call last):
  File "/Library/Developer/CommandLineTools/Library/Frameworks/Python3.framework/Versions/3.9/lib/python3.9/urllib/request.py", line 1346, in do_open
    h.request(req.get_method(), req.selector, req.data, headers,
  File "/Library/Developer/CommandLineTools/Library/Frameworks/Python3.framework/Versions/3.9/lib/python3.9/http/client.py", line 1257, in request
    self._send_request(method, url, body, headers, encode_chunked)
  File "/Library/Developer/CommandLineTools/Library/Frameworks/Python3.framework/Versions/3.9/lib/python3.9/http/client.py", line 1303, in _send_request
    self.endheaders(body, encode_chunked=encode_chunked)
  File "/Library/Developer/CommandLineTools/Library/Frameworks/Python3.framework/Versions/3.9/lib/python3.9/http/client.py", line 1252, in endheaders
    self._send_output(message_body, encode_chunked=encode_chunked)
  File "/Library/Developer/CommandLineTools/Library/Frameworks/Python3.framework/Versions/3.9/lib/python3.9/http/client.py", line 1012, in _send_output
    self.send(msg)
  File "/Library/Developer/CommandLineTools/Library/Frameworks/Python3.framework/Versions/3.9/lib/python3.9/http/client.py", line 952, in send
    self.connect()
  File "/Library/Developer/CommandLineTools/Library/Frameworks/Python3.framework/Versions/3.9/lib/python3.9/http/client.py", line 1419, in connect
    super().connect()
  File "/Library/Developer/CommandLineTools/Library/Frameworks/Python3.framework/Versions/3.9/lib/python3.9/http/client.py", line 923, in connect
    self.sock = self._create_connection(
  File "/Library/Developer/CommandLineTools/Library/Frameworks/Python3.framework/Versions/3.9/lib/python3.9/socket.py", line 822, in create_connection
    for res in getaddrinfo(host, port, 0, SOCK_STREAM):
  File "/Library/Developer/CommandLineTools/Library/Frameworks/Python3.framework/Versions/3.9/lib/python3.9/socket.py", line 953, in getaddrinfo
    for res in _socket.getaddrinfo(host, port, family, type, proto, flags):
socket.gaierror: [Errno 8] nodename nor servname provided, or not known

During handling of the above exception, another exception occurred:

Traceback (most recent call last):
  File "/Users/latentforge/Projects/latentforge-latentmas/experiments/benchmark/calibration_tracker.py", line 304, in <module>
    run()
  File "/Users/latentforge/Projects/latentforge-latentmas/experiments/benchmark/calibration_tracker.py", line 220, in run
    markets = fetch_near_term_markets(days=90, limit=200)
  File "/Users/latentforge/Projects/latentforge-latentmas/experiments/benchmark/calibration_tracker.py", line 53, in fetch_near_term_markets
    with urllib.request.urlopen(req, timeout=15) as r:
  File "/Library/Developer/CommandLineTools/Library/Frameworks/Python3.framework/Versions/3.9/lib/python3.9/urllib/request.py", line 214, in urlopen
    return opener.open(url, data, timeout)
  File "/Library/Developer/CommandLineTools/Library/Frameworks/Python3.framework/Versions/3.9/lib/python3.9/urllib/request.py", line 517, in open
    response = self._open(req, data)
  File "/Library/Developer/CommandLineTools/Library/Frameworks/Python3.framework/Versions/3.9/lib/python3.9/urllib/request.py", line 534, in _open
    result = self._call_chain(self.handle_open, protocol, protocol +
  File "/Library/Developer/CommandLineTools/Library/Frameworks/Python3.framework/Versions/3.9/lib/python3.9/urllib/request.py", line 494, in _call_chain
    result = func(*args)
  File "/Library/Developer/CommandLineTools/Library/Frameworks/Python3.framework/Versions/3.9/lib/python3.9/urllib/request.py", line 1389, in https_open
    return self.do_open(http.client.HTTPSConnection, req,
  File "/Library/Developer/CommandLineTools/Library/Frameworks/Python3.framework/Versions/3.9/lib/python3.9/urllib/request.py", line 1349, in do_open
    raise URLError(err)
urllib.error.URLError: <urlopen error [Errno 8] nodename nor servname provided, or not known>
Sun Apr 26 08:34:35 PDT 2026: FAILED on attempt 3 (exit code 1)
Sun Apr 26 08:34:35 PDT 2026: PERMANENT FAILURE after 3 attempts — manual rerun required
Mon Apr 27 05:41:59 PDT 2026: Attempt 1 of 3 — running /Users/latentforge/Projects/latentforge-latentmas/experiments/benchmark/calibration_tracker.py
LatentForge Live Calibration Tracker v1.1
Date: 2026-04-27

Checking 32 tracked markets for resolution...
  No new resolutions today.

Fetching markets closing within 90 days...
Traceback (most recent call last):
  File "/Library/Developer/CommandLineTools/Library/Frameworks/Python3.framework/Versions/3.9/lib/python3.9/urllib/request.py", line 1346, in do_open
    h.request(req.get_method(), req.selector, req.data, headers,
  File "/Library/Developer/CommandLineTools/Library/Frameworks/Python3.framework/Versions/3.9/lib/python3.9/http/client.py", line 1257, in request
    self._send_request(method, url, body, headers, encode_chunked)
  File "/Library/Developer/CommandLineTools/Library/Frameworks/Python3.framework/Versions/3.9/lib/python3.9/http/client.py", line 1303, in _send_request
    self.endheaders(body, encode_chunked=encode_chunked)
  File "/Library/Developer/CommandLineTools/Library/Frameworks/Python3.framework/Versions/3.9/lib/python3.9/http/client.py", line 1252, in endheaders
    self._send_output(message_body, encode_chunked=encode_chunked)
  File "/Library/Developer/CommandLineTools/Library/Frameworks/Python3.framework/Versions/3.9/lib/python3.9/http/client.py", line 1012, in _send_output
    self.send(msg)
  File "/Library/Developer/CommandLineTools/Library/Frameworks/Python3.framework/Versions/3.9/lib/python3.9/http/client.py", line 952, in send
    self.connect()
  File "/Library/Developer/CommandLineTools/Library/Frameworks/Python3.framework/Versions/3.9/lib/python3.9/http/client.py", line 1419, in connect
    super().connect()
  File "/Library/Developer/CommandLineTools/Library/Frameworks/Python3.framework/Versions/3.9/lib/python3.9/http/client.py", line 923, in connect
    self.sock = self._create_connection(
  File "/Library/Developer/CommandLineTools/Library/Frameworks/Python3.framework/Versions/3.9/lib/python3.9/socket.py", line 822, in create_connection
    for res in getaddrinfo(host, port, 0, SOCK_STREAM):
  File "/Library/Developer/CommandLineTools/Library/Frameworks/Python3.framework/Versions/3.9/lib/python3.9/socket.py", line 953, in getaddrinfo
    for res in _socket.getaddrinfo(host, port, family, type, proto, flags):
socket.gaierror: [Errno 8] nodename nor servname provided, or not known

During handling of the above exception, another exception occurred:

Traceback (most recent call last):
  File "/Users/latentforge/Projects/latentforge-latentmas/experiments/benchmark/calibration_tracker.py", line 304, in <module>
    run()
  File "/Users/latentforge/Projects/latentforge-latentmas/experiments/benchmark/calibration_tracker.py", line 220, in run
    markets = fetch_near_term_markets(days=90, limit=200)
  File "/Users/latentforge/Projects/latentforge-latentmas/experiments/benchmark/calibration_tracker.py", line 53, in fetch_near_term_markets
    with urllib.request.urlopen(req, timeout=15) as r:
  File "/Library/Developer/CommandLineTools/Library/Frameworks/Python3.framework/Versions/3.9/lib/python3.9/urllib/request.py", line 214, in urlopen
    return opener.open(url, data, timeout)
  File "/Library/Developer/CommandLineTools/Library/Frameworks/Python3.framework/Versions/3.9/lib/python3.9/urllib/request.py", line 517, in open
    response = self._open(req, data)
  File "/Library/Developer/CommandLineTools/Library/Frameworks/Python3.framework/Versions/3.9/lib/python3.9/urllib/request.py", line 534, in _open
    result = self._call_chain(self.handle_open, protocol, protocol +
  File "/Library/Developer/CommandLineTools/Library/Frameworks/Python3.framework/Versions/3.9/lib/python3.9/urllib/request.py", line 494, in _call_chain
    result = func(*args)
  File "/Library/Developer/CommandLineTools/Library/Frameworks/Python3.framework/Versions/3.9/lib/python3.9/urllib/request.py", line 1389, in https_open
    return self.do_open(http.client.HTTPSConnection, req,
  File "/Library/Developer/CommandLineTools/Library/Frameworks/Python3.framework/Versions/3.9/lib/python3.9/urllib/request.py", line 1349, in do_open
    raise URLError(err)
urllib.error.URLError: <urlopen error [Errno 8] nodename nor servname provided, or not known>
Mon Apr 27 05:41:59 PDT 2026: FAILED on attempt 1 (exit code 1)
Mon Apr 27 05:41:59 PDT 2026: Retrying in 300s...
Mon Apr 27 13:18:38 PDT 2026: Attempt 2 of 3 — running /Users/latentforge/Projects/latentforge-latentmas/experiments/benchmark/calibration_tracker.py
LatentForge Live Calibration Tracker v1.1
Date: 2026-04-27

Checking 32 tracked markets for resolution...
  RESOLVED [0] Will the Edmonton Oilers win the 2026 NHL Stanley Cup?
    swarm=0.15 crowd=0.09 swarm_brier=0.0225
  RESOLVED [0] Will the Vegas Golden Knights win the 2026 NHL Stanley Cup?
    swarm=0.103 crowd=0.053 swarm_brier=0.0106
  RESOLVED [0] Will the Denver Nuggets win the 2026 NBA Finals?
    swarm=0.15 crowd=0.1 swarm_brier=0.0225

Fetching markets closing within 90 days...
Found 23 qualifying markets
  [83d] Will England win the 2026 FIFA World Cup?
    swarm=0.15 crowd=0.111
  [83d] Will France win the 2026 FIFA World Cup?
    swarm=0.15 crowd=0.164
  [83d] Will Brazil win the 2026 FIFA World Cup?
    swarm=0.15 crowd=0.084

=== CALIBRATION SUMMARY ===
Total markets tracked: 35
New predictions today: 3
Newly resolved: 3

--- PRIMARY TRACK (policy/macro/geopolitics/elections) ---
  Resolved markets scored: 1
  Swarm avg Brier:  0.01
  Crowd avg Brier:  0.0026
  Naive avg Brier:  0.25
  Swarm vs naive:   96.0%
  Swarm vs crowd:   -284.6%
  Brier Skill Score:-2.8462  (0=crowd-level, 1=perfect, negative=worse than crowd)
  Swarm entropy:    0.469  (higher = more uncertain)
  Swarm dispersion: 0.0pts  (range of swarm predictions)
  Crowd dispersion: 0.0pts  (range of crowd predictions)
  Avg divergence:   4.9pts  (avg |swarm - crowd| on resolved markets)

--- FULL TRACK (all categories, for transparency) ---
  Resolved markets scored: 13
  Swarm avg Brier:  0.0192
  Crowd avg Brier:  0.0049
  Naive avg Brier:  0.25
  Swarm vs naive:   92.3%
  Swarm vs crowd:   -291.8%
  Brier Skill Score:-2.9184  (0=crowd-level, 1=perfect, negative=worse than crowd)
  Swarm entropy:    0.5495  (higher = more uncertain)
  Swarm dispersion: 18.0pts  (range of swarm predictions)
  Crowd dispersion: 4.9pts  (range of crowd predictions)
  Avg divergence:   6.8pts  (avg |swarm - crowd| on resolved markets)

Logs: /Users/latentforge/Projects/latentforge-latentmas/experiments/benchmark/calibration
Mon Apr 27 13:19:59 PDT 2026: SUCCESS on attempt 2
Tue Apr 28 05:30:05 PDT 2026: Attempt 1 of 3 — running /Users/latentforge/Projects/latentforge-latentmas/experiments/benchmark/calibration_tracker.py
LatentForge Live Calibration Tracker v1.1
Date: 2026-04-28

Checking 35 tracked markets for resolution...
  RESOLVED [1] Will Cooper Flagg win the 2025–26 NBA Rookie of the Year awa
    swarm=0.217 crowd=0.273 swarm_brier=0.6131
  RESOLVED [0] Will Kon Knueppel win the 2025–26 NBA Rookie of the Year awa
    swarm=0.15 crowd=0.727 swarm_brier=0.0225

Fetching markets closing within 90 days...
Found 29 qualifying markets

=== CALIBRATION SUMMARY ===
Total markets tracked: 35
New predictions today: 0
Newly resolved: 2

--- PRIMARY TRACK (policy/macro/geopolitics/elections) ---
  Resolved markets scored: 1
  Swarm avg Brier:  0.01
  Crowd avg Brier:  0.0026
  Naive avg Brier:  0.25
  Swarm vs naive:   96.0%
  Swarm vs crowd:   -284.6%
  Brier Skill Score:-2.8462  (0=crowd-level, 1=perfect, negative=worse than crowd)
  Swarm entropy:    0.469  (higher = more uncertain)
  Swarm dispersion: 0.0pts  (range of swarm predictions)
  Crowd dispersion: 0.0pts  (range of crowd predictions)
  Avg divergence:   4.9pts  (avg |swarm - crowd| on resolved markets)

--- FULL TRACK (all categories, for transparency) ---
  Resolved markets scored: 15
  Swarm avg Brier:  0.059
  Crowd avg Brier:  0.0747
  Naive avg Brier:  0.25
  Swarm vs naive:   76.4%
  Swarm vs crowd:   21.0%
  Brier Skill Score:0.2102  (0=crowd-level, 1=perfect, negative=worse than crowd)
  Swarm entropy:    0.5672  (higher = more uncertain)
  Swarm dispersion: 18.0pts  (range of swarm predictions)
  Crowd dispersion: 67.6pts  (range of crowd predictions)
  Avg divergence:   10.1pts  (avg |swarm - crowd| on resolved markets)

Logs: /Users/latentforge/Projects/latentforge-latentmas/experiments/benchmark/calibration
Tue Apr 28 05:30:07 PDT 2026: SUCCESS on attempt 1
Wed Apr 29 05:30:00 PDT 2026: Attempt 1 of 3 — running /Users/latentforge/Projects/latentforge-latentmas/experiments/benchmark/calibration_tracker.py
LatentForge Live Calibration Tracker v1.1
Date: 2026-04-29

Checking 35 tracked markets for resolution...
  No new resolutions today.

Fetching markets closing within 90 days...
Found 22 qualifying markets
  [81d] Will Argentina win the 2026 FIFA World Cup?
    swarm=0.15 crowd=0.087

=== CALIBRATION SUMMARY ===
Total markets tracked: 36
New predictions today: 1
Newly resolved: 0

--- PRIMARY TRACK (policy/macro/geopolitics/elections) ---
  Resolved markets scored: 1
  Swarm avg Brier:  0.01
  Crowd avg Brier:  0.0026
  Naive avg Brier:  0.25
  Swarm vs naive:   96.0%
  Swarm vs crowd:   -284.6%
  Brier Skill Score:-2.8462  (0=crowd-level, 1=perfect, negative=worse than crowd)
  Swarm entropy:    0.469  (higher = more uncertain)
  Swarm dispersion: 0.0pts  (range of swarm predictions)
  Crowd dispersion: 0.0pts  (range of crowd predictions)
  Avg divergence:   4.9pts  (avg |swarm - crowd| on resolved markets)

--- FULL TRACK (all categories, for transparency) ---
  Resolved markets scored: 15
  Swarm avg Brier:  0.059
  Crowd avg Brier:  0.0747
  Naive avg Brier:  0.25
  Swarm vs naive:   76.4%
  Swarm vs crowd:   21.0%
  Brier Skill Score:0.2102  (0=crowd-level, 1=perfect, negative=worse than crowd)
  Swarm entropy:    0.5672  (higher = more uncertain)
  Swarm dispersion: 18.0pts  (range of swarm predictions)
  Crowd dispersion: 67.6pts  (range of crowd predictions)
  Avg divergence:   10.1pts  (avg |swarm - crowd| on resolved markets)

Logs: /Users/latentforge/Projects/latentforge-latentmas/experiments/benchmark/calibration
Wed Apr 29 05:30:07 PDT 2026: SUCCESS on attempt 1
Thu Apr 30 05:43:25 PDT 2026: Attempt 1 of 3 — running /Users/latentforge/Projects/latentforge-latentmas/experiments/benchmark/calibration_tracker.py
LatentForge Live Calibration Tracker v1.1
Date: 2026-04-30

Checking 36 tracked markets for resolution...
  RESOLVED [0] Will the Tampa Bay Lightning win the 2026 NHL Stanley Cup?
    swarm=0.103 crowd=0.14 swarm_brier=0.0106

Fetching markets closing within 90 days...
Found 24 qualifying markets

=== CALIBRATION SUMMARY ===
Total markets tracked: 36
New predictions today: 0
Newly resolved: 1

--- PRIMARY TRACK (policy/macro/geopolitics/elections) ---
  Resolved markets scored: 1
  Swarm avg Brier:  0.01
  Crowd avg Brier:  0.0026
  Naive avg Brier:  0.25
  Swarm vs naive:   96.0%
  Swarm vs crowd:   -284.6%
  Brier Skill Score:-2.8462  (0=crowd-level, 1=perfect, negative=worse than crowd)
  Swarm entropy:    0.469  (higher = more uncertain)
  Swarm dispersion: 0.0pts  (range of swarm predictions)
  Crowd dispersion: 0.0pts  (range of crowd predictions)
  Avg divergence:   4.9pts  (avg |swarm - crowd| on resolved markets)

--- FULL TRACK (all categories, for transparency) ---
  Resolved markets scored: 16
  Swarm avg Brier:  0.056
  Crowd avg Brier:  0.0713
  Naive avg Brier:  0.25
  Swarm vs naive:   77.6%
  Swarm vs crowd:   21.5%
  Brier Skill Score:0.2146  (0=crowd-level, 1=perfect, negative=worse than crowd)
  Swarm entropy:    0.5617  (higher = more uncertain)
  Swarm dispersion: 18.0pts  (range of swarm predictions)
  Crowd dispersion: 67.6pts  (range of crowd predictions)
  Avg divergence:   9.7pts  (avg |swarm - crowd| on resolved markets)

Logs: /Users/latentforge/Projects/latentforge-latentmas/experiments/benchmark/calibration
Thu Apr 30 05:43:27 PDT 2026: SUCCESS on attempt 1
Fri May  1 05:39:38 PDT 2026: Attempt 1 of 3 — running /Users/latentforge/Projects/latentforge-latentmas/experiments/benchmark/calibration_tracker.py
LatentForge Live Calibration Tracker v1.1
Date: 2026-05-01

Checking 36 tracked markets for resolution...
  RESOLVED [0] MegaETH market cap (FDV) >$2B one day after launch?
    swarm=0.183 crowd=0.1 swarm_brier=0.0335

Fetching markets closing within 90 days...
Found 23 qualifying markets
  [60d] Will the New York Knicks win the 2026 NBA Finals?
    swarm=0.15 crowd=0.05

=== CALIBRATION SUMMARY ===
Total markets tracked: 37
New predictions today: 1
Newly resolved: 1

--- PRIMARY TRACK (policy/macro/geopolitics/elections) ---
  Resolved markets scored: 1
  Swarm avg Brier:  0.01
  Crowd avg Brier:  0.0026
  Naive avg Brier:  0.25
  Swarm vs naive:   96.0%
  Swarm vs crowd:   -284.6%
  Brier Skill Score:-2.8462  (0=crowd-level, 1=perfect, negative=worse than crowd)
  Swarm entropy:    0.469  (higher = more uncertain)
  Swarm dispersion: 0.0pts  (range of swarm predictions)
  Crowd dispersion: 0.0pts  (range of crowd predictions)
  Avg divergence:   4.9pts  (avg |swarm - crowd| on resolved markets)

--- FULL TRACK (all categories, for transparency) ---
  Resolved markets scored: 17
  Swarm avg Brier:  0.0547
  Crowd avg Brier:  0.0677
  Naive avg Brier:  0.25
  Swarm vs naive:   78.1%
  Swarm vs crowd:   19.2%
  Brier Skill Score:0.192  (0=crowd-level, 1=perfect, negative=worse than crowd)
  Swarm entropy:    0.569  (higher = more uncertain)
  Swarm dispersion: 18.0pts  (range of swarm predictions)
  Crowd dispersion: 67.6pts  (range of crowd predictions)
  Avg divergence:   9.6pts  (avg |swarm - crowd| on resolved markets)

Logs: /Users/latentforge/Projects/latentforge-latentmas/experiments/benchmark/calibration
Fri May  1 05:39:45 PDT 2026: SUCCESS on attempt 1
Sat May  2 05:39:09 PDT 2026: Attempt 1 of 3 — running /Users/latentforge/Projects/latentforge-latentmas/experiments/benchmark/calibration_tracker.py
LatentForge Live Calibration Tracker v1.1
Date: 2026-05-02

Checking 37 tracked markets for resolution...
  No new resolutions today.

Fetching markets closing within 90 days...
Found 24 qualifying markets

=== CALIBRATION SUMMARY ===
Total markets tracked: 37
New predictions today: 0
Newly resolved: 0

--- PRIMARY TRACK (policy/macro/geopolitics/elections) ---
  Resolved markets scored: 1
  Swarm avg Brier:  0.01
  Crowd avg Brier:  0.0026
  Naive avg Brier:  0.25
  Swarm vs naive:   96.0%
  Swarm vs crowd:   -284.6%
  Brier Skill Score:-2.8462  (0=crowd-level, 1=perfect, negative=worse than crowd)
  Swarm entropy:    0.469  (higher = more uncertain)
  Swarm dispersion: 0.0pts  (range of swarm predictions)
  Crowd dispersion: 0.0pts  (range of crowd predictions)
  Avg divergence:   4.9pts  (avg |swarm - crowd| on resolved markets)

--- FULL TRACK (all categories, for transparency) ---
  Resolved markets scored: 17
  Swarm avg Brier:  0.0547
  Crowd avg Brier:  0.0677
  Naive avg Brier:  0.25
  Swarm vs naive:   78.1%
  Swarm vs crowd:   19.2%
  Brier Skill Score:0.192  (0=crowd-level, 1=perfect, negative=worse than crowd)
  Swarm entropy:    0.569  (higher = more uncertain)
  Swarm dispersion: 18.0pts  (range of swarm predictions)
  Crowd dispersion: 67.6pts  (range of crowd predictions)
  Avg divergence:   9.6pts  (avg |swarm - crowd| on resolved markets)

Logs: /Users/latentforge/Projects/latentforge-latentmas/experiments/benchmark/calibration
Sat May  2 05:39:12 PDT 2026: SUCCESS on attempt 1
Sun May  3 05:39:37 PDT 2026: Attempt 1 of 3 — running /Users/latentforge/Projects/latentforge-latentmas/experiments/benchmark/calibration_tracker.py
LatentForge Live Calibration Tracker v1.1
Date: 2026-05-03

Checking 37 tracked markets for resolution...
  RESOLVED [0] Will the Boston Celtics win the 2026 NBA Finals?
    swarm=0.15 crowd=0.121 swarm_brier=0.0225

Fetching markets closing within 90 days...
Found 24 qualifying markets
  [22d] Will Ken Paxton win the 2026 Texas Republican Primary?
    Agent error: The read operation timed out
    swarm=0.5 crowd=0.57

=== CALIBRATION SUMMARY ===
Total markets tracked: 38
New predictions today: 1
Newly resolved: 1

--- PRIMARY TRACK (policy/macro/geopolitics/elections) ---
  Resolved markets scored: 1
  Swarm avg Brier:  0.01
  Crowd avg Brier:  0.0026
  Naive avg Brier:  0.25
  Swarm vs naive:   96.0%
  Swarm vs crowd:   -284.6%
  Brier Skill Score:-2.8462  (0=crowd-level, 1=perfect, negative=worse than crowd)
  Swarm entropy:    0.469  (higher = more uncertain)
  Swarm dispersion: 0.0pts  (range of swarm predictions)
  Crowd dispersion: 0.0pts  (range of crowd predictions)
  Avg divergence:   4.9pts  (avg |swarm - crowd| on resolved markets)

--- FULL TRACK (all categories, for transparency) ---
  Resolved markets scored: 18
  Swarm avg Brier:  0.0529
  Crowd avg Brier:  0.0647
  Naive avg Brier:  0.25
  Swarm vs naive:   78.8%
  Swarm vs crowd:   18.2%
  Brier Skill Score:0.1824  (0=crowd-level, 1=perfect, negative=worse than crowd)
  Swarm entropy:    0.5713  (higher = more uncertain)
  Swarm dispersion: 18.0pts  (range of swarm predictions)
  Crowd dispersion: 67.6pts  (range of crowd predictions)
  Avg divergence:   9.2pts  (avg |swarm - crowd| on resolved markets)

Logs: /Users/latentforge/Projects/latentforge-latentmas/experiments/benchmark/calibration
Sun May  3 06:40:42 PDT 2026: SUCCESS on attempt 1
Mon May  4 05:37:38 PDT 2026: Attempt 1 of 3 — running /Users/latentforge/Projects/latentforge-latentmas/experiments/benchmark/calibration_tracker.py
LatentForge Live Calibration Tracker v1.1
Date: 2026-05-04

Checking 38 tracked markets for resolution...
  No new resolutions today.

Fetching markets closing within 90 days...
Found 26 qualifying markets
  [21d] Will John Cornyn win the 2026 Texas Republican Primary?
    Agent error: The read operation timed out
    Agent error: <urlopen error [Errno 8] nodename nor servname provided, or 
    Agent error: <urlopen error [Errno 8] nodename nor servname provided, or 

=== CALIBRATION SUMMARY ===
Total markets tracked: 38
New predictions today: 0
Newly resolved: 0

--- PRIMARY TRACK (policy/macro/geopolitics/elections) ---
  Resolved markets scored: 1
  Swarm avg Brier:  0.01
  Crowd avg Brier:  0.0026
  Naive avg Brier:  0.25
  Swarm vs naive:   96.0%
  Swarm vs crowd:   -284.6%
  Brier Skill Score:-2.8462  (0=crowd-level, 1=perfect, negative=worse than crowd)
  Swarm entropy:    0.469  (higher = more uncertain)
  Swarm dispersion: 0.0pts  (range of swarm predictions)
  Crowd dispersion: 0.0pts  (range of crowd predictions)
  Avg divergence:   4.9pts  (avg |swarm - crowd| on resolved markets)

--- FULL TRACK (all categories, for transparency) ---
  Resolved markets scored: 18
  Swarm avg Brier:  0.0529
  Crowd avg Brier:  0.0647
  Naive avg Brier:  0.25
  Swarm vs naive:   78.8%
  Swarm vs crowd:   18.2%
  Brier Skill Score:0.1824  (0=crowd-level, 1=perfect, negative=worse than crowd)
  Swarm entropy:    0.5713  (higher = more uncertain)
  Swarm dispersion: 18.0pts  (range of swarm predictions)
  Crowd dispersion: 67.6pts  (range of crowd predictions)
  Avg divergence:   9.2pts  (avg |swarm - crowd| on resolved markets)

Logs: /Users/latentforge/Projects/latentforge-latentmas/experiments/benchmark/calibration
Mon May  4 06:13:37 PDT 2026: SUCCESS on attempt 1
Tue May  5 05:43:37 PDT 2026: Attempt 1 of 3 — running /Users/latentforge/Projects/latentforge-latentmas/experiments/benchmark/calibration_tracker.py
LatentForge Live Calibration Tracker v1.1
Date: 2026-05-05

Checking 38 tracked markets for resolution...
  No new resolutions today.

Fetching markets closing within 90 days...
Traceback (most recent call last):
  File "/Library/Developer/CommandLineTools/Library/Frameworks/Python3.framework/Versions/3.9/lib/python3.9/urllib/request.py", line 1346, in do_open
    h.request(req.get_method(), req.selector, req.data, headers,
  File "/Library/Developer/CommandLineTools/Library/Frameworks/Python3.framework/Versions/3.9/lib/python3.9/http/client.py", line 1257, in request
    self._send_request(method, url, body, headers, encode_chunked)
  File "/Library/Developer/CommandLineTools/Library/Frameworks/Python3.framework/Versions/3.9/lib/python3.9/http/client.py", line 1303, in _send_request
    self.endheaders(body, encode_chunked=encode_chunked)
  File "/Library/Developer/CommandLineTools/Library/Frameworks/Python3.framework/Versions/3.9/lib/python3.9/http/client.py", line 1252, in endheaders
    self._send_output(message_body, encode_chunked=encode_chunked)
  File "/Library/Developer/CommandLineTools/Library/Frameworks/Python3.framework/Versions/3.9/lib/python3.9/http/client.py", line 1012, in _send_output
    self.send(msg)
  File "/Library/Developer/CommandLineTools/Library/Frameworks/Python3.framework/Versions/3.9/lib/python3.9/http/client.py", line 952, in send
    self.connect()
  File "/Library/Developer/CommandLineTools/Library/Frameworks/Python3.framework/Versions/3.9/lib/python3.9/http/client.py", line 1419, in connect
    super().connect()
  File "/Library/Developer/CommandLineTools/Library/Frameworks/Python3.framework/Versions/3.9/lib/python3.9/http/client.py", line 923, in connect
    self.sock = self._create_connection(
  File "/Library/Developer/CommandLineTools/Library/Frameworks/Python3.framework/Versions/3.9/lib/python3.9/socket.py", line 822, in create_connection
    for res in getaddrinfo(host, port, 0, SOCK_STREAM):
  File "/Library/Developer/CommandLineTools/Library/Frameworks/Python3.framework/Versions/3.9/lib/python3.9/socket.py", line 953, in getaddrinfo
    for res in _socket.getaddrinfo(host, port, family, type, proto, flags):
socket.gaierror: [Errno 8] nodename nor servname provided, or not known

During handling of the above exception, another exception occurred:

Traceback (most recent call last):
  File "/Users/latentforge/Projects/latentforge-latentmas/experiments/benchmark/calibration_tracker.py", line 304, in <module>
    run()
  File "/Users/latentforge/Projects/latentforge-latentmas/experiments/benchmark/calibration_tracker.py", line 220, in run
    markets = fetch_near_term_markets(days=90, limit=200)
  File "/Users/latentforge/Projects/latentforge-latentmas/experiments/benchmark/calibration_tracker.py", line 53, in fetch_near_term_markets
    with urllib.request.urlopen(req, timeout=15) as r:
  File "/Library/Developer/CommandLineTools/Library/Frameworks/Python3.framework/Versions/3.9/lib/python3.9/urllib/request.py", line 214, in urlopen
    return opener.open(url, data, timeout)
  File "/Library/Developer/CommandLineTools/Library/Frameworks/Python3.framework/Versions/3.9/lib/python3.9/urllib/request.py", line 517, in open
    response = self._open(req, data)
  File "/Library/Developer/CommandLineTools/Library/Frameworks/Python3.framework/Versions/3.9/lib/python3.9/urllib/request.py", line 534, in _open
    result = self._call_chain(self.handle_open, protocol, protocol +
  File "/Library/Developer/CommandLineTools/Library/Frameworks/Python3.framework/Versions/3.9/lib/python3.9/urllib/request.py", line 494, in _call_chain
    result = func(*args)
  File "/Library/Developer/CommandLineTools/Library/Frameworks/Python3.framework/Versions/3.9/lib/python3.9/urllib/request.py", line 1389, in https_open
    return self.do_open(http.client.HTTPSConnection, req,
  File "/Library/Developer/CommandLineTools/Library/Frameworks/Python3.framework/Versions/3.9/lib/python3.9/urllib/request.py", line 1349, in do_open
    raise URLError(err)
urllib.error.URLError: <urlopen error [Errno 8] nodename nor servname provided, or not known>
Tue May  5 05:43:37 PDT 2026: FAILED on attempt 1 (exit code 1)
Tue May  5 05:43:37 PDT 2026: Retrying in 300s...
Tue May  5 20:22:06 PDT 2026: Attempt 2 of 3 — running /Users/latentforge/Projects/latentforge-latentmas/experiments/benchmark/calibration_tracker.py
LatentForge Live Calibration Tracker v1.1
Date: 2026-05-05

Checking 38 tracked markets for resolution...
  No new resolutions today.

Fetching markets closing within 90 days...
Traceback (most recent call last):
  File "/Library/Developer/CommandLineTools/Library/Frameworks/Python3.framework/Versions/3.9/lib/python3.9/urllib/request.py", line 1346, in do_open
    h.request(req.get_method(), req.selector, req.data, headers,
  File "/Library/Developer/CommandLineTools/Library/Frameworks/Python3.framework/Versions/3.9/lib/python3.9/http/client.py", line 1257, in request
    self._send_request(method, url, body, headers, encode_chunked)
  File "/Library/Developer/CommandLineTools/Library/Frameworks/Python3.framework/Versions/3.9/lib/python3.9/http/client.py", line 1303, in _send_request
    self.endheaders(body, encode_chunked=encode_chunked)
  File "/Library/Developer/CommandLineTools/Library/Frameworks/Python3.framework/Versions/3.9/lib/python3.9/http/client.py", line 1252, in endheaders
    self._send_output(message_body, encode_chunked=encode_chunked)
  File "/Library/Developer/CommandLineTools/Library/Frameworks/Python3.framework/Versions/3.9/lib/python3.9/http/client.py", line 1012, in _send_output
    self.send(msg)
  File "/Library/Developer/CommandLineTools/Library/Frameworks/Python3.framework/Versions/3.9/lib/python3.9/http/client.py", line 952, in send
    self.connect()
  File "/Library/Developer/CommandLineTools/Library/Frameworks/Python3.framework/Versions/3.9/lib/python3.9/http/client.py", line 1419, in connect
    super().connect()
  File "/Library/Developer/CommandLineTools/Library/Frameworks/Python3.framework/Versions/3.9/lib/python3.9/http/client.py", line 923, in connect
    self.sock = self._create_connection(
  File "/Library/Developer/CommandLineTools/Library/Frameworks/Python3.framework/Versions/3.9/lib/python3.9/socket.py", line 822, in create_connection
    for res in getaddrinfo(host, port, 0, SOCK_STREAM):
  File "/Library/Developer/CommandLineTools/Library/Frameworks/Python3.framework/Versions/3.9/lib/python3.9/socket.py", line 953, in getaddrinfo
    for res in _socket.getaddrinfo(host, port, family, type, proto, flags):
socket.gaierror: [Errno 8] nodename nor servname provided, or not known

During handling of the above exception, another exception occurred:

Traceback (most recent call last):
  File "/Users/latentforge/Projects/latentforge-latentmas/experiments/benchmark/calibration_tracker.py", line 304, in <module>
    run()
  File "/Users/latentforge/Projects/latentforge-latentmas/experiments/benchmark/calibration_tracker.py", line 220, in run
    markets = fetch_near_term_markets(days=90, limit=200)
  File "/Users/latentforge/Projects/latentforge-latentmas/experiments/benchmark/calibration_tracker.py", line 53, in fetch_near_term_markets
    with urllib.request.urlopen(req, timeout=15) as r:
  File "/Library/Developer/CommandLineTools/Library/Frameworks/Python3.framework/Versions/3.9/lib/python3.9/urllib/request.py", line 214, in urlopen
    return opener.open(url, data, timeout)
  File "/Library/Developer/CommandLineTools/Library/Frameworks/Python3.framework/Versions/3.9/lib/python3.9/urllib/request.py", line 517, in open
    response = self._open(req, data)
  File "/Library/Developer/CommandLineTools/Library/Frameworks/Python3.framework/Versions/3.9/lib/python3.9/urllib/request.py", line 534, in _open
    result = self._call_chain(self.handle_open, protocol, protocol +
  File "/Library/Developer/CommandLineTools/Library/Frameworks/Python3.framework/Versions/3.9/lib/python3.9/urllib/request.py", line 494, in _call_chain
    result = func(*args)
  File "/Library/Developer/CommandLineTools/Library/Frameworks/Python3.framework/Versions/3.9/lib/python3.9/urllib/request.py", line 1389, in https_open
    return self.do_open(http.client.HTTPSConnection, req,
  File "/Library/Developer/CommandLineTools/Library/Frameworks/Python3.framework/Versions/3.9/lib/python3.9/urllib/request.py", line 1349, in do_open
    raise URLError(err)
urllib.error.URLError: <urlopen error [Errno 8] nodename nor servname provided, or not known>
Tue May  5 20:22:07 PDT 2026: FAILED on attempt 2 (exit code 1)
Tue May  5 20:22:07 PDT 2026: Retrying in 300s...
Wed May  6 07:15:33 PDT 2026: Attempt 3 of 3 — running /Users/latentforge/Projects/latentforge-latentmas/experiments/benchmark/calibration_tracker.py
LatentForge Live Calibration Tracker v1.1
Date: 2026-05-06

Checking 38 tracked markets for resolution...
  No new resolutions today.

Fetching markets closing within 90 days...
Traceback (most recent call last):
  File "/Library/Developer/CommandLineTools/Library/Frameworks/Python3.framework/Versions/3.9/lib/python3.9/urllib/request.py", line 1346, in do_open
    h.request(req.get_method(), req.selector, req.data, headers,
  File "/Library/Developer/CommandLineTools/Library/Frameworks/Python3.framework/Versions/3.9/lib/python3.9/http/client.py", line 1257, in request
    self._send_request(method, url, body, headers, encode_chunked)
  File "/Library/Developer/CommandLineTools/Library/Frameworks/Python3.framework/Versions/3.9/lib/python3.9/http/client.py", line 1303, in _send_request
    self.endheaders(body, encode_chunked=encode_chunked)
  File "/Library/Developer/CommandLineTools/Library/Frameworks/Python3.framework/Versions/3.9/lib/python3.9/http/client.py", line 1252, in endheaders
    self._send_output(message_body, encode_chunked=encode_chunked)
  File "/Library/Developer/CommandLineTools/Library/Frameworks/Python3.framework/Versions/3.9/lib/python3.9/http/client.py", line 1012, in _send_output
    self.send(msg)
  File "/Library/Developer/CommandLineTools/Library/Frameworks/Python3.framework/Versions/3.9/lib/python3.9/http/client.py", line 952, in send
    self.connect()
  File "/Library/Developer/CommandLineTools/Library/Frameworks/Python3.framework/Versions/3.9/lib/python3.9/http/client.py", line 1419, in connect
    super().connect()
  File "/Library/Developer/CommandLineTools/Library/Frameworks/Python3.framework/Versions/3.9/lib/python3.9/http/client.py", line 923, in connect
    self.sock = self._create_connection(
  File "/Library/Developer/CommandLineTools/Library/Frameworks/Python3.framework/Versions/3.9/lib/python3.9/socket.py", line 822, in create_connection
    for res in getaddrinfo(host, port, 0, SOCK_STREAM):
  File "/Library/Developer/CommandLineTools/Library/Frameworks/Python3.framework/Versions/3.9/lib/python3.9/socket.py", line 953, in getaddrinfo
    for res in _socket.getaddrinfo(host, port, family, type, proto, flags):
socket.gaierror: [Errno 8] nodename nor servname provided, or not known

During handling of the above exception, another exception occurred:

Traceback (most recent call last):
  File "/Users/latentforge/Projects/latentforge-latentmas/experiments/benchmark/calibration_tracker.py", line 304, in <module>
    run()
  File "/Users/latentforge/Projects/latentforge-latentmas/experiments/benchmark/calibration_tracker.py", line 220, in run
    markets = fetch_near_term_markets(days=90, limit=200)
  File "/Users/latentforge/Projects/latentforge-latentmas/experiments/benchmark/calibration_tracker.py", line 53, in fetch_near_term_markets
    with urllib.request.urlopen(req, timeout=15) as r:
  File "/Library/Developer/CommandLineTools/Library/Frameworks/Python3.framework/Versions/3.9/lib/python3.9/urllib/request.py", line 214, in urlopen
    return opener.open(url, data, timeout)
  File "/Library/Developer/CommandLineTools/Library/Frameworks/Python3.framework/Versions/3.9/lib/python3.9/urllib/request.py", line 517, in open
    response = self._open(req, data)
  File "/Library/Developer/CommandLineTools/Library/Frameworks/Python3.framework/Versions/3.9/lib/python3.9/urllib/request.py", line 534, in _open
    result = self._call_chain(self.handle_open, protocol, protocol +
  File "/Library/Developer/CommandLineTools/Library/Frameworks/Python3.framework/Versions/3.9/lib/python3.9/urllib/request.py", line 494, in _call_chain
    result = func(*args)
  File "/Library/Developer/CommandLineTools/Library/Frameworks/Python3.framework/Versions/3.9/lib/python3.9/urllib/request.py", line 1389, in https_open
    return self.do_open(http.client.HTTPSConnection, req,
  File "/Library/Developer/CommandLineTools/Library/Frameworks/Python3.framework/Versions/3.9/lib/python3.9/urllib/request.py", line 1349, in do_open
    raise URLError(err)
urllib.error.URLError: <urlopen error [Errno 8] nodename nor servname provided, or not known>
Wed May  6 07:15:34 PDT 2026: FAILED on attempt 3 (exit code 1)
Wed May  6 07:15:34 PDT 2026: PERMANENT FAILURE after 3 attempts — manual rerun required
Thu May  7 07:36:19 CDT 2026: Attempt 1 of 3 — running /Users/latentforge/Projects/latentforge-latentmas/experiments/benchmark/calibration_tracker.py
LatentForge Live Calibration Tracker v1.1
Date: 2026-05-07

Checking 38 tracked markets for resolution...
  No new resolutions today.

Fetching markets closing within 90 days...
Traceback (most recent call last):
  File "/Library/Developer/CommandLineTools/Library/Frameworks/Python3.framework/Versions/3.9/lib/python3.9/urllib/request.py", line 1346, in do_open
    h.request(req.get_method(), req.selector, req.data, headers,
  File "/Library/Developer/CommandLineTools/Library/Frameworks/Python3.framework/Versions/3.9/lib/python3.9/http/client.py", line 1257, in request
    self._send_request(method, url, body, headers, encode_chunked)
  File "/Library/Developer/CommandLineTools/Library/Frameworks/Python3.framework/Versions/3.9/lib/python3.9/http/client.py", line 1303, in _send_request
    self.endheaders(body, encode_chunked=encode_chunked)
  File "/Library/Developer/CommandLineTools/Library/Frameworks/Python3.framework/Versions/3.9/lib/python3.9/http/client.py", line 1252, in endheaders
    self._send_output(message_body, encode_chunked=encode_chunked)
  File "/Library/Developer/CommandLineTools/Library/Frameworks/Python3.framework/Versions/3.9/lib/python3.9/http/client.py", line 1012, in _send_output
    self.send(msg)
  File "/Library/Developer/CommandLineTools/Library/Frameworks/Python3.framework/Versions/3.9/lib/python3.9/http/client.py", line 952, in send
    self.connect()
  File "/Library/Developer/CommandLineTools/Library/Frameworks/Python3.framework/Versions/3.9/lib/python3.9/http/client.py", line 1419, in connect
    super().connect()
  File "/Library/Developer/CommandLineTools/Library/Frameworks/Python3.framework/Versions/3.9/lib/python3.9/http/client.py", line 923, in connect
    self.sock = self._create_connection(
  File "/Library/Developer/CommandLineTools/Library/Frameworks/Python3.framework/Versions/3.9/lib/python3.9/socket.py", line 822, in create_connection
    for res in getaddrinfo(host, port, 0, SOCK_STREAM):
  File "/Library/Developer/CommandLineTools/Library/Frameworks/Python3.framework/Versions/3.9/lib/python3.9/socket.py", line 953, in getaddrinfo
    for res in _socket.getaddrinfo(host, port, family, type, proto, flags):
socket.gaierror: [Errno 8] nodename nor servname provided, or not known

During handling of the above exception, another exception occurred:

Traceback (most recent call last):
  File "/Users/latentforge/Projects/latentforge-latentmas/experiments/benchmark/calibration_tracker.py", line 304, in <module>
    run()
  File "/Users/latentforge/Projects/latentforge-latentmas/experiments/benchmark/calibration_tracker.py", line 220, in run
    markets = fetch_near_term_markets(days=90, limit=200)
  File "/Users/latentforge/Projects/latentforge-latentmas/experiments/benchmark/calibration_tracker.py", line 53, in fetch_near_term_markets
    with urllib.request.urlopen(req, timeout=15) as r:
  File "/Library/Developer/CommandLineTools/Library/Frameworks/Python3.framework/Versions/3.9/lib/python3.9/urllib/request.py", line 214, in urlopen
    return opener.open(url, data, timeout)
  File "/Library/Developer/CommandLineTools/Library/Frameworks/Python3.framework/Versions/3.9/lib/python3.9/urllib/request.py", line 517, in open
    response = self._open(req, data)
  File "/Library/Developer/CommandLineTools/Library/Frameworks/Python3.framework/Versions/3.9/lib/python3.9/urllib/request.py", line 534, in _open
    result = self._call_chain(self.handle_open, protocol, protocol +
  File "/Library/Developer/CommandLineTools/Library/Frameworks/Python3.framework/Versions/3.9/lib/python3.9/urllib/request.py", line 494, in _call_chain
    result = func(*args)
  File "/Library/Developer/CommandLineTools/Library/Frameworks/Python3.framework/Versions/3.9/lib/python3.9/urllib/request.py", line 1389, in https_open
    return self.do_open(http.client.HTTPSConnection, req,
  File "/Library/Developer/CommandLineTools/Library/Frameworks/Python3.framework/Versions/3.9/lib/python3.9/urllib/request.py", line 1349, in do_open
    raise URLError(err)
urllib.error.URLError: <urlopen error [Errno 8] nodename nor servname provided, or not known>
Thu May  7 07:36:20 CDT 2026: FAILED on attempt 1 (exit code 1)
Thu May  7 07:36:20 CDT 2026: Retrying in 300s...
Thu May  7 14:30:41 CDT 2026: Attempt 2 of 3 — running /Users/latentforge/Projects/latentforge-latentmas/experiments/benchmark/calibration_tracker.py
LatentForge Live Calibration Tracker v1.1
Date: 2026-05-07

Checking 38 tracked markets for resolution...
  No new resolutions today.

Fetching markets closing within 90 days...
Traceback (most recent call last):
  File "/Library/Developer/CommandLineTools/Library/Frameworks/Python3.framework/Versions/3.9/lib/python3.9/urllib/request.py", line 1346, in do_open
    h.request(req.get_method(), req.selector, req.data, headers,
  File "/Library/Developer/CommandLineTools/Library/Frameworks/Python3.framework/Versions/3.9/lib/python3.9/http/client.py", line 1257, in request
    self._send_request(method, url, body, headers, encode_chunked)
  File "/Library/Developer/CommandLineTools/Library/Frameworks/Python3.framework/Versions/3.9/lib/python3.9/http/client.py", line 1303, in _send_request
    self.endheaders(body, encode_chunked=encode_chunked)
  File "/Library/Developer/CommandLineTools/Library/Frameworks/Python3.framework/Versions/3.9/lib/python3.9/http/client.py", line 1252, in endheaders
    self._send_output(message_body, encode_chunked=encode_chunked)
  File "/Library/Developer/CommandLineTools/Library/Frameworks/Python3.framework/Versions/3.9/lib/python3.9/http/client.py", line 1012, in _send_output
    self.send(msg)
  File "/Library/Developer/CommandLineTools/Library/Frameworks/Python3.framework/Versions/3.9/lib/python3.9/http/client.py", line 952, in send
    self.connect()
  File "/Library/Developer/CommandLineTools/Library/Frameworks/Python3.framework/Versions/3.9/lib/python3.9/http/client.py", line 1419, in connect
    super().connect()
  File "/Library/Developer/CommandLineTools/Library/Frameworks/Python3.framework/Versions/3.9/lib/python3.9/http/client.py", line 923, in connect
    self.sock = self._create_connection(
  File "/Library/Developer/CommandLineTools/Library/Frameworks/Python3.framework/Versions/3.9/lib/python3.9/socket.py", line 822, in create_connection
    for res in getaddrinfo(host, port, 0, SOCK_STREAM):
  File "/Library/Developer/CommandLineTools/Library/Frameworks/Python3.framework/Versions/3.9/lib/python3.9/socket.py", line 953, in getaddrinfo
    for res in _socket.getaddrinfo(host, port, family, type, proto, flags):
socket.gaierror: [Errno 8] nodename nor servname provided, or not known

During handling of the above exception, another exception occurred:

Traceback (most recent call last):
  File "/Users/latentforge/Projects/latentforge-latentmas/experiments/benchmark/calibration_tracker.py", line 304, in <module>
    run()
  File "/Users/latentforge/Projects/latentforge-latentmas/experiments/benchmark/calibration_tracker.py", line 220, in run
    markets = fetch_near_term_markets(days=90, limit=200)
  File "/Users/latentforge/Projects/latentforge-latentmas/experiments/benchmark/calibration_tracker.py", line 53, in fetch_near_term_markets
    with urllib.request.urlopen(req, timeout=15) as r:
  File "/Library/Developer/CommandLineTools/Library/Frameworks/Python3.framework/Versions/3.9/lib/python3.9/urllib/request.py", line 214, in urlopen
    return opener.open(url, data, timeout)
  File "/Library/Developer/CommandLineTools/Library/Frameworks/Python3.framework/Versions/3.9/lib/python3.9/urllib/request.py", line 517, in open
    response = self._open(req, data)
  File "/Library/Developer/CommandLineTools/Library/Frameworks/Python3.framework/Versions/3.9/lib/python3.9/urllib/request.py", line 534, in _open
    result = self._call_chain(self.handle_open, protocol, protocol +
  File "/Library/Developer/CommandLineTools/Library/Frameworks/Python3.framework/Versions/3.9/lib/python3.9/urllib/request.py", line 494, in _call_chain
    result = func(*args)
  File "/Library/Developer/CommandLineTools/Library/Frameworks/Python3.framework/Versions/3.9/lib/python3.9/urllib/request.py", line 1389, in https_open
    return self.do_open(http.client.HTTPSConnection, req,
  File "/Library/Developer/CommandLineTools/Library/Frameworks/Python3.framework/Versions/3.9/lib/python3.9/urllib/request.py", line 1349, in do_open
    raise URLError(err)
urllib.error.URLError: <urlopen error [Errno 8] nodename nor servname provided, or not known>
Thu May  7 14:30:41 CDT 2026: FAILED on attempt 2 (exit code 1)
Thu May  7 14:30:41 CDT 2026: Retrying in 300s...
Thu May  7 22:52:34 CDT 2026: Attempt 3 of 3 — running /Users/latentforge/Projects/latentforge-latentmas/experiments/benchmark/calibration_tracker.py
LatentForge Live Calibration Tracker v1.1
Date: 2026-05-07

Checking 38 tracked markets for resolution...
  No new resolutions today.

Fetching markets closing within 90 days...
Traceback (most recent call last):
  File "/Library/Developer/CommandLineTools/Library/Frameworks/Python3.framework/Versions/3.9/lib/python3.9/urllib/request.py", line 1346, in do_open
    h.request(req.get_method(), req.selector, req.data, headers,
  File "/Library/Developer/CommandLineTools/Library/Frameworks/Python3.framework/Versions/3.9/lib/python3.9/http/client.py", line 1257, in request
    self._send_request(method, url, body, headers, encode_chunked)
  File "/Library/Developer/CommandLineTools/Library/Frameworks/Python3.framework/Versions/3.9/lib/python3.9/http/client.py", line 1303, in _send_request
    self.endheaders(body, encode_chunked=encode_chunked)
  File "/Library/Developer/CommandLineTools/Library/Frameworks/Python3.framework/Versions/3.9/lib/python3.9/http/client.py", line 1252, in endheaders
    self._send_output(message_body, encode_chunked=encode_chunked)
  File "/Library/Developer/CommandLineTools/Library/Frameworks/Python3.framework/Versions/3.9/lib/python3.9/http/client.py", line 1012, in _send_output
    self.send(msg)
  File "/Library/Developer/CommandLineTools/Library/Frameworks/Python3.framework/Versions/3.9/lib/python3.9/http/client.py", line 952, in send
    self.connect()
  File "/Library/Developer/CommandLineTools/Library/Frameworks/Python3.framework/Versions/3.9/lib/python3.9/http/client.py", line 1419, in connect
    super().connect()
  File "/Library/Developer/CommandLineTools/Library/Frameworks/Python3.framework/Versions/3.9/lib/python3.9/http/client.py", line 923, in connect
    self.sock = self._create_connection(
  File "/Library/Developer/CommandLineTools/Library/Frameworks/Python3.framework/Versions/3.9/lib/python3.9/socket.py", line 822, in create_connection
    for res in getaddrinfo(host, port, 0, SOCK_STREAM):
  File "/Library/Developer/CommandLineTools/Library/Frameworks/Python3.framework/Versions/3.9/lib/python3.9/socket.py", line 953, in getaddrinfo
    for res in _socket.getaddrinfo(host, port, family, type, proto, flags):
socket.gaierror: [Errno 8] nodename nor servname provided, or not known

During handling of the above exception, another exception occurred:

Traceback (most recent call last):
  File "/Users/latentforge/Projects/latentforge-latentmas/experiments/benchmark/calibration_tracker.py", line 304, in <module>
    run()
  File "/Users/latentforge/Projects/latentforge-latentmas/experiments/benchmark/calibration_tracker.py", line 220, in run
    markets = fetch_near_term_markets(days=90, limit=200)
  File "/Users/latentforge/Projects/latentforge-latentmas/experiments/benchmark/calibration_tracker.py", line 53, in fetch_near_term_markets
    with urllib.request.urlopen(req, timeout=15) as r:
  File "/Library/Developer/CommandLineTools/Library/Frameworks/Python3.framework/Versions/3.9/lib/python3.9/urllib/request.py", line 214, in urlopen
    return opener.open(url, data, timeout)
  File "/Library/Developer/CommandLineTools/Library/Frameworks/Python3.framework/Versions/3.9/lib/python3.9/urllib/request.py", line 517, in open
    response = self._open(req, data)
  File "/Library/Developer/CommandLineTools/Library/Frameworks/Python3.framework/Versions/3.9/lib/python3.9/urllib/request.py", line 534, in _open
    result = self._call_chain(self.handle_open, protocol, protocol +
  File "/Library/Developer/CommandLineTools/Library/Frameworks/Python3.framework/Versions/3.9/lib/python3.9/urllib/request.py", line 494, in _call_chain
    result = func(*args)
  File "/Library/Developer/CommandLineTools/Library/Frameworks/Python3.framework/Versions/3.9/lib/python3.9/urllib/request.py", line 1389, in https_open
    return self.do_open(http.client.HTTPSConnection, req,
  File "/Library/Developer/CommandLineTools/Library/Frameworks/Python3.framework/Versions/3.9/lib/python3.9/urllib/request.py", line 1349, in do_open
    raise URLError(err)
urllib.error.URLError: <urlopen error [Errno 8] nodename nor servname provided, or not known>
Thu May  7 22:52:34 CDT 2026: FAILED on attempt 3 (exit code 1)
Thu May  7 22:52:34 CDT 2026: PERMANENT FAILURE after 3 attempts — manual rerun required
Fri May  8 05:34:47 PDT 2026: Attempt 1 of 3 — running /Users/latentforge/Projects/latentforge-latentmas/experiments/benchmark/calibration_tracker.py
LatentForge Live Calibration Tracker v1.1
Date: 2026-05-08

Checking 38 tracked markets for resolution...
  No new resolutions today.

Fetching markets closing within 90 days...
Found 23 qualifying markets
  [17d] Will John Cornyn win the 2026 Texas Republican Primary?
    Agent error: The read operation timed out
    swarm=0.5 crowd=0.39

=== CALIBRATION SUMMARY ===
Total markets tracked: 39
New predictions today: 1
Newly resolved: 0

--- PRIMARY TRACK (policy/macro/geopolitics/elections) ---
  Resolved markets scored: 1
  Swarm avg Brier:  0.01
  Crowd avg Brier:  0.0026
  Naive avg Brier:  0.25
  Swarm vs naive:   96.0%
  Swarm vs crowd:   -284.6%
  Brier Skill Score:-2.8462  (0=crowd-level, 1=perfect, negative=worse than crowd)
  Swarm entropy:    0.469  (higher = more uncertain)
  Swarm dispersion: 0.0pts  (range of swarm predictions)
  Crowd dispersion: 0.0pts  (range of crowd predictions)
  Avg divergence:   4.9pts  (avg |swarm - crowd| on resolved markets)

--- FULL TRACK (all categories, for transparency) ---
  Resolved markets scored: 18
  Swarm avg Brier:  0.0529
  Crowd avg Brier:  0.0647
  Naive avg Brier:  0.25
  Swarm vs naive:   78.8%
  Swarm vs crowd:   18.2%
  Brier Skill Score:0.1824  (0=crowd-level, 1=perfect, negative=worse than crowd)
  Swarm entropy:    0.5713  (higher = more uncertain)
  Swarm dispersion: 18.0pts  (range of swarm predictions)
  Crowd dispersion: 67.6pts  (range of crowd predictions)
  Avg divergence:   9.2pts  (avg |swarm - crowd| on resolved markets)

Logs: /Users/latentforge/Projects/latentforge-latentmas/experiments/benchmark/calibration
Fri May  8 06:32:06 PDT 2026: SUCCESS on attempt 1
Sat May  9 05:38:51 PDT 2026: Attempt 1 of 3 — running /Users/latentforge/Projects/latentforge-latentmas/experiments/benchmark/calibration_tracker.py
LatentForge Live Calibration Tracker v1.1
Date: 2026-05-09

Checking 39 tracked markets for resolution...
  No new resolutions today.

Fetching markets closing within 90 days...
Found 24 qualifying markets

=== CALIBRATION SUMMARY ===
Total markets tracked: 39
New predictions today: 0
Newly resolved: 0

--- PRIMARY TRACK (policy/macro/geopolitics/elections) ---
  Resolved markets scored: 1
  Swarm avg Brier:  0.01
  Crowd avg Brier:  0.0026
  Naive avg Brier:  0.25
  Swarm vs naive:   96.0%
  Swarm vs crowd:   -284.6%
  Brier Skill Score:-2.8462  (0=crowd-level, 1=perfect, negative=worse than crowd)
  Swarm entropy:    0.469  (higher = more uncertain)
  Swarm dispersion: 0.0pts  (range of swarm predictions)
  Crowd dispersion: 0.0pts  (range of crowd predictions)
  Avg divergence:   4.9pts  (avg |swarm - crowd| on resolved markets)

--- FULL TRACK (all categories, for transparency) ---
  Resolved markets scored: 18
  Swarm avg Brier:  0.0529
  Crowd avg Brier:  0.0647
  Naive avg Brier:  0.25
  Swarm vs naive:   78.8%
  Swarm vs crowd:   18.2%
  Brier Skill Score:0.1824  (0=crowd-level, 1=perfect, negative=worse than crowd)
  Swarm entropy:    0.5713  (higher = more uncertain)
  Swarm dispersion: 18.0pts  (range of swarm predictions)
  Crowd dispersion: 67.6pts  (range of crowd predictions)
  Avg divergence:   9.2pts  (avg |swarm - crowd| on resolved markets)

Logs: /Users/latentforge/Projects/latentforge-latentmas/experiments/benchmark/calibration
Sat May  9 05:38:54 PDT 2026: SUCCESS on attempt 1
Sun May 10 05:46:13 PDT 2026: Attempt 1 of 3 — running /Users/latentforge/Projects/latentforge-latentmas/experiments/benchmark/calibration_tracker.py
LatentForge Live Calibration Tracker v1.1
Date: 2026-05-10

Checking 39 tracked markets for resolution...
  No new resolutions today.

Fetching markets closing within 90 days...
Found 25 qualifying markets

=== CALIBRATION SUMMARY ===
Total markets tracked: 39
New predictions today: 0
Newly resolved: 0

--- PRIMARY TRACK (policy/macro/geopolitics/elections) ---
  Resolved markets scored: 1
  Swarm avg Brier:  0.01
  Crowd avg Brier:  0.0026
  Naive avg Brier:  0.25
  Swarm vs naive:   96.0%
  Swarm vs crowd:   -284.6%
  Brier Skill Score:-2.8462  (0=crowd-level, 1=perfect, negative=worse than crowd)
  Swarm entropy:    0.469  (higher = more uncertain)
  Swarm dispersion: 0.0pts  (range of swarm predictions)
  Crowd dispersion: 0.0pts  (range of crowd predictions)
  Avg divergence:   4.9pts  (avg |swarm - crowd| on resolved markets)

--- FULL TRACK (all categories, for transparency) ---
  Resolved markets scored: 18
  Swarm avg Brier:  0.0529
  Crowd avg Brier:  0.0647
  Naive avg Brier:  0.25
  Swarm vs naive:   78.8%
  Swarm vs crowd:   18.2%
  Brier Skill Score:0.1824  (0=crowd-level, 1=perfect, negative=worse than crowd)
  Swarm entropy:    0.5713  (higher = more uncertain)
  Swarm dispersion: 18.0pts  (range of swarm predictions)
  Crowd dispersion: 67.6pts  (range of crowd predictions)
  Avg divergence:   9.2pts  (avg |swarm - crowd| on resolved markets)

Logs: /Users/latentforge/Projects/latentforge-latentmas/experiments/benchmark/calibration
Sun May 10 05:46:16 PDT 2026: SUCCESS on attempt 1
Mon May 11 05:36:09 PDT 2026: Attempt 1 of 3 — running /Users/latentforge/Projects/latentforge-latentmas/experiments/benchmark/calibration_tracker.py
LatentForge Live Calibration Tracker v1.1
Date: 2026-05-11

Checking 39 tracked markets for resolution...
  No new resolutions today.

Fetching markets closing within 90 days...
Found 24 qualifying markets

=== CALIBRATION SUMMARY ===
Total markets tracked: 39
New predictions today: 0
Newly resolved: 0

--- PRIMARY TRACK (policy/macro/geopolitics/elections) ---
  Resolved markets scored: 1
  Swarm avg Brier:  0.01
  Crowd avg Brier:  0.0026
  Naive avg Brier:  0.25
  Swarm vs naive:   96.0%
  Swarm vs crowd:   -284.6%
  Brier Skill Score:-2.8462  (0=crowd-level, 1=perfect, negative=worse than crowd)
  Swarm entropy:    0.469  (higher = more uncertain)
  Swarm dispersion: 0.0pts  (range of swarm predictions)
  Crowd dispersion: 0.0pts  (range of crowd predictions)
  Avg divergence:   4.9pts  (avg |swarm - crowd| on resolved markets)

--- FULL TRACK (all categories, for transparency) ---
  Resolved markets scored: 18
  Swarm avg Brier:  0.0529
  Crowd avg Brier:  0.0647
  Naive avg Brier:  0.25
  Swarm vs naive:   78.8%
  Swarm vs crowd:   18.2%
  Brier Skill Score:0.1824  (0=crowd-level, 1=perfect, negative=worse than crowd)
  Swarm entropy:    0.5713  (higher = more uncertain)
  Swarm dispersion: 18.0pts  (range of swarm predictions)
  Crowd dispersion: 67.6pts  (range of crowd predictions)
  Avg divergence:   9.2pts  (avg |swarm - crowd| on resolved markets)

Logs: /Users/latentforge/Projects/latentforge-latentmas/experiments/benchmark/calibration
Mon May 11 05:36:12 PDT 2026: SUCCESS on attempt 1
Tue May 12 05:31:34 PDT 2026: Attempt 1 of 3 — running /Users/latentforge/Projects/latentforge-latentmas/experiments/benchmark/calibration_tracker.py
LatentForge Live Calibration Tracker v1.1
Date: 2026-05-12

Checking 39 tracked markets for resolution...
  No new resolutions today.

Fetching markets closing within 90 days...
Found 22 qualifying markets

=== CALIBRATION SUMMARY ===
Total markets tracked: 39
New predictions today: 0
Newly resolved: 0

--- PRIMARY TRACK (policy/macro/geopolitics/elections) ---
  Resolved markets scored: 1
  Swarm avg Brier:  0.01
  Crowd avg Brier:  0.0026
  Naive avg Brier:  0.25
  Swarm vs naive:   96.0%
  Swarm vs crowd:   -284.6%
  Brier Skill Score:-2.8462  (0=crowd-level, 1=perfect, negative=worse than crowd)
  Swarm entropy:    0.469  (higher = more uncertain)
  Swarm dispersion: 0.0pts  (range of swarm predictions)
  Crowd dispersion: 0.0pts  (range of crowd predictions)
  Avg divergence:   4.9pts  (avg |swarm - crowd| on resolved markets)

--- FULL TRACK (all categories, for transparency) ---
  Resolved markets scored: 18
  Swarm avg Brier:  0.0529
  Crowd avg Brier:  0.0647
  Naive avg Brier:  0.25
  Swarm vs naive:   78.8%
  Swarm vs crowd:   18.2%
  Brier Skill Score:0.1824  (0=crowd-level, 1=perfect, negative=worse than crowd)
  Swarm entropy:    0.5713  (higher = more uncertain)
  Swarm dispersion: 18.0pts  (range of swarm predictions)
  Crowd dispersion: 67.6pts  (range of crowd predictions)
  Avg divergence:   9.2pts  (avg |swarm - crowd| on resolved markets)

Logs: /Users/latentforge/Projects/latentforge-latentmas/experiments/benchmark/calibration
Tue May 12 05:31:37 PDT 2026: SUCCESS on attempt 1
Wed May 13 05:40:59 PDT 2026: Attempt 1 of 3 — running /Users/latentforge/Projects/latentforge-latentmas/experiments/benchmark/calibration_tracker.py
LatentForge Live Calibration Tracker v1.1
Date: 2026-05-13

Checking 39 tracked markets for resolution...
  No new resolutions today.

Fetching markets closing within 90 days...
Found 24 qualifying markets

=== CALIBRATION SUMMARY ===
Total markets tracked: 39
New predictions today: 0
Newly resolved: 0

--- PRIMARY TRACK (policy/macro/geopolitics/elections) ---
  Resolved markets scored: 1
  Swarm avg Brier:  0.01
  Crowd avg Brier:  0.0026
  Naive avg Brier:  0.25
  Swarm vs naive:   96.0%
  Swarm vs crowd:   -284.6%
  Brier Skill Score:-2.8462  (0=crowd-level, 1=perfect, negative=worse than crowd)
  Swarm entropy:    0.469  (higher = more uncertain)
  Swarm dispersion: 0.0pts  (range of swarm predictions)
  Crowd dispersion: 0.0pts  (range of crowd predictions)
  Avg divergence:   4.9pts  (avg |swarm - crowd| on resolved markets)

--- FULL TRACK (all categories, for transparency) ---
  Resolved markets scored: 18
  Swarm avg Brier:  0.0529
  Crowd avg Brier:  0.0647
  Naive avg Brier:  0.25
  Swarm vs naive:   78.8%
  Swarm vs crowd:   18.2%
  Brier Skill Score:0.1824  (0=crowd-level, 1=perfect, negative=worse than crowd)
  Swarm entropy:    0.5713  (higher = more uncertain)
  Swarm dispersion: 18.0pts  (range of swarm predictions)
  Crowd dispersion: 67.6pts  (range of crowd predictions)
  Avg divergence:   9.2pts  (avg |swarm - crowd| on resolved markets)

Logs: /Users/latentforge/Projects/latentforge-latentmas/experiments/benchmark/calibration
Wed May 13 05:41:01 PDT 2026: SUCCESS on attempt 1
Thu May 14 05:37:16 PDT 2026: Attempt 1 of 3 — running /Users/latentforge/Projects/latentforge-latentmas/experiments/benchmark/calibration_tracker.py
LatentForge Live Calibration Tracker v1.1
Date: 2026-05-14

Checking 39 tracked markets for resolution...
  No new resolutions today.

Fetching markets closing within 90 days...
Found 21 qualifying markets
  [66d] Will Germany win the 2026 FIFA World Cup?
    swarm=0.15 crowd=0.052

=== CALIBRATION SUMMARY ===
Total markets tracked: 40
New predictions today: 1
Newly resolved: 0

--- PRIMARY TRACK (policy/macro/geopolitics/elections) ---
  Resolved markets scored: 1
  Swarm avg Brier:  0.01
  Crowd avg Brier:  0.0026
  Naive avg Brier:  0.25
  Swarm vs naive:   96.0%
  Swarm vs crowd:   -284.6%
  Brier Skill Score:-2.8462  (0=crowd-level, 1=perfect, negative=worse than crowd)
  Swarm entropy:    0.469  (higher = more uncertain)
  Swarm dispersion: 0.0pts  (range of swarm predictions)
  Crowd dispersion: 0.0pts  (range of crowd predictions)
  Avg divergence:   4.9pts  (avg |swarm - crowd| on resolved markets)

--- FULL TRACK (all categories, for transparency) ---
  Resolved markets scored: 18
  Swarm avg Brier:  0.0529
  Crowd avg Brier:  0.0647
  Naive avg Brier:  0.25
  Swarm vs naive:   78.8%
  Swarm vs crowd:   18.2%
  Brier Skill Score:0.1824  (0=crowd-level, 1=perfect, negative=worse than crowd)
  Swarm entropy:    0.5713  (higher = more uncertain)
  Swarm dispersion: 18.0pts  (range of swarm predictions)
  Crowd dispersion: 67.6pts  (range of crowd predictions)
  Avg divergence:   9.2pts  (avg |swarm - crowd| on resolved markets)

Logs: /Users/latentforge/Projects/latentforge-latentmas/experiments/benchmark/calibration
Thu May 14 05:52:31 PDT 2026: SUCCESS on attempt 1
Fri May 15 05:32:12 PDT 2026: Attempt 1 of 3 — running /Users/latentforge/Projects/latentforge-latentmas/experiments/benchmark/calibration_tracker.py
LatentForge Live Calibration Tracker v1.1
Date: 2026-05-15

Checking 40 tracked markets for resolution...
  No new resolutions today.

Fetching markets closing within 90 days...
Found 20 qualifying markets
  [65d] Will Portugal win the 2026 FIFA World Cup?
    Agent error: The read operation timed out
    swarm=0.15 crowd=0.082

=== CALIBRATION SUMMARY ===
Total markets tracked: 41
New predictions today: 1
Newly resolved: 0

--- PRIMARY TRACK (policy/macro/geopolitics/elections) ---
  Resolved markets scored: 1
  Swarm avg Brier:  0.01
  Crowd avg Brier:  0.0026
  Naive avg Brier:  0.25
  Swarm vs naive:   96.0%
  Swarm vs crowd:   -284.6%
  Brier Skill Score:-2.8462  (0=crowd-level, 1=perfect, negative=worse than crowd)
  Swarm entropy:    0.469  (higher = more uncertain)
  Swarm dispersion: 0.0pts  (range of swarm predictions)
  Crowd dispersion: 0.0pts  (range of crowd predictions)
  Avg divergence:   4.9pts  (avg |swarm - crowd| on resolved markets)

--- FULL TRACK (all categories, for transparency) ---
  Resolved markets scored: 18
  Swarm avg Brier:  0.0529
  Crowd avg Brier:  0.0647
  Naive avg Brier:  0.25
  Swarm vs naive:   78.8%
  Swarm vs crowd:   18.2%
  Brier Skill Score:0.1824  (0=crowd-level, 1=perfect, negative=worse than crowd)
  Swarm entropy:    0.5713  (higher = more uncertain)
  Swarm dispersion: 18.0pts  (range of swarm predictions)
  Crowd dispersion: 67.6pts  (range of crowd predictions)
  Avg divergence:   9.2pts  (avg |swarm - crowd| on resolved markets)

Logs: /Users/latentforge/Projects/latentforge-latentmas/experiments/benchmark/calibration
Fri May 15 06:25:34 PDT 2026: SUCCESS on attempt 1
Sat May 16 05:37:19 PDT 2026: Attempt 1 of 3 — running /Users/latentforge/Projects/latentforge-latentmas/experiments/benchmark/calibration_tracker.py
LatentForge Live Calibration Tracker v1.1
Date: 2026-05-16

Checking 41 tracked markets for resolution...
  RESOLVED [0] Will Harvey Weinstein be sentenced to between 10 and 20 year
    swarm=0.25 crowd=0.178 swarm_brier=0.0625
  RESOLVED [0] Will Harvey Weinstein be sentenced to between 20 and 30 year
    swarm=0.183 crowd=0.216 swarm_brier=0.0335

Fetching markets closing within 90 days...
Found 16 qualifying markets

=== CALIBRATION SUMMARY ===
Total markets tracked: 41
New predictions today: 0
Newly resolved: 2

--- PRIMARY TRACK (policy/macro/geopolitics/elections) ---
  Resolved markets scored: 1
  Swarm avg Brier:  0.01
  Crowd avg Brier:  0.0026
  Naive avg Brier:  0.25
  Swarm vs naive:   96.0%
  Swarm vs crowd:   -284.6%
  Brier Skill Score:-2.8462  (0=crowd-level, 1=perfect, negative=worse than crowd)
  Swarm entropy:    0.469  (higher = more uncertain)
  Swarm dispersion: 0.0pts  (range of swarm predictions)
  Crowd dispersion: 0.0pts  (range of crowd predictions)
  Avg divergence:   4.9pts  (avg |swarm - crowd| on resolved markets)

--- FULL TRACK (all categories, for transparency) ---
  Resolved markets scored: 20
  Swarm avg Brier:  0.0524
  Crowd avg Brier:  0.0622
  Naive avg Brier:  0.25
  Swarm vs naive:   79.0%
  Swarm vs crowd:   15.8%
  Brier Skill Score:0.1576  (0=crowd-level, 1=perfect, negative=worse than crowd)
  Swarm entropy:    0.5891  (higher = more uncertain)
  Swarm dispersion: 21.3pts  (range of swarm predictions)
  Crowd dispersion: 67.6pts  (range of crowd predictions)
  Avg divergence:   8.8pts  (avg |swarm - crowd| on resolved markets)

Logs: /Users/latentforge/Projects/latentforge-latentmas/experiments/benchmark/calibration
Sat May 16 05:37:22 PDT 2026: SUCCESS on attempt 1
Sun May 17 05:35:51 PDT 2026: Attempt 1 of 3 — running /Users/latentforge/Projects/latentforge-latentmas/experiments/benchmark/calibration_tracker.py
LatentForge Live Calibration Tracker v1.1
Date: 2026-05-17

Checking 41 tracked markets for resolution...
  No new resolutions today.

Fetching markets closing within 90 days...
Found 18 qualifying markets

=== CALIBRATION SUMMARY ===
Total markets tracked: 41
New predictions today: 0
Newly resolved: 0

--- PRIMARY TRACK (policy/macro/geopolitics/elections) ---
  Resolved markets scored: 1
  Swarm avg Brier:  0.01
  Crowd avg Brier:  0.0026
  Naive avg Brier:  0.25
  Swarm vs naive:   96.0%
  Swarm vs crowd:   -284.6%
  Brier Skill Score:-2.8462  (0=crowd-level, 1=perfect, negative=worse than crowd)
  Swarm entropy:    0.469  (higher = more uncertain)
  Swarm dispersion: 0.0pts  (range of swarm predictions)
  Crowd dispersion: 0.0pts  (range of crowd predictions)
  Avg divergence:   4.9pts  (avg |swarm - crowd| on resolved markets)

--- FULL TRACK (all categories, for transparency) ---
  Resolved markets scored: 20
  Swarm avg Brier:  0.0524
  Crowd avg Brier:  0.0622
  Naive avg Brier:  0.25
  Swarm vs naive:   79.0%
  Swarm vs crowd:   15.8%
  Brier Skill Score:0.1576  (0=crowd-level, 1=perfect, negative=worse than crowd)
  Swarm entropy:    0.5891  (higher = more uncertain)
  Swarm dispersion: 21.3pts  (range of swarm predictions)
  Crowd dispersion: 67.6pts  (range of crowd predictions)
  Avg divergence:   8.8pts  (avg |swarm - crowd| on resolved markets)

Logs: /Users/latentforge/Projects/latentforge-latentmas/experiments/benchmark/calibration
Sun May 17 05:35:54 PDT 2026: SUCCESS on attempt 1
Mon May 18 05:32:28 PDT 2026: Attempt 1 of 3 — running /Users/latentforge/Projects/latentforge-latentmas/experiments/benchmark/calibration_tracker.py
LatentForge Live Calibration Tracker v1.1
Date: 2026-05-18

Checking 41 tracked markets for resolution...
  No new resolutions today.

Fetching markets closing within 90 days...
Found 18 qualifying markets

=== CALIBRATION SUMMARY ===
Total markets tracked: 41
New predictions today: 0
Newly resolved: 0

--- PRIMARY TRACK (policy/macro/geopolitics/elections) ---
  Resolved markets scored: 1
  Swarm avg Brier:  0.01
  Crowd avg Brier:  0.0026
  Naive avg Brier:  0.25
  Swarm vs naive:   96.0%
  Swarm vs crowd:   -284.6%
  Brier Skill Score:-2.8462  (0=crowd-level, 1=perfect, negative=worse than crowd)
  Swarm entropy:    0.469  (higher = more uncertain)
  Swarm dispersion: 0.0pts  (range of swarm predictions)
  Crowd dispersion: 0.0pts  (range of crowd predictions)
  Avg divergence:   4.9pts  (avg |swarm - crowd| on resolved markets)

--- FULL TRACK (all categories, for transparency) ---
  Resolved markets scored: 20
  Swarm avg Brier:  0.0524
  Crowd avg Brier:  0.0622
  Naive avg Brier:  0.25
  Swarm vs naive:   79.0%
  Swarm vs crowd:   15.8%
  Brier Skill Score:0.1576  (0=crowd-level, 1=perfect, negative=worse than crowd)
  Swarm entropy:    0.5891  (higher = more uncertain)
  Swarm dispersion: 21.3pts  (range of swarm predictions)
  Crowd dispersion: 67.6pts  (range of crowd predictions)
  Avg divergence:   8.8pts  (avg |swarm - crowd| on resolved markets)

Logs: /Users/latentforge/Projects/latentforge-latentmas/experiments/benchmark/calibration
Mon May 18 05:32:31 PDT 2026: SUCCESS on attempt 1
Tue May 19 05:42:39 PDT 2026: Attempt 1 of 3 — running /Users/latentforge/Projects/latentforge-latentmas/experiments/benchmark/calibration_tracker.py
LatentForge Live Calibration Tracker v1.1
Date: 2026-05-19

Checking 41 tracked markets for resolution...
  No new resolutions today.

Fetching markets closing within 90 days...
Found 17 qualifying markets

=== CALIBRATION SUMMARY ===
Total markets tracked: 41
New predictions today: 0
Newly resolved: 0

--- PRIMARY TRACK (policy/macro/geopolitics/elections) ---
  Resolved markets scored: 1
  Swarm avg Brier:  0.01
  Crowd avg Brier:  0.0026
  Naive avg Brier:  0.25
  Swarm vs naive:   96.0%
  Swarm vs crowd:   -284.6%
  Brier Skill Score:-2.8462  (0=crowd-level, 1=perfect, negative=worse than crowd)
  Swarm entropy:    0.469  (higher = more uncertain)
  Swarm dispersion: 0.0pts  (range of swarm predictions)
  Crowd dispersion: 0.0pts  (range of crowd predictions)
  Avg divergence:   4.9pts  (avg |swarm - crowd| on resolved markets)

--- FULL TRACK (all categories, for transparency) ---
  Resolved markets scored: 20
  Swarm avg Brier:  0.0524
  Crowd avg Brier:  0.0622
  Naive avg Brier:  0.25
  Swarm vs naive:   79.0%
  Swarm vs crowd:   15.8%
  Brier Skill Score:0.1576  (0=crowd-level, 1=perfect, negative=worse than crowd)
  Swarm entropy:    0.5891  (higher = more uncertain)
  Swarm dispersion: 21.3pts  (range of swarm predictions)
  Crowd dispersion: 67.6pts  (range of crowd predictions)
  Avg divergence:   8.8pts  (avg |swarm - crowd| on resolved markets)

Logs: /Users/latentforge/Projects/latentforge-latentmas/experiments/benchmark/calibration
Tue May 19 05:59:01 PDT 2026: SUCCESS on attempt 1
Wed May 20 05:34:11 PDT 2026: Attempt 1 of 3 — running /Users/latentforge/Projects/latentforge-latentmas/experiments/benchmark/calibration_tracker.py
LatentForge Live Calibration Tracker v1.1
Date: 2026-05-20

Checking 41 tracked markets for resolution...
  RESOLVED [0] Will John Cornyn win the 2026 Texas Republican Primary?
    swarm=0.5 crowd=0.39 swarm_brier=0.25

Fetching markets closing within 90 days...
Found 18 qualifying markets

=== CALIBRATION SUMMARY ===
Total markets tracked: 41
New predictions today: 0
Newly resolved: 1

--- PRIMARY TRACK (policy/macro/geopolitics/elections) ---
  Resolved markets scored: 2
  Swarm avg Brier:  0.13
  Crowd avg Brier:  0.0774
  Naive avg Brier:  0.25
  Swarm vs naive:   48.0%
  Swarm vs crowd:   -68.0%
  Brier Skill Score:-0.6796  (0=crowd-level, 1=perfect, negative=worse than crowd)
  Swarm entropy:    0.7345  (higher = more uncertain)
  Swarm dispersion: 40.0pts  (range of swarm predictions)
  Crowd dispersion: 33.9pts  (range of crowd predictions)
  Avg divergence:   8.0pts  (avg |swarm - crowd| on resolved markets)

--- FULL TRACK (all categories, for transparency) ---
  Resolved markets scored: 21
  Swarm avg Brier:  0.0618
  Crowd avg Brier:  0.0665
  Naive avg Brier:  0.25
  Swarm vs naive:   75.3%
  Swarm vs crowd:   7.1%
  Brier Skill Score:0.0707  (0=crowd-level, 1=perfect, negative=worse than crowd)
  Swarm entropy:    0.6086  (higher = more uncertain)
  Swarm dispersion: 46.3pts  (range of swarm predictions)
  Crowd dispersion: 67.6pts  (range of crowd predictions)
  Avg divergence:   8.9pts  (avg |swarm - crowd| on resolved markets)

Logs: /Users/latentforge/Projects/latentforge-latentmas/experiments/benchmark/calibration
Wed May 20 06:07:00 PDT 2026: SUCCESS on attempt 1
Thu May 21 05:34:43 PDT 2026: Attempt 1 of 3 — running /Users/latentforge/Projects/latentforge-latentmas/experiments/benchmark/calibration_tracker.py
LatentForge Live Calibration Tracker v1.1
Date: 2026-05-21

Checking 41 tracked markets for resolution...
  No new resolutions today.

Fetching markets closing within 90 days...
Found 17 qualifying markets

=== CALIBRATION SUMMARY ===
Total markets tracked: 41
New predictions today: 0
Newly resolved: 0

--- PRIMARY TRACK (policy/macro/geopolitics/elections) ---
  Resolved markets scored: 2
  Swarm avg Brier:  0.13
  Crowd avg Brier:  0.0774
  Naive avg Brier:  0.25
  Swarm vs naive:   48.0%
  Swarm vs crowd:   -68.0%
  Brier Skill Score:-0.6796  (0=crowd-level, 1=perfect, negative=worse than crowd)
  Swarm entropy:    0.7345  (higher = more uncertain)
  Swarm dispersion: 40.0pts  (range of swarm predictions)
  Crowd dispersion: 33.9pts  (range of crowd predictions)
  Avg divergence:   8.0pts  (avg |swarm - crowd| on resolved markets)

--- FULL TRACK (all categories, for transparency) ---
  Resolved markets scored: 21
  Swarm avg Brier:  0.0618
  Crowd avg Brier:  0.0665
  Naive avg Brier:  0.25
  Swarm vs naive:   75.3%
  Swarm vs crowd:   7.1%
  Brier Skill Score:0.0707  (0=crowd-level, 1=perfect, negative=worse than crowd)
  Swarm entropy:    0.6086  (higher = more uncertain)
  Swarm dispersion: 46.3pts  (range of swarm predictions)
  Crowd dispersion: 67.6pts  (range of crowd predictions)
  Avg divergence:   8.9pts  (avg |swarm - crowd| on resolved markets)

Logs: /Users/latentforge/Projects/latentforge-latentmas/experiments/benchmark/calibration
Thu May 21 05:51:07 PDT 2026: SUCCESS on attempt 1
Fri May 22 05:44:14 PDT 2026: Attempt 1 of 3 — running /Users/latentforge/Projects/latentforge-latentmas/experiments/benchmark/calibration_tracker.py
LatentForge Live Calibration Tracker v1.1
Date: 2026-05-22

Checking 41 tracked markets for resolution...
  No new resolutions today.

Fetching markets closing within 90 days...
Traceback (most recent call last):
  File "/Library/Developer/CommandLineTools/Library/Frameworks/Python3.framework/Versions/3.9/lib/python3.9/urllib/request.py", line 1346, in do_open
    h.request(req.get_method(), req.selector, req.data, headers,
  File "/Library/Developer/CommandLineTools/Library/Frameworks/Python3.framework/Versions/3.9/lib/python3.9/http/client.py", line 1257, in request
    self._send_request(method, url, body, headers, encode_chunked)
  File "/Library/Developer/CommandLineTools/Library/Frameworks/Python3.framework/Versions/3.9/lib/python3.9/http/client.py", line 1303, in _send_request
    self.endheaders(body, encode_chunked=encode_chunked)
  File "/Library/Developer/CommandLineTools/Library/Frameworks/Python3.framework/Versions/3.9/lib/python3.9/http/client.py", line 1252, in endheaders
    self._send_output(message_body, encode_chunked=encode_chunked)
  File "/Library/Developer/CommandLineTools/Library/Frameworks/Python3.framework/Versions/3.9/lib/python3.9/http/client.py", line 1012, in _send_output
    self.send(msg)
  File "/Library/Developer/CommandLineTools/Library/Frameworks/Python3.framework/Versions/3.9/lib/python3.9/http/client.py", line 952, in send
    self.connect()
  File "/Library/Developer/CommandLineTools/Library/Frameworks/Python3.framework/Versions/3.9/lib/python3.9/http/client.py", line 1426, in connect
    self.sock = self._context.wrap_socket(self.sock,
  File "/Library/Developer/CommandLineTools/Library/Frameworks/Python3.framework/Versions/3.9/lib/python3.9/ssl.py", line 500, in wrap_socket
    return self.sslsocket_class._create(
  File "/Library/Developer/CommandLineTools/Library/Frameworks/Python3.framework/Versions/3.9/lib/python3.9/ssl.py", line 1040, in _create
    self.do_handshake()
  File "/Library/Developer/CommandLineTools/Library/Frameworks/Python3.framework/Versions/3.9/lib/python3.9/ssl.py", line 1309, in do_handshake
    self._sslobj.do_handshake()
ConnectionResetError: [Errno 54] Connection reset by peer

During handling of the above exception, another exception occurred:

Traceback (most recent call last):
  File "/Users/latentforge/Projects/latentforge-latentmas/experiments/benchmark/calibration_tracker.py", line 304, in <module>
    run()
  File "/Users/latentforge/Projects/latentforge-latentmas/experiments/benchmark/calibration_tracker.py", line 220, in run
    markets = fetch_near_term_markets(days=90, limit=200)
  File "/Users/latentforge/Projects/latentforge-latentmas/experiments/benchmark/calibration_tracker.py", line 53, in fetch_near_term_markets
    with urllib.request.urlopen(req, timeout=15) as r:
  File "/Library/Developer/CommandLineTools/Library/Frameworks/Python3.framework/Versions/3.9/lib/python3.9/urllib/request.py", line 214, in urlopen
    return opener.open(url, data, timeout)
  File "/Library/Developer/CommandLineTools/Library/Frameworks/Python3.framework/Versions/3.9/lib/python3.9/urllib/request.py", line 517, in open
    response = self._open(req, data)
  File "/Library/Developer/CommandLineTools/Library/Frameworks/Python3.framework/Versions/3.9/lib/python3.9/urllib/request.py", line 534, in _open
    result = self._call_chain(self.handle_open, protocol, protocol +
  File "/Library/Developer/CommandLineTools/Library/Frameworks/Python3.framework/Versions/3.9/lib/python3.9/urllib/request.py", line 494, in _call_chain
    result = func(*args)
  File "/Library/Developer/CommandLineTools/Library/Frameworks/Python3.framework/Versions/3.9/lib/python3.9/urllib/request.py", line 1389, in https_open
    return self.do_open(http.client.HTTPSConnection, req,
  File "/Library/Developer/CommandLineTools/Library/Frameworks/Python3.framework/Versions/3.9/lib/python3.9/urllib/request.py", line 1349, in do_open
    raise URLError(err)
urllib.error.URLError: <urlopen error [Errno 54] Connection reset by peer>
Fri May 22 06:01:26 PDT 2026: FAILED on attempt 1 (exit code 1)
Fri May 22 06:01:26 PDT 2026: Retrying in 300s...
Fri May 22 18:03:06 PDT 2026: Attempt 2 of 3 — running /Users/latentforge/Projects/latentforge-latentmas/experiments/benchmark/calibration_tracker.py
LatentForge Live Calibration Tracker v1.1
Date: 2026-05-22

Checking 41 tracked markets for resolution...
  No new resolutions today.

Fetching markets closing within 90 days...
Found 18 qualifying markets

=== CALIBRATION SUMMARY ===
Total markets tracked: 41
New predictions today: 0
Newly resolved: 0

--- PRIMARY TRACK (policy/macro/geopolitics/elections) ---
  Resolved markets scored: 2
  Swarm avg Brier:  0.13
  Crowd avg Brier:  0.0774
  Naive avg Brier:  0.25
  Swarm vs naive:   48.0%
  Swarm vs crowd:   -68.0%
  Brier Skill Score:-0.6796  (0=crowd-level, 1=perfect, negative=worse than crowd)
  Swarm entropy:    0.7345  (higher = more uncertain)
  Swarm dispersion: 40.0pts  (range of swarm predictions)
  Crowd dispersion: 33.9pts  (range of crowd predictions)
  Avg divergence:   8.0pts  (avg |swarm - crowd| on resolved markets)

--- FULL TRACK (all categories, for transparency) ---
  Resolved markets scored: 21
  Swarm avg Brier:  0.0618
  Crowd avg Brier:  0.0665
  Naive avg Brier:  0.25
  Swarm vs naive:   75.3%
  Swarm vs crowd:   7.1%
  Brier Skill Score:0.0707  (0=crowd-level, 1=perfect, negative=worse than crowd)
  Swarm entropy:    0.6086  (higher = more uncertain)
  Swarm dispersion: 46.3pts  (range of swarm predictions)
  Crowd dispersion: 67.6pts  (range of crowd predictions)
  Avg divergence:   8.9pts  (avg |swarm - crowd| on resolved markets)

Logs: /Users/latentforge/Projects/latentforge-latentmas/experiments/benchmark/calibration
Fri May 22 18:03:08 PDT 2026: SUCCESS on attempt 2
Sat May 23 05:32:50 PDT 2026: Attempt 1 of 3 — running /Users/latentforge/Projects/latentforge-latentmas/experiments/benchmark/calibration_tracker.py
LatentForge Live Calibration Tracker v1.1
Date: 2026-05-23

Checking 41 tracked markets for resolution...
  No new resolutions today.

Fetching markets closing within 90 days...
Found 17 qualifying markets

=== CALIBRATION SUMMARY ===
Total markets tracked: 41
New predictions today: 0
Newly resolved: 0

--- PRIMARY TRACK (policy/macro/geopolitics/elections) ---
  Resolved markets scored: 2
  Swarm avg Brier:  0.13
  Crowd avg Brier:  0.0774
  Naive avg Brier:  0.25
  Swarm vs naive:   48.0%
  Swarm vs crowd:   -68.0%
  Brier Skill Score:-0.6796  (0=crowd-level, 1=perfect, negative=worse than crowd)
  Swarm entropy:    0.7345  (higher = more uncertain)
  Swarm dispersion: 40.0pts  (range of swarm predictions)
  Crowd dispersion: 33.9pts  (range of crowd predictions)
  Avg divergence:   8.0pts  (avg |swarm - crowd| on resolved markets)

--- FULL TRACK (all categories, for transparency) ---
  Resolved markets scored: 21
  Swarm avg Brier:  0.0618
  Crowd avg Brier:  0.0665
  Naive avg Brier:  0.25
  Swarm vs naive:   75.3%
  Swarm vs crowd:   7.1%
  Brier Skill Score:0.0707  (0=crowd-level, 1=perfect, negative=worse than crowd)
  Swarm entropy:    0.6086  (higher = more uncertain)
  Swarm dispersion: 46.3pts  (range of swarm predictions)
  Crowd dispersion: 67.6pts  (range of crowd predictions)
  Avg divergence:   8.9pts  (avg |swarm - crowd| on resolved markets)

Logs: /Users/latentforge/Projects/latentforge-latentmas/experiments/benchmark/calibration
Sat May 23 05:49:52 PDT 2026: SUCCESS on attempt 1
Sun May 24 05:42:07 PDT 2026: Attempt 1 of 3 — running /Users/latentforge/Projects/latentforge-latentmas/experiments/benchmark/calibration_tracker.py
LatentForge Live Calibration Tracker v1.1
Date: 2026-05-24

Checking 41 tracked markets for resolution...
  RESOLVED [1] Will Ken Paxton win the 2026 Texas Republican Primary?
    swarm=0.5 crowd=0.57 swarm_brier=0.25

Fetching markets closing within 90 days...
Found 18 qualifying markets

=== CALIBRATION SUMMARY ===
Total markets tracked: 41
New predictions today: 0
Newly resolved: 1

--- PRIMARY TRACK (policy/macro/geopolitics/elections) ---
  Resolved markets scored: 3
  Swarm avg Brier:  0.17
  Crowd avg Brier:  0.1132
  Naive avg Brier:  0.25
  Swarm vs naive:   32.0%
  Swarm vs crowd:   -50.2%
  Brier Skill Score:-0.5018  (0=crowd-level, 1=perfect, negative=worse than crowd)
  Swarm entropy:    0.823  (higher = more uncertain)
  Swarm dispersion: 40.0pts  (range of swarm predictions)
  Crowd dispersion: 51.9pts  (range of crowd predictions)
  Avg divergence:   7.6pts  (avg |swarm - crowd| on resolved markets)

--- FULL TRACK (all categories, for transparency) ---
  Resolved markets scored: 22
  Swarm avg Brier:  0.0704
  Crowd avg Brier:  0.0718
  Naive avg Brier:  0.25
  Swarm vs naive:   71.8%
  Swarm vs crowd:   1.9%
  Brier Skill Score:0.0195  (0=crowd-level, 1=perfect, negative=worse than crowd)
  Swarm entropy:    0.6264  (higher = more uncertain)
  Swarm dispersion: 46.3pts  (range of swarm predictions)
  Crowd dispersion: 67.6pts  (range of crowd predictions)
  Avg divergence:   8.8pts  (avg |swarm - crowd| on resolved markets)

Logs: /Users/latentforge/Projects/latentforge-latentmas/experiments/benchmark/calibration
Sun May 24 05:42:10 PDT 2026: SUCCESS on attempt 1
Mon May 25 05:32:34 PDT 2026: Attempt 1 of 3 — running /Users/latentforge/Projects/latentforge-latentmas/experiments/benchmark/calibration_tracker.py
LatentForge Live Calibration Tracker v1.1
Date: 2026-05-25

Checking 41 tracked markets for resolution...
  No new resolutions today.

Fetching markets closing within 90 days...
Found 20 qualifying markets

=== CALIBRATION SUMMARY ===
Total markets tracked: 41
New predictions today: 0
Newly resolved: 0

--- PRIMARY TRACK (policy/macro/geopolitics/elections) ---
  Resolved markets scored: 3
  Swarm avg Brier:  0.17
  Crowd avg Brier:  0.1132
  Naive avg Brier:  0.25
  Swarm vs naive:   32.0%
  Swarm vs crowd:   -50.2%
  Brier Skill Score:-0.5018  (0=crowd-level, 1=perfect, negative=worse than crowd)
  Swarm entropy:    0.823  (higher = more uncertain)
  Swarm dispersion: 40.0pts  (range of swarm predictions)
  Crowd dispersion: 51.9pts  (range of crowd predictions)
  Avg divergence:   7.6pts  (avg |swarm - crowd| on resolved markets)

--- FULL TRACK (all categories, for transparency) ---
  Resolved markets scored: 22
  Swarm avg Brier:  0.0704
  Crowd avg Brier:  0.0718
  Naive avg Brier:  0.25
  Swarm vs naive:   71.8%
  Swarm vs crowd:   1.9%
  Brier Skill Score:0.0195  (0=crowd-level, 1=perfect, negative=worse than crowd)
  Swarm entropy:    0.6264  (higher = more uncertain)
  Swarm dispersion: 46.3pts  (range of swarm predictions)
  Crowd dispersion: 67.6pts  (range of crowd predictions)
  Avg divergence:   8.8pts  (avg |swarm - crowd| on resolved markets)

Logs: /Users/latentforge/Projects/latentforge-latentmas/experiments/benchmark/calibration
Mon May 25 05:32:37 PDT 2026: SUCCESS on attempt 1
Tue May 26 05:33:55 PDT 2026: Attempt 1 of 3 — running /Users/latentforge/Projects/latentforge-latentmas/experiments/benchmark/calibration_tracker.py
LatentForge Live Calibration Tracker v1.1
Date: 2026-05-26

Checking 41 tracked markets for resolution...
  No new resolutions today.

Fetching markets closing within 90 days...
Found 18 qualifying markets

=== CALIBRATION SUMMARY ===
Total markets tracked: 41
New predictions today: 0
Newly resolved: 0

--- PRIMARY TRACK (policy/macro/geopolitics/elections) ---
  Resolved markets scored: 3
  Swarm avg Brier:  0.17
  Crowd avg Brier:  0.1132
  Naive avg Brier:  0.25
  Swarm vs naive:   32.0%
  Swarm vs crowd:   -50.2%
  Brier Skill Score:-0.5018  (0=crowd-level, 1=perfect, negative=worse than crowd)
  Swarm entropy:    0.823  (higher = more uncertain)
  Swarm dispersion: 40.0pts  (range of swarm predictions)
  Crowd dispersion: 51.9pts  (range of crowd predictions)
  Avg divergence:   7.6pts  (avg |swarm - crowd| on resolved markets)

--- FULL TRACK (all categories, for transparency) ---
  Resolved markets scored: 22
  Swarm avg Brier:  0.0704
  Crowd avg Brier:  0.0718
  Naive avg Brier:  0.25
  Swarm vs naive:   71.8%
  Swarm vs crowd:   1.9%
  Brier Skill Score:0.0195  (0=crowd-level, 1=perfect, negative=worse than crowd)
  Swarm entropy:    0.6264  (higher = more uncertain)
  Swarm dispersion: 46.3pts  (range of swarm predictions)
  Crowd dispersion: 67.6pts  (range of crowd predictions)
  Avg divergence:   8.8pts  (avg |swarm - crowd| on resolved markets)

Logs: /Users/latentforge/Projects/latentforge-latentmas/experiments/benchmark/calibration
Tue May 26 05:33:57 PDT 2026: SUCCESS on attempt 1
Wed May 27 05:41:54 PDT 2026: Attempt 1 of 3 — running /Users/latentforge/Projects/latentforge-latentmas/experiments/benchmark/calibration_tracker.py
LatentForge Live Calibration Tracker v1.1
Date: 2026-05-27

Checking 41 tracked markets for resolution...
  RESOLVED [0] Will the Colorado Avalanche win the 2026 NHL Stanley Cup?
    swarm=0.15 crowd=0.197 swarm_brier=0.0225

Fetching markets closing within 90 days...
Found 16 qualifying markets

=== CALIBRATION SUMMARY ===
Total markets tracked: 41
New predictions today: 0
Newly resolved: 1

--- PRIMARY TRACK (policy/macro/geopolitics/elections) ---
  Resolved markets scored: 3
  Swarm avg Brier:  0.17
  Crowd avg Brier:  0.1132
  Naive avg Brier:  0.25
  Swarm vs naive:   32.0%
  Swarm vs crowd:   -50.2%
  Brier Skill Score:-0.5018  (0=crowd-level, 1=perfect, negative=worse than crowd)
  Swarm entropy:    0.823  (higher = more uncertain)
  Swarm dispersion: 40.0pts  (range of swarm predictions)
  Crowd dispersion: 51.9pts  (range of crowd predictions)
  Avg divergence:   7.6pts  (avg |swarm - crowd| on resolved markets)

--- FULL TRACK (all categories, for transparency) ---
  Resolved markets scored: 23
  Swarm avg Brier:  0.0683
  Crowd avg Brier:  0.0704
  Naive avg Brier:  0.25
  Swarm vs naive:   72.7%
  Swarm vs crowd:   3.0%
  Brier Skill Score:0.0298  (0=crowd-level, 1=perfect, negative=worse than crowd)
  Swarm entropy:    0.6257  (higher = more uncertain)
  Swarm dispersion: 46.3pts  (range of swarm predictions)
  Crowd dispersion: 67.6pts  (range of crowd predictions)
  Avg divergence:   8.7pts  (avg |swarm - crowd| on resolved markets)

Logs: /Users/latentforge/Projects/latentforge-latentmas/experiments/benchmark/calibration
Wed May 27 05:41:57 PDT 2026: SUCCESS on attempt 1
Thu May 28 05:39:14 PDT 2026: Attempt 1 of 3 — running /Users/latentforge/Projects/latentforge-latentmas/experiments/benchmark/calibration_tracker.py
LatentForge Live Calibration Tracker v1.1
Date: 2026-05-28

Checking 41 tracked markets for resolution...
  No new resolutions today.

Fetching markets closing within 90 days...
Found 17 qualifying markets

=== CALIBRATION SUMMARY ===
Total markets tracked: 41
New predictions today: 0
Newly resolved: 0

--- PRIMARY TRACK (policy/macro/geopolitics/elections) ---
  Resolved markets scored: 3
  Swarm avg Brier:  0.17
  Crowd avg Brier:  0.1132
  Naive avg Brier:  0.25
  Swarm vs naive:   32.0%
  Swarm vs crowd:   -50.2%
  Brier Skill Score:-0.5018  (0=crowd-level, 1=perfect, negative=worse than crowd)
  Swarm entropy:    0.823  (higher = more uncertain)
  Swarm dispersion: 40.0pts  (range of swarm predictions)
  Crowd dispersion: 51.9pts  (range of crowd predictions)
  Avg divergence:   7.6pts  (avg |swarm - crowd| on resolved markets)

--- FULL TRACK (all categories, for transparency) ---
  Resolved markets scored: 23
  Swarm avg Brier:  0.0683
  Crowd avg Brier:  0.0704
  Naive avg Brier:  0.25
  Swarm vs naive:   72.7%
  Swarm vs crowd:   3.0%
  Brier Skill Score:0.0298  (0=crowd-level, 1=perfect, negative=worse than crowd)
  Swarm entropy:    0.6257  (higher = more uncertain)
  Swarm dispersion: 46.3pts  (range of swarm predictions)
  Crowd dispersion: 67.6pts  (range of crowd predictions)
  Avg divergence:   8.7pts  (avg |swarm - crowd| on resolved markets)

Logs: /Users/latentforge/Projects/latentforge-latentmas/experiments/benchmark/calibration
Thu May 28 05:39:17 PDT 2026: SUCCESS on attempt 1
Fri May 29 05:39:53 PDT 2026: Attempt 1 of 3 — running /Users/latentforge/Projects/latentforge-latentmas/experiments/benchmark/calibration_tracker.py
LatentForge Live Calibration Tracker v1.1
Date: 2026-05-29

Checking 41 tracked markets for resolution...
  No new resolutions today.

Fetching markets closing within 90 days...
Found 16 qualifying markets

=== CALIBRATION SUMMARY ===
Total markets tracked: 41
New predictions today: 0
Newly resolved: 0

--- PRIMARY TRACK (policy/macro/geopolitics/elections) ---
  Resolved markets scored: 3
  Swarm avg Brier:  0.17
  Crowd avg Brier:  0.1132
  Naive avg Brier:  0.25
  Swarm vs naive:   32.0%
  Swarm vs crowd:   -50.2%
  Brier Skill Score:-0.5018  (0=crowd-level, 1=perfect, negative=worse than crowd)
  Swarm entropy:    0.823  (higher = more uncertain)
  Swarm dispersion: 40.0pts  (range of swarm predictions)
  Crowd dispersion: 51.9pts  (range of crowd predictions)
  Avg divergence:   7.6pts  (avg |swarm - crowd| on resolved markets)

--- FULL TRACK (all categories, for transparency) ---
  Resolved markets scored: 23
  Swarm avg Brier:  0.0683
  Crowd avg Brier:  0.0704
  Naive avg Brier:  0.25
  Swarm vs naive:   72.7%
  Swarm vs crowd:   3.0%
  Brier Skill Score:0.0298  (0=crowd-level, 1=perfect, negative=worse than crowd)
  Swarm entropy:    0.6257  (higher = more uncertain)
  Swarm dispersion: 46.3pts  (range of swarm predictions)
  Crowd dispersion: 67.6pts  (range of crowd predictions)
  Avg divergence:   8.7pts  (avg |swarm - crowd| on resolved markets)

Logs: /Users/latentforge/Projects/latentforge-latentmas/experiments/benchmark/calibration
Fri May 29 05:39:55 PDT 2026: SUCCESS on attempt 1
Sat May 30 05:30:06 PDT 2026: Attempt 1 of 3 — running /Users/latentforge/Projects/latentforge-latentmas/experiments/benchmark/calibration_tracker.py
LatentForge Live Calibration Tracker v1.1
Date: 2026-05-30

Checking 41 tracked markets for resolution...
  No new resolutions today.

Fetching markets closing within 90 days...
Found 15 qualifying markets

=== CALIBRATION SUMMARY ===
Total markets tracked: 41
New predictions today: 0
Newly resolved: 0

--- PRIMARY TRACK (policy/macro/geopolitics/elections) ---
  Resolved markets scored: 3
  Swarm avg Brier:  0.17
  Crowd avg Brier:  0.1132
  Naive avg Brier:  0.25
  Swarm vs naive:   32.0%
  Swarm vs crowd:   -50.2%
  Brier Skill Score:-0.5018  (0=crowd-level, 1=perfect, negative=worse than crowd)
  Swarm entropy:    0.823  (higher = more uncertain)
  Swarm dispersion: 40.0pts  (range of swarm predictions)
  Crowd dispersion: 51.9pts  (range of crowd predictions)
  Avg divergence:   7.6pts  (avg |swarm - crowd| on resolved markets)

--- FULL TRACK (all categories, for transparency) ---
  Resolved markets scored: 23
  Swarm avg Brier:  0.0683
  Crowd avg Brier:  0.0704
  Naive avg Brier:  0.25
  Swarm vs naive:   72.7%
  Swarm vs crowd:   3.0%
  Brier Skill Score:0.0298  (0=crowd-level, 1=perfect, negative=worse than crowd)
  Swarm entropy:    0.6257  (higher = more uncertain)
  Swarm dispersion: 46.3pts  (range of swarm predictions)
  Crowd dispersion: 67.6pts  (range of crowd predictions)
  Avg divergence:   8.7pts  (avg |swarm - crowd| on resolved markets)

Logs: /Users/latentforge/Projects/latentforge-latentmas/experiments/benchmark/calibration
Sat May 30 05:30:09 PDT 2026: SUCCESS on attempt 1
Sun May 31 05:42:24 PDT 2026: Attempt 1 of 3 — running /Users/latentforge/Projects/latentforge-latentmas/experiments/benchmark/calibration_tracker.py
LatentForge Live Calibration Tracker v1.1
Date: 2026-05-31

Checking 41 tracked markets for resolution...
  No new resolutions today.

Fetching markets closing within 90 days...
Traceback (most recent call last):
  File "/Library/Developer/CommandLineTools/Library/Frameworks/Python3.framework/Versions/3.9/lib/python3.9/urllib/request.py", line 1346, in do_open
    h.request(req.get_method(), req.selector, req.data, headers,
  File "/Library/Developer/CommandLineTools/Library/Frameworks/Python3.framework/Versions/3.9/lib/python3.9/http/client.py", line 1257, in request
    self._send_request(method, url, body, headers, encode_chunked)
  File "/Library/Developer/CommandLineTools/Library/Frameworks/Python3.framework/Versions/3.9/lib/python3.9/http/client.py", line 1303, in _send_request
    self.endheaders(body, encode_chunked=encode_chunked)
  File "/Library/Developer/CommandLineTools/Library/Frameworks/Python3.framework/Versions/3.9/lib/python3.9/http/client.py", line 1252, in endheaders
    self._send_output(message_body, encode_chunked=encode_chunked)
  File "/Library/Developer/CommandLineTools/Library/Frameworks/Python3.framework/Versions/3.9/lib/python3.9/http/client.py", line 1012, in _send_output
    self.send(msg)
  File "/Library/Developer/CommandLineTools/Library/Frameworks/Python3.framework/Versions/3.9/lib/python3.9/http/client.py", line 952, in send
    self.connect()
  File "/Library/Developer/CommandLineTools/Library/Frameworks/Python3.framework/Versions/3.9/lib/python3.9/http/client.py", line 1419, in connect
    super().connect()
  File "/Library/Developer/CommandLineTools/Library/Frameworks/Python3.framework/Versions/3.9/lib/python3.9/http/client.py", line 923, in connect
    self.sock = self._create_connection(
  File "/Library/Developer/CommandLineTools/Library/Frameworks/Python3.framework/Versions/3.9/lib/python3.9/socket.py", line 822, in create_connection
    for res in getaddrinfo(host, port, 0, SOCK_STREAM):
  File "/Library/Developer/CommandLineTools/Library/Frameworks/Python3.framework/Versions/3.9/lib/python3.9/socket.py", line 953, in getaddrinfo
    for res in _socket.getaddrinfo(host, port, family, type, proto, flags):
socket.gaierror: [Errno 8] nodename nor servname provided, or not known

During handling of the above exception, another exception occurred:

Traceback (most recent call last):
  File "/Users/latentforge/Projects/latentforge-latentmas/experiments/benchmark/calibration_tracker.py", line 300, in <module>
    run()
  File "/Users/latentforge/Projects/latentforge-latentmas/experiments/benchmark/calibration_tracker.py", line 216, in run
    markets = fetch_near_term_markets(days=90, limit=200)
  File "/Users/latentforge/Projects/latentforge-latentmas/experiments/benchmark/calibration_tracker.py", line 49, in fetch_near_term_markets
    with urllib.request.urlopen(req, timeout=15) as r:
  File "/Library/Developer/CommandLineTools/Library/Frameworks/Python3.framework/Versions/3.9/lib/python3.9/urllib/request.py", line 214, in urlopen
    return opener.open(url, data, timeout)
  File "/Library/Developer/CommandLineTools/Library/Frameworks/Python3.framework/Versions/3.9/lib/python3.9/urllib/request.py", line 517, in open
    response = self._open(req, data)
  File "/Library/Developer/CommandLineTools/Library/Frameworks/Python3.framework/Versions/3.9/lib/python3.9/urllib/request.py", line 534, in _open
    result = self._call_chain(self.handle_open, protocol, protocol +
  File "/Library/Developer/CommandLineTools/Library/Frameworks/Python3.framework/Versions/3.9/lib/python3.9/urllib/request.py", line 494, in _call_chain
    result = func(*args)
  File "/Library/Developer/CommandLineTools/Library/Frameworks/Python3.framework/Versions/3.9/lib/python3.9/urllib/request.py", line 1389, in https_open
    return self.do_open(http.client.HTTPSConnection, req,
  File "/Library/Developer/CommandLineTools/Library/Frameworks/Python3.framework/Versions/3.9/lib/python3.9/urllib/request.py", line 1349, in do_open
    raise URLError(err)
urllib.error.URLError: <urlopen error [Errno 8] nodename nor servname provided, or not known>
Sun May 31 05:42:25 PDT 2026: FAILED on attempt 1 (exit code 1)
Sun May 31 05:42:25 PDT 2026: Retrying in 300s...
Sun May 31 23:42:26 IST 2026: Attempt 2 of 3 — running /Users/latentforge/Projects/latentforge-latentmas/experiments/benchmark/calibration_tracker.py
LatentForge Live Calibration Tracker v1.1
Date: 2026-05-31

Checking 41 tracked markets for resolution...
  RESOLVED [0] Will the Oklahoma City Thunder win the 2026 NBA Finals?
    swarm=0.15 crowd=0.38 swarm_brier=0.0225

Fetching markets closing within 90 days...
Found 15 qualifying markets

=== CALIBRATION SUMMARY ===
Total markets tracked: 41
New predictions today: 0
Newly resolved: 1

--- PRIMARY TRACK (policy/macro/geopolitics/elections) ---
  Resolved markets scored: 3
  Swarm avg Brier:  0.17
  Crowd avg Brier:  0.1132
  Naive avg Brier:  0.25
  Swarm vs naive:   32.0%
  Swarm vs crowd:   -50.2%
  Brier Skill Score:-0.5018  (0=crowd-level, 1=perfect, negative=worse than crowd)
  Swarm entropy:    0.823  (higher = more uncertain)
  Swarm dispersion: 40.0pts  (range of swarm predictions)
  Crowd dispersion: 51.9pts  (range of crowd predictions)
  Avg divergence:   7.6pts  (avg |swarm - crowd| on resolved markets)

--- FULL TRACK (all categories, for transparency) ---
  Resolved markets scored: 24
  Swarm avg Brier:  0.0664
  Crowd avg Brier:  0.0735
  Naive avg Brier:  0.25
  Swarm vs naive:   73.4%
  Swarm vs crowd:   9.7%
  Brier Skill Score:0.0966  (0=crowd-level, 1=perfect, negative=worse than crowd)
  Swarm entropy:    0.625  (higher = more uncertain)
  Swarm dispersion: 46.3pts  (range of swarm predictions)
  Crowd dispersion: 67.6pts  (range of crowd predictions)
  Avg divergence:   9.3pts  (avg |swarm - crowd| on resolved markets)

Logs: /Users/latentforge/Projects/latentforge-latentmas/experiments/benchmark/calibration
Mon Jun  1 00:00:08 IST 2026: SUCCESS on attempt 2
Mon Jun  1 13:41:54 IST 2026: Attempt 1 of 3 — running /Users/latentforge/Projects/latentforge-latentmas/experiments/benchmark/calibration_tracker.py
LatentForge Live Calibration Tracker v1.1
Date: 2026-06-01

Checking 41 tracked markets for resolution...
  No new resolutions today.

Fetching markets closing within 90 days...
Found 14 qualifying markets

=== CALIBRATION SUMMARY ===
Total markets tracked: 41
New predictions today: 0
Newly resolved: 0

--- PRIMARY TRACK (policy/macro/geopolitics/elections) ---
  Resolved markets scored: 3
  Swarm avg Brier:  0.17
  Crowd avg Brier:  0.1132
  Naive avg Brier:  0.25
  Swarm vs naive:   32.0%
  Swarm vs crowd:   -50.2%
  Brier Skill Score:-0.5018  (0=crowd-level, 1=perfect, negative=worse than crowd)
  Swarm entropy:    0.823  (higher = more uncertain)
  Swarm dispersion: 40.0pts  (range of swarm predictions)
  Crowd dispersion: 51.9pts  (range of crowd predictions)
  Avg divergence:   7.6pts  (avg |swarm - crowd| on resolved markets)

--- FULL TRACK (all categories, for transparency) ---
  Resolved markets scored: 24
  Swarm avg Brier:  0.0664
  Crowd avg Brier:  0.0735
  Naive avg Brier:  0.25
  Swarm vs naive:   73.4%
  Swarm vs crowd:   9.7%
  Brier Skill Score:0.0966  (0=crowd-level, 1=perfect, negative=worse than crowd)
  Swarm entropy:    0.625  (higher = more uncertain)
  Swarm dispersion: 46.3pts  (range of swarm predictions)
  Crowd dispersion: 67.6pts  (range of crowd predictions)
  Avg divergence:   9.3pts  (avg |swarm - crowd| on resolved markets)

Logs: /Users/latentforge/Projects/latentforge-latentmas/experiments/benchmark/calibration
Mon Jun  1 13:41:56 IST 2026: SUCCESS on attempt 1
Tue Jun  2 13:42:06 IST 2026: Attempt 1 of 3 — running /Users/latentforge/Projects/latentforge-latentmas/experiments/benchmark/calibration_tracker.py
LatentForge Live Calibration Tracker v1.1
Date: 2026-06-02

Checking 41 tracked markets for resolution...
  No new resolutions today.

Fetching markets closing within 90 days...
Found 14 qualifying markets

=== CALIBRATION SUMMARY ===
Total markets tracked: 41
New predictions today: 0
Newly resolved: 0

--- PRIMARY TRACK (policy/macro/geopolitics/elections) ---
  Resolved markets scored: 3
  Swarm avg Brier:  0.17
  Crowd avg Brier:  0.1132
  Naive avg Brier:  0.25
  Swarm vs naive:   32.0%
  Swarm vs crowd:   -50.2%
  Brier Skill Score:-0.5018  (0=crowd-level, 1=perfect, negative=worse than crowd)
  Swarm entropy:    0.823  (higher = more uncertain)
  Swarm dispersion: 40.0pts  (range of swarm predictions)
  Crowd dispersion: 51.9pts  (range of crowd predictions)
  Avg divergence:   7.6pts  (avg |swarm - crowd| on resolved markets)

--- FULL TRACK (all categories, for transparency) ---
  Resolved markets scored: 24
  Swarm avg Brier:  0.0664
  Crowd avg Brier:  0.0735
  Naive avg Brier:  0.25
  Swarm vs naive:   73.4%
  Swarm vs crowd:   9.7%
  Brier Skill Score:0.0966  (0=crowd-level, 1=perfect, negative=worse than crowd)
  Swarm entropy:    0.625  (higher = more uncertain)
  Swarm dispersion: 46.3pts  (range of swarm predictions)
  Crowd dispersion: 67.6pts  (range of crowd predictions)
  Avg divergence:   9.3pts  (avg |swarm - crowd| on resolved markets)

Logs: /Users/latentforge/Projects/latentforge-latentmas/experiments/benchmark/calibration
Tue Jun  2 13:42:07 IST 2026: SUCCESS on attempt 1
Wed Jun  3 13:40:21 IST 2026: Attempt 1 of 3 — running /Users/latentforge/Projects/latentforge-latentmas/experiments/benchmark/calibration_tracker.py
LatentForge Live Calibration Tracker v1.1
Date: 2026-06-03

Checking 41 tracked markets for resolution...
  No new resolutions today.

Fetching markets closing within 90 days...
Found 15 qualifying markets

=== CALIBRATION SUMMARY ===
Total markets tracked: 41
New predictions today: 0
Newly resolved: 0

--- PRIMARY TRACK (policy/macro/geopolitics/elections) ---
  Resolved markets scored: 3
  Swarm avg Brier:  0.17
  Crowd avg Brier:  0.1132
  Naive avg Brier:  0.25
  Swarm vs naive:   32.0%
  Swarm vs crowd:   -50.2%
  Brier Skill Score:-0.5018  (0=crowd-level, 1=perfect, negative=worse than crowd)
  Swarm entropy:    0.823  (higher = more uncertain)
  Swarm dispersion: 40.0pts  (range of swarm predictions)
  Crowd dispersion: 51.9pts  (range of crowd predictions)
  Avg divergence:   7.6pts  (avg |swarm - crowd| on resolved markets)

--- FULL TRACK (all categories, for transparency) ---
  Resolved markets scored: 24
  Swarm avg Brier:  0.0664
  Crowd avg Brier:  0.0735
  Naive avg Brier:  0.25
  Swarm vs naive:   73.4%
  Swarm vs crowd:   9.7%
  Brier Skill Score:0.0966  (0=crowd-level, 1=perfect, negative=worse than crowd)
  Swarm entropy:    0.625  (higher = more uncertain)
  Swarm dispersion: 46.3pts  (range of swarm predictions)
  Crowd dispersion: 67.6pts  (range of crowd predictions)
  Avg divergence:   9.3pts  (avg |swarm - crowd| on resolved markets)

Logs: /Users/latentforge/Projects/latentforge-latentmas/experiments/benchmark/calibration
Wed Jun  3 13:56:50 IST 2026: SUCCESS on attempt 1
Thu Jun  4 13:39:19 IST 2026: Attempt 1 of 3 — running /Users/latentforge/Projects/latentforge-latentmas/experiments/benchmark/calibration_tracker.py
LatentForge Live Calibration Tracker v1.1
Date: 2026-06-04

Checking 41 tracked markets for resolution...
  No new resolutions today.

Fetching markets closing within 90 days...
Found 16 qualifying markets

=== CALIBRATION SUMMARY ===
Total markets tracked: 41
New predictions today: 0
Newly resolved: 0

--- PRIMARY TRACK (policy/macro/geopolitics/elections) ---
  Resolved markets scored: 3
  Swarm avg Brier:  0.17
  Crowd avg Brier:  0.1132
  Naive avg Brier:  0.25
  Swarm vs naive:   32.0%
  Swarm vs crowd:   -50.2%
  Brier Skill Score:-0.5018  (0=crowd-level, 1=perfect, negative=worse than crowd)
  Swarm entropy:    0.823  (higher = more uncertain)
  Swarm dispersion: 40.0pts  (range of swarm predictions)
  Crowd dispersion: 51.9pts  (range of crowd predictions)
  Avg divergence:   7.6pts  (avg |swarm - crowd| on resolved markets)

--- FULL TRACK (all categories, for transparency) ---
  Resolved markets scored: 24
  Swarm avg Brier:  0.0664
  Crowd avg Brier:  0.0735
  Naive avg Brier:  0.25
  Swarm vs naive:   73.4%
  Swarm vs crowd:   9.7%
  Brier Skill Score:0.0966  (0=crowd-level, 1=perfect, negative=worse than crowd)
  Swarm entropy:    0.625  (higher = more uncertain)
  Swarm dispersion: 46.3pts  (range of swarm predictions)
  Crowd dispersion: 67.6pts  (range of crowd predictions)
  Avg divergence:   9.3pts  (avg |swarm - crowd| on resolved markets)

Logs: /Users/latentforge/Projects/latentforge-latentmas/experiments/benchmark/calibration
Thu Jun  4 13:39:21 IST 2026: SUCCESS on attempt 1
Fri Jun  5 13:41:49 IST 2026: Attempt 1 of 3 — running /Users/latentforge/Projects/latentforge-latentmas/experiments/benchmark/calibration_tracker.py
LatentForge Live Calibration Tracker v1.1
Date: 2026-06-05

Checking 41 tracked markets for resolution...
  No new resolutions today.

Fetching markets closing within 90 days...
Traceback (most recent call last):
  File "/Library/Developer/CommandLineTools/Library/Frameworks/Python3.framework/Versions/3.9/lib/python3.9/urllib/request.py", line 1346, in do_open
    h.request(req.get_method(), req.selector, req.data, headers,
  File "/Library/Developer/CommandLineTools/Library/Frameworks/Python3.framework/Versions/3.9/lib/python3.9/http/client.py", line 1257, in request
    self._send_request(method, url, body, headers, encode_chunked)
  File "/Library/Developer/CommandLineTools/Library/Frameworks/Python3.framework/Versions/3.9/lib/python3.9/http/client.py", line 1303, in _send_request
    self.endheaders(body, encode_chunked=encode_chunked)
  File "/Library/Developer/CommandLineTools/Library/Frameworks/Python3.framework/Versions/3.9/lib/python3.9/http/client.py", line 1252, in endheaders
    self._send_output(message_body, encode_chunked=encode_chunked)
  File "/Library/Developer/CommandLineTools/Library/Frameworks/Python3.framework/Versions/3.9/lib/python3.9/http/client.py", line 1012, in _send_output
    self.send(msg)
  File "/Library/Developer/CommandLineTools/Library/Frameworks/Python3.framework/Versions/3.9/lib/python3.9/http/client.py", line 952, in send
    self.connect()
  File "/Library/Developer/CommandLineTools/Library/Frameworks/Python3.framework/Versions/3.9/lib/python3.9/http/client.py", line 1419, in connect
    super().connect()
  File "/Library/Developer/CommandLineTools/Library/Frameworks/Python3.framework/Versions/3.9/lib/python3.9/http/client.py", line 923, in connect
    self.sock = self._create_connection(
  File "/Library/Developer/CommandLineTools/Library/Frameworks/Python3.framework/Versions/3.9/lib/python3.9/socket.py", line 822, in create_connection
    for res in getaddrinfo(host, port, 0, SOCK_STREAM):
  File "/Library/Developer/CommandLineTools/Library/Frameworks/Python3.framework/Versions/3.9/lib/python3.9/socket.py", line 953, in getaddrinfo
    for res in _socket.getaddrinfo(host, port, family, type, proto, flags):
socket.gaierror: [Errno 8] nodename nor servname provided, or not known

During handling of the above exception, another exception occurred:

Traceback (most recent call last):
  File "/Users/latentforge/Projects/latentforge-latentmas/experiments/benchmark/calibration_tracker.py", line 300, in <module>
    run()
  File "/Users/latentforge/Projects/latentforge-latentmas/experiments/benchmark/calibration_tracker.py", line 216, in run
    markets = fetch_near_term_markets(days=90, limit=200)
  File "/Users/latentforge/Projects/latentforge-latentmas/experiments/benchmark/calibration_tracker.py", line 49, in fetch_near_term_markets
    with urllib.request.urlopen(req, timeout=15) as r:
  File "/Library/Developer/CommandLineTools/Library/Frameworks/Python3.framework/Versions/3.9/lib/python3.9/urllib/request.py", line 214, in urlopen
    return opener.open(url, data, timeout)
  File "/Library/Developer/CommandLineTools/Library/Frameworks/Python3.framework/Versions/3.9/lib/python3.9/urllib/request.py", line 517, in open
    response = self._open(req, data)
  File "/Library/Developer/CommandLineTools/Library/Frameworks/Python3.framework/Versions/3.9/lib/python3.9/urllib/request.py", line 534, in _open
    result = self._call_chain(self.handle_open, protocol, protocol +
  File "/Library/Developer/CommandLineTools/Library/Frameworks/Python3.framework/Versions/3.9/lib/python3.9/urllib/request.py", line 494, in _call_chain
    result = func(*args)
  File "/Library/Developer/CommandLineTools/Library/Frameworks/Python3.framework/Versions/3.9/lib/python3.9/urllib/request.py", line 1389, in https_open
    return self.do_open(http.client.HTTPSConnection, req,
  File "/Library/Developer/CommandLineTools/Library/Frameworks/Python3.framework/Versions/3.9/lib/python3.9/urllib/request.py", line 1349, in do_open
    raise URLError(err)
urllib.error.URLError: <urlopen error [Errno 8] nodename nor servname provided, or not known>
Fri Jun  5 13:41:49 IST 2026: FAILED on attempt 1 (exit code 1)
Fri Jun  5 13:41:49 IST 2026: Retrying in 300s...
Sat Jun  6 01:13:52 PDT 2026: Attempt 2 of 3 — running /Users/latentforge/Projects/latentforge-latentmas/experiments/benchmark/calibration_tracker.py
LatentForge Live Calibration Tracker v1.1
Date: 2026-06-06

Checking 41 tracked markets for resolution...
  No new resolutions today.

Fetching markets closing within 90 days...
Found 14 qualifying markets

=== CALIBRATION SUMMARY ===
Total markets tracked: 41
New predictions today: 0
Newly resolved: 0

--- PRIMARY TRACK (policy/macro/geopolitics/elections) ---
  Resolved markets scored: 3
  Swarm avg Brier:  0.17
  Crowd avg Brier:  0.1132
  Naive avg Brier:  0.25
  Swarm vs naive:   32.0%
  Swarm vs crowd:   -50.2%
  Brier Skill Score:-0.5018  (0=crowd-level, 1=perfect, negative=worse than crowd)
  Swarm entropy:    0.823  (higher = more uncertain)
  Swarm dispersion: 40.0pts  (range of swarm predictions)
  Crowd dispersion: 51.9pts  (range of crowd predictions)
  Avg divergence:   7.6pts  (avg |swarm - crowd| on resolved markets)

--- FULL TRACK (all categories, for transparency) ---
  Resolved markets scored: 24
  Swarm avg Brier:  0.0664
  Crowd avg Brier:  0.0735
  Naive avg Brier:  0.25
  Swarm vs naive:   73.4%
  Swarm vs crowd:   9.7%
  Brier Skill Score:0.0966  (0=crowd-level, 1=perfect, negative=worse than crowd)
  Swarm entropy:    0.625  (higher = more uncertain)
  Swarm dispersion: 46.3pts  (range of swarm predictions)
  Crowd dispersion: 67.6pts  (range of crowd predictions)
  Avg divergence:   9.3pts  (avg |swarm - crowd| on resolved markets)

Logs: /Users/latentforge/Projects/latentforge-latentmas/experiments/benchmark/calibration
Sat Jun  6 01:26:53 PDT 2026: SUCCESS on attempt 2
Sat Jun  6 05:41:54 PDT 2026: Attempt 1 of 3 — running /Users/latentforge/Projects/latentforge-latentmas/experiments/benchmark/calibration_tracker.py
LatentForge Live Calibration Tracker v1.1
Date: 2026-06-06

Checking 41 tracked markets for resolution...
  No new resolutions today.

Fetching markets closing within 90 days...
Found 14 qualifying markets

=== CALIBRATION SUMMARY ===
Total markets tracked: 41
New predictions today: 0
Newly resolved: 0

--- PRIMARY TRACK (policy/macro/geopolitics/elections) ---
  Resolved markets scored: 3
  Swarm avg Brier:  0.17
  Crowd avg Brier:  0.1132
  Naive avg Brier:  0.25
  Swarm vs naive:   32.0%
  Swarm vs crowd:   -50.2%
  Brier Skill Score:-0.5018  (0=crowd-level, 1=perfect, negative=worse than crowd)
  Swarm entropy:    0.823  (higher = more uncertain)
  Swarm dispersion: 40.0pts  (range of swarm predictions)
  Crowd dispersion: 51.9pts  (range of crowd predictions)
  Avg divergence:   7.6pts  (avg |swarm - crowd| on resolved markets)

--- FULL TRACK (all categories, for transparency) ---
  Resolved markets scored: 24
  Swarm avg Brier:  0.0664
  Crowd avg Brier:  0.0735
  Naive avg Brier:  0.25
  Swarm vs naive:   73.4%
  Swarm vs crowd:   9.7%
  Brier Skill Score:0.0966  (0=crowd-level, 1=perfect, negative=worse than crowd)
  Swarm entropy:    0.625  (higher = more uncertain)
  Swarm dispersion: 46.3pts  (range of swarm predictions)
  Crowd dispersion: 67.6pts  (range of crowd predictions)
  Avg divergence:   9.3pts  (avg |swarm - crowd| on resolved markets)

Logs: /Users/latentforge/Projects/latentforge-latentmas/experiments/benchmark/calibration
Sat Jun  6 05:41:56 PDT 2026: SUCCESS on attempt 1
Sun Jun  7 05:31:19 PDT 2026: Attempt 1 of 3 — running /Users/latentforge/Projects/latentforge-latentmas/experiments/benchmark/calibration_tracker.py
LatentForge Live Calibration Tracker v1.1
Date: 2026-06-07

Checking 41 tracked markets for resolution...
  No new resolutions today.

Fetching markets closing within 90 days...
Found 14 qualifying markets

=== CALIBRATION SUMMARY ===
Total markets tracked: 41
New predictions today: 0
Newly resolved: 0

--- PRIMARY TRACK (policy/macro/geopolitics/elections) ---
  Resolved markets scored: 3
  Swarm avg Brier:  0.17
  Crowd avg Brier:  0.1132
  Naive avg Brier:  0.25
  Swarm vs naive:   32.0%
  Swarm vs crowd:   -50.2%
  Brier Skill Score:-0.5018  (0=crowd-level, 1=perfect, negative=worse than crowd)
  Swarm entropy:    0.823  (higher = more uncertain)
  Swarm dispersion: 40.0pts  (range of swarm predictions)
  Crowd dispersion: 51.9pts  (range of crowd predictions)
  Avg divergence:   7.6pts  (avg |swarm - crowd| on resolved markets)

--- FULL TRACK (all categories, for transparency) ---
  Resolved markets scored: 24
  Swarm avg Brier:  0.0664
  Crowd avg Brier:  0.0735
  Naive avg Brier:  0.25
  Swarm vs naive:   73.4%
  Swarm vs crowd:   9.7%
  Brier Skill Score:0.0966  (0=crowd-level, 1=perfect, negative=worse than crowd)
  Swarm entropy:    0.625  (higher = more uncertain)
  Swarm dispersion: 46.3pts  (range of swarm predictions)
  Crowd dispersion: 67.6pts  (range of crowd predictions)
  Avg divergence:   9.3pts  (avg |swarm - crowd| on resolved markets)

Logs: /Users/latentforge/Projects/latentforge-latentmas/experiments/benchmark/calibration
Sun Jun  7 05:31:21 PDT 2026: SUCCESS on attempt 1
Mon Jun  8 05:44:06 PDT 2026: Attempt 1 of 3 — running /Users/latentforge/Projects/latentforge-latentmas/experiments/benchmark/calibration_tracker.py
LatentForge Live Calibration Tracker v1.1
Date: 2026-06-08

Checking 41 tracked markets for resolution...
  No new resolutions today.

Fetching markets closing within 90 days...
Found 13 qualifying markets

=== CALIBRATION SUMMARY ===
Total markets tracked: 41
New predictions today: 0
Newly resolved: 0

--- PRIMARY TRACK (policy/macro/geopolitics/elections) ---
  Resolved markets scored: 3
  Swarm avg Brier:  0.17
  Crowd avg Brier:  0.1132
  Naive avg Brier:  0.25
  Swarm vs naive:   32.0%
  Swarm vs crowd:   -50.2%
  Brier Skill Score:-0.5018  (0=crowd-level, 1=perfect, negative=worse than crowd)
  Swarm entropy:    0.823  (higher = more uncertain)
  Swarm dispersion: 40.0pts  (range of swarm predictions)
  Crowd dispersion: 51.9pts  (range of crowd predictions)
  Avg divergence:   7.6pts  (avg |swarm - crowd| on resolved markets)

--- FULL TRACK (all categories, for transparency) ---
  Resolved markets scored: 24
  Swarm avg Brier:  0.0664
  Crowd avg Brier:  0.0735
  Naive avg Brier:  0.25
  Swarm vs naive:   73.4%
  Swarm vs crowd:   9.7%
  Brier Skill Score:0.0966  (0=crowd-level, 1=perfect, negative=worse than crowd)
  Swarm entropy:    0.625  (higher = more uncertain)
  Swarm dispersion: 46.3pts  (range of swarm predictions)
  Crowd dispersion: 67.6pts  (range of crowd predictions)
  Avg divergence:   9.3pts  (avg |swarm - crowd| on resolved markets)

Logs: /Users/latentforge/Projects/latentforge-latentmas/experiments/benchmark/calibration
Mon Jun  8 05:44:11 PDT 2026: SUCCESS on attempt 1
Tue Jun  9 05:42:39 PDT 2026: Attempt 1 of 3 — running /Users/latentforge/Projects/latentforge-latentmas/experiments/benchmark/calibration_tracker.py
LatentForge Live Calibration Tracker v1.1
Date: 2026-06-09

Checking 41 tracked markets for resolution...
  No new resolutions today.

Fetching markets closing within 90 days...
Traceback (most recent call last):
  File "/Library/Developer/CommandLineTools/Library/Frameworks/Python3.framework/Versions/3.9/lib/python3.9/urllib/request.py", line 1346, in do_open
    h.request(req.get_method(), req.selector, req.data, headers,
  File "/Library/Developer/CommandLineTools/Library/Frameworks/Python3.framework/Versions/3.9/lib/python3.9/http/client.py", line 1257, in request
    self._send_request(method, url, body, headers, encode_chunked)
  File "/Library/Developer/CommandLineTools/Library/Frameworks/Python3.framework/Versions/3.9/lib/python3.9/http/client.py", line 1303, in _send_request
    self.endheaders(body, encode_chunked=encode_chunked)
  File "/Library/Developer/CommandLineTools/Library/Frameworks/Python3.framework/Versions/3.9/lib/python3.9/http/client.py", line 1252, in endheaders
    self._send_output(message_body, encode_chunked=encode_chunked)
  File "/Library/Developer/CommandLineTools/Library/Frameworks/Python3.framework/Versions/3.9/lib/python3.9/http/client.py", line 1012, in _send_output
    self.send(msg)
  File "/Library/Developer/CommandLineTools/Library/Frameworks/Python3.framework/Versions/3.9/lib/python3.9/http/client.py", line 952, in send
    self.connect()
  File "/Library/Developer/CommandLineTools/Library/Frameworks/Python3.framework/Versions/3.9/lib/python3.9/http/client.py", line 1419, in connect
    super().connect()
  File "/Library/Developer/CommandLineTools/Library/Frameworks/Python3.framework/Versions/3.9/lib/python3.9/http/client.py", line 923, in connect
    self.sock = self._create_connection(
  File "/Library/Developer/CommandLineTools/Library/Frameworks/Python3.framework/Versions/3.9/lib/python3.9/socket.py", line 822, in create_connection
    for res in getaddrinfo(host, port, 0, SOCK_STREAM):
  File "/Library/Developer/CommandLineTools/Library/Frameworks/Python3.framework/Versions/3.9/lib/python3.9/socket.py", line 953, in getaddrinfo
    for res in _socket.getaddrinfo(host, port, family, type, proto, flags):
socket.gaierror: [Errno 8] nodename nor servname provided, or not known

During handling of the above exception, another exception occurred:

Traceback (most recent call last):
  File "/Users/latentforge/Projects/latentforge-latentmas/experiments/benchmark/calibration_tracker.py", line 300, in <module>
    run()
  File "/Users/latentforge/Projects/latentforge-latentmas/experiments/benchmark/calibration_tracker.py", line 216, in run
    markets = fetch_near_term_markets(days=90, limit=200)
  File "/Users/latentforge/Projects/latentforge-latentmas/experiments/benchmark/calibration_tracker.py", line 49, in fetch_near_term_markets
    with urllib.request.urlopen(req, timeout=15) as r:
  File "/Library/Developer/CommandLineTools/Library/Frameworks/Python3.framework/Versions/3.9/lib/python3.9/urllib/request.py", line 214, in urlopen
    return opener.open(url, data, timeout)
  File "/Library/Developer/CommandLineTools/Library/Frameworks/Python3.framework/Versions/3.9/lib/python3.9/urllib/request.py", line 517, in open
    response = self._open(req, data)
  File "/Library/Developer/CommandLineTools/Library/Frameworks/Python3.framework/Versions/3.9/lib/python3.9/urllib/request.py", line 534, in _open
    result = self._call_chain(self.handle_open, protocol, protocol +
  File "/Library/Developer/CommandLineTools/Library/Frameworks/Python3.framework/Versions/3.9/lib/python3.9/urllib/request.py", line 494, in _call_chain
    result = func(*args)
  File "/Library/Developer/CommandLineTools/Library/Frameworks/Python3.framework/Versions/3.9/lib/python3.9/urllib/request.py", line 1389, in https_open
    return self.do_open(http.client.HTTPSConnection, req,
  File "/Library/Developer/CommandLineTools/Library/Frameworks/Python3.framework/Versions/3.9/lib/python3.9/urllib/request.py", line 1349, in do_open
    raise URLError(err)
urllib.error.URLError: <urlopen error [Errno 8] nodename nor servname provided, or not known>
Tue Jun  9 05:42:39 PDT 2026: FAILED on attempt 1 (exit code 1)
Tue Jun  9 05:42:39 PDT 2026: Retrying in 300s...
Tue Jun  9 17:11:04 PDT 2026: Attempt 2 of 3 — running /Users/latentforge/Projects/latentforge-latentmas/experiments/benchmark/calibration_tracker.py
LatentForge Live Calibration Tracker v1.1
Date: 2026-06-09

Checking 41 tracked markets for resolution...
  No new resolutions today.

Fetching markets closing within 90 days...
Found 13 qualifying markets

=== CALIBRATION SUMMARY ===
Total markets tracked: 41
New predictions today: 0
Newly resolved: 0

--- PRIMARY TRACK (policy/macro/geopolitics/elections) ---
  Resolved markets scored: 3
  Swarm avg Brier:  0.17
  Crowd avg Brier:  0.1132
  Naive avg Brier:  0.25
  Swarm vs naive:   32.0%
  Swarm vs crowd:   -50.2%
  Brier Skill Score:-0.5018  (0=crowd-level, 1=perfect, negative=worse than crowd)
  Swarm entropy:    0.823  (higher = more uncertain)
  Swarm dispersion: 40.0pts  (range of swarm predictions)
  Crowd dispersion: 51.9pts  (range of crowd predictions)
  Avg divergence:   7.6pts  (avg |swarm - crowd| on resolved markets)

--- FULL TRACK (all categories, for transparency) ---
  Resolved markets scored: 24
  Swarm avg Brier:  0.0664
  Crowd avg Brier:  0.0735
  Naive avg Brier:  0.25
  Swarm vs naive:   73.4%
  Swarm vs crowd:   9.7%
  Brier Skill Score:0.0966  (0=crowd-level, 1=perfect, negative=worse than crowd)
  Swarm entropy:    0.625  (higher = more uncertain)
  Swarm dispersion: 46.3pts  (range of swarm predictions)
  Crowd dispersion: 67.6pts  (range of crowd predictions)
  Avg divergence:   9.3pts  (avg |swarm - crowd| on resolved markets)

Logs: /Users/latentforge/Projects/latentforge-latentmas/experiments/benchmark/calibration
Tue Jun  9 17:28:02 PDT 2026: SUCCESS on attempt 2
Wed Jun 10 05:31:50 PDT 2026: Attempt 1 of 3 — running /Users/latentforge/Projects/latentforge-latentmas/experiments/benchmark/calibration_tracker.py
LatentForge Live Calibration Tracker v1.1
Date: 2026-06-10

Checking 41 tracked markets for resolution...
  No new resolutions today.

Fetching markets closing within 90 days...
Found 13 qualifying markets

=== CALIBRATION SUMMARY ===
Total markets tracked: 41
New predictions today: 0
Newly resolved: 0

--- PRIMARY TRACK (policy/macro/geopolitics/elections) ---
  Resolved markets scored: 3
  Swarm avg Brier:  0.17
  Crowd avg Brier:  0.1132
  Naive avg Brier:  0.25
  Swarm vs naive:   32.0%
  Swarm vs crowd:   -50.2%
  Brier Skill Score:-0.5018  (0=crowd-level, 1=perfect, negative=worse than crowd)
  Swarm entropy:    0.823  (higher = more uncertain)
  Swarm dispersion: 40.0pts  (range of swarm predictions)
  Crowd dispersion: 51.9pts  (range of crowd predictions)
  Avg divergence:   7.6pts  (avg |swarm - crowd| on resolved markets)

--- FULL TRACK (all categories, for transparency) ---
  Resolved markets scored: 24
  Swarm avg Brier:  0.0664
  Crowd avg Brier:  0.0735
  Naive avg Brier:  0.25
  Swarm vs naive:   73.4%
  Swarm vs crowd:   9.7%
  Brier Skill Score:0.0966  (0=crowd-level, 1=perfect, negative=worse than crowd)
  Swarm entropy:    0.625  (higher = more uncertain)
  Swarm dispersion: 46.3pts  (range of swarm predictions)
  Crowd dispersion: 67.6pts  (range of crowd predictions)
  Avg divergence:   9.3pts  (avg |swarm - crowd| on resolved markets)

Logs: /Users/latentforge/Projects/latentforge-latentmas/experiments/benchmark/calibration
Wed Jun 10 05:31:52 PDT 2026: SUCCESS on attempt 1
Thu Jun 11 05:38:28 PDT 2026: Attempt 1 of 3 — running /Users/latentforge/Projects/latentforge-latentmas/experiments/benchmark/calibration_tracker.py
LatentForge Live Calibration Tracker v1.1
Date: 2026-06-11

Checking 41 tracked markets for resolution...
  No new resolutions today.

Fetching markets closing within 90 days...
Traceback (most recent call last):
  File "/Library/Developer/CommandLineTools/Library/Frameworks/Python3.framework/Versions/3.9/lib/python3.9/urllib/request.py", line 1346, in do_open
    h.request(req.get_method(), req.selector, req.data, headers,
  File "/Library/Developer/CommandLineTools/Library/Frameworks/Python3.framework/Versions/3.9/lib/python3.9/http/client.py", line 1257, in request
    self._send_request(method, url, body, headers, encode_chunked)
  File "/Library/Developer/CommandLineTools/Library/Frameworks/Python3.framework/Versions/3.9/lib/python3.9/http/client.py", line 1303, in _send_request
    self.endheaders(body, encode_chunked=encode_chunked)
  File "/Library/Developer/CommandLineTools/Library/Frameworks/Python3.framework/Versions/3.9/lib/python3.9/http/client.py", line 1252, in endheaders
    self._send_output(message_body, encode_chunked=encode_chunked)
  File "/Library/Developer/CommandLineTools/Library/Frameworks/Python3.framework/Versions/3.9/lib/python3.9/http/client.py", line 1012, in _send_output
    self.send(msg)
  File "/Library/Developer/CommandLineTools/Library/Frameworks/Python3.framework/Versions/3.9/lib/python3.9/http/client.py", line 952, in send
    self.connect()
  File "/Library/Developer/CommandLineTools/Library/Frameworks/Python3.framework/Versions/3.9/lib/python3.9/http/client.py", line 1419, in connect
    super().connect()
  File "/Library/Developer/CommandLineTools/Library/Frameworks/Python3.framework/Versions/3.9/lib/python3.9/http/client.py", line 923, in connect
    self.sock = self._create_connection(
  File "/Library/Developer/CommandLineTools/Library/Frameworks/Python3.framework/Versions/3.9/lib/python3.9/socket.py", line 822, in create_connection
    for res in getaddrinfo(host, port, 0, SOCK_STREAM):
  File "/Library/Developer/CommandLineTools/Library/Frameworks/Python3.framework/Versions/3.9/lib/python3.9/socket.py", line 953, in getaddrinfo
    for res in _socket.getaddrinfo(host, port, family, type, proto, flags):
socket.gaierror: [Errno 8] nodename nor servname provided, or not known

During handling of the above exception, another exception occurred:

Traceback (most recent call last):
  File "/Users/latentforge/Projects/latentforge-latentmas/experiments/benchmark/calibration_tracker.py", line 300, in <module>
    run()
  File "/Users/latentforge/Projects/latentforge-latentmas/experiments/benchmark/calibration_tracker.py", line 216, in run
    markets = fetch_near_term_markets(days=90, limit=200)
  File "/Users/latentforge/Projects/latentforge-latentmas/experiments/benchmark/calibration_tracker.py", line 49, in fetch_near_term_markets
    with urllib.request.urlopen(req, timeout=15) as r:
  File "/Library/Developer/CommandLineTools/Library/Frameworks/Python3.framework/Versions/3.9/lib/python3.9/urllib/request.py", line 214, in urlopen
    return opener.open(url, data, timeout)
  File "/Library/Developer/CommandLineTools/Library/Frameworks/Python3.framework/Versions/3.9/lib/python3.9/urllib/request.py", line 517, in open
    response = self._open(req, data)
  File "/Library/Developer/CommandLineTools/Library/Frameworks/Python3.framework/Versions/3.9/lib/python3.9/urllib/request.py", line 534, in _open
    result = self._call_chain(self.handle_open, protocol, protocol +
  File "/Library/Developer/CommandLineTools/Library/Frameworks/Python3.framework/Versions/3.9/lib/python3.9/urllib/request.py", line 494, in _call_chain
    result = func(*args)
  File "/Library/Developer/CommandLineTools/Library/Frameworks/Python3.framework/Versions/3.9/lib/python3.9/urllib/request.py", line 1389, in https_open
    return self.do_open(http.client.HTTPSConnection, req,
  File "/Library/Developer/CommandLineTools/Library/Frameworks/Python3.framework/Versions/3.9/lib/python3.9/urllib/request.py", line 1349, in do_open
    raise URLError(err)
urllib.error.URLError: <urlopen error [Errno 8] nodename nor servname provided, or not known>
Thu Jun 11 05:38:28 PDT 2026: FAILED on attempt 1 (exit code 1)
Thu Jun 11 05:38:28 PDT 2026: Retrying in 300s...
Thu Jun 11 17:10:56 PDT 2026: Attempt 2 of 3 — running /Users/latentforge/Projects/latentforge-latentmas/experiments/benchmark/calibration_tracker.py
LatentForge Live Calibration Tracker v1.1
Date: 2026-06-11

Checking 41 tracked markets for resolution...
  No new resolutions today.

Fetching markets closing within 90 days...
Found 14 qualifying markets

=== CALIBRATION SUMMARY ===
Total markets tracked: 41
New predictions today: 0
Newly resolved: 0

--- PRIMARY TRACK (policy/macro/geopolitics/elections) ---
  Resolved markets scored: 3
  Swarm avg Brier:  0.17
  Crowd avg Brier:  0.1132
  Naive avg Brier:  0.25
  Swarm vs naive:   32.0%
  Swarm vs crowd:   -50.2%
  Brier Skill Score:-0.5018  (0=crowd-level, 1=perfect, negative=worse than crowd)
  Swarm entropy:    0.823  (higher = more uncertain)
  Swarm dispersion: 40.0pts  (range of swarm predictions)
  Crowd dispersion: 51.9pts  (range of crowd predictions)
  Avg divergence:   7.6pts  (avg |swarm - crowd| on resolved markets)

--- FULL TRACK (all categories, for transparency) ---
  Resolved markets scored: 24
  Swarm avg Brier:  0.0664
  Crowd avg Brier:  0.0735
  Naive avg Brier:  0.25
  Swarm vs naive:   73.4%
  Swarm vs crowd:   9.7%
  Brier Skill Score:0.0966  (0=crowd-level, 1=perfect, negative=worse than crowd)
  Swarm entropy:    0.625  (higher = more uncertain)
  Swarm dispersion: 46.3pts  (range of swarm predictions)
  Crowd dispersion: 67.6pts  (range of crowd predictions)
  Avg divergence:   9.3pts  (avg |swarm - crowd| on resolved markets)

Logs: /Users/latentforge/Projects/latentforge-latentmas/experiments/benchmark/calibration
Thu Jun 11 17:11:00 PDT 2026: SUCCESS on attempt 2
Fri Jun 12 05:41:17 PDT 2026: Attempt 1 of 3 — running /Users/latentforge/Projects/latentforge-latentmas/experiments/benchmark/calibration_tracker.py
LatentForge Live Calibration Tracker v1.1
Date: 2026-06-12

Checking 41 tracked markets for resolution...
  No new resolutions today.

Fetching markets closing within 90 days...
Found 14 qualifying markets

=== CALIBRATION SUMMARY ===
Total markets tracked: 41
New predictions today: 0
Newly resolved: 0

--- PRIMARY TRACK (policy/macro/geopolitics/elections) ---
  Resolved markets scored: 3
  Swarm avg Brier:  0.17
  Crowd avg Brier:  0.1132
  Naive avg Brier:  0.25
  Swarm vs naive:   32.0%
  Swarm vs crowd:   -50.2%
  Brier Skill Score:-0.5018  (0=crowd-level, 1=perfect, negative=worse than crowd)
  Swarm entropy:    0.823  (higher = more uncertain)
  Swarm dispersion: 40.0pts  (range of swarm predictions)
  Crowd dispersion: 51.9pts  (range of crowd predictions)
  Avg divergence:   7.6pts  (avg |swarm - crowd| on resolved markets)

--- FULL TRACK (all categories, for transparency) ---
  Resolved markets scored: 24
  Swarm avg Brier:  0.0664
  Crowd avg Brier:  0.0735
  Naive avg Brier:  0.25
  Swarm vs naive:   73.4%
  Swarm vs crowd:   9.7%
  Brier Skill Score:0.0966  (0=crowd-level, 1=perfect, negative=worse than crowd)
  Swarm entropy:    0.625  (higher = more uncertain)
  Swarm dispersion: 46.3pts  (range of swarm predictions)
  Crowd dispersion: 67.6pts  (range of crowd predictions)
  Avg divergence:   9.3pts  (avg |swarm - crowd| on resolved markets)

Logs: /Users/latentforge/Projects/latentforge-latentmas/experiments/benchmark/calibration
Fri Jun 12 05:41:19 PDT 2026: SUCCESS on attempt 1
Sat Jun 13 05:38:03 PDT 2026: Attempt 1 of 3 — running /Users/latentforge/Projects/latentforge-latentmas/experiments/benchmark/calibration_tracker.py
LatentForge Live Calibration Tracker v1.1
Date: 2026-06-13

Checking 41 tracked markets for resolution...
  No new resolutions today.

Fetching markets closing within 90 days...
Traceback (most recent call last):
  File "/Users/latentforge/Projects/latentforge-latentmas/experiments/benchmark/calibration_tracker.py", line 300, in <module>
    run()
  File "/Users/latentforge/Projects/latentforge-latentmas/experiments/benchmark/calibration_tracker.py", line 216, in run
    markets = fetch_near_term_markets(days=90, limit=200)
  File "/Users/latentforge/Projects/latentforge-latentmas/experiments/benchmark/calibration_tracker.py", line 49, in fetch_near_term_markets
    with urllib.request.urlopen(req, timeout=15) as r:
  File "/Library/Developer/CommandLineTools/Library/Frameworks/Python3.framework/Versions/3.9/lib/python3.9/urllib/request.py", line 214, in urlopen
    return opener.open(url, data, timeout)
  File "/Library/Developer/CommandLineTools/Library/Frameworks/Python3.framework/Versions/3.9/lib/python3.9/urllib/request.py", line 517, in open
    response = self._open(req, data)
  File "/Library/Developer/CommandLineTools/Library/Frameworks/Python3.framework/Versions/3.9/lib/python3.9/urllib/request.py", line 534, in _open
    result = self._call_chain(self.handle_open, protocol, protocol +
  File "/Library/Developer/CommandLineTools/Library/Frameworks/Python3.framework/Versions/3.9/lib/python3.9/urllib/request.py", line 494, in _call_chain
    result = func(*args)
  File "/Library/Developer/CommandLineTools/Library/Frameworks/Python3.framework/Versions/3.9/lib/python3.9/urllib/request.py", line 1389, in https_open
    return self.do_open(http.client.HTTPSConnection, req,
  File "/Library/Developer/CommandLineTools/Library/Frameworks/Python3.framework/Versions/3.9/lib/python3.9/urllib/request.py", line 1350, in do_open
    r = h.getresponse()
  File "/Library/Developer/CommandLineTools/Library/Frameworks/Python3.framework/Versions/3.9/lib/python3.9/http/client.py", line 1349, in getresponse
    response.begin()
  File "/Library/Developer/CommandLineTools/Library/Frameworks/Python3.framework/Versions/3.9/lib/python3.9/http/client.py", line 316, in begin
    version, status, reason = self._read_status()
  File "/Library/Developer/CommandLineTools/Library/Frameworks/Python3.framework/Versions/3.9/lib/python3.9/http/client.py", line 277, in _read_status
    line = str(self.fp.readline(_MAXLINE + 1), "iso-8859-1")
  File "/Library/Developer/CommandLineTools/Library/Frameworks/Python3.framework/Versions/3.9/lib/python3.9/socket.py", line 704, in readinto
    return self._sock.recv_into(b)
  File "/Library/Developer/CommandLineTools/Library/Frameworks/Python3.framework/Versions/3.9/lib/python3.9/ssl.py", line 1241, in recv_into
    return self.read(nbytes, buffer)
  File "/Library/Developer/CommandLineTools/Library/Frameworks/Python3.framework/Versions/3.9/lib/python3.9/ssl.py", line 1099, in read
    return self._sslobj.read(len, buffer)
socket.timeout: The read operation timed out
Sat Jun 13 06:23:10 PDT 2026: FAILED on attempt 1 (exit code 1)
Sat Jun 13 06:23:10 PDT 2026: Retrying in 300s...
Sun Jun 14 01:19:03 PDT 2026: Attempt 2 of 3 — running /Users/latentforge/Projects/latentforge-latentmas/experiments/benchmark/calibration_tracker.py
LatentForge Live Calibration Tracker v1.1
Date: 2026-06-14

Checking 41 tracked markets for resolution...
  RESOLVED [0] Will the San Antonio Spurs win the 2026 NBA Finals?
    swarm=0.117 crowd=0.16 swarm_brier=0.0137
  RESOLVED [1] Will the New York Knicks win the 2026 NBA Finals?
    swarm=0.15 crowd=0.05 swarm_brier=0.7225

Fetching markets closing within 90 days...
Traceback (most recent call last):
  File "/Users/latentforge/Projects/latentforge-latentmas/experiments/benchmark/calibration_tracker.py", line 300, in <module>
    run()
  File "/Users/latentforge/Projects/latentforge-latentmas/experiments/benchmark/calibration_tracker.py", line 216, in run
    markets = fetch_near_term_markets(days=90, limit=200)
  File "/Users/latentforge/Projects/latentforge-latentmas/experiments/benchmark/calibration_tracker.py", line 50, in fetch_near_term_markets
    data = json.loads(r.read())
  File "/Library/Developer/CommandLineTools/Library/Frameworks/Python3.framework/Versions/3.9/lib/python3.9/http/client.py", line 466, in read
    return self._readall_chunked()
  File "/Library/Developer/CommandLineTools/Library/Frameworks/Python3.framework/Versions/3.9/lib/python3.9/http/client.py", line 576, in _readall_chunked
    value.append(self._safe_read(chunk_left))
  File "/Library/Developer/CommandLineTools/Library/Frameworks/Python3.framework/Versions/3.9/lib/python3.9/http/client.py", line 613, in _safe_read
    data = self.fp.read(amt)
  File "/Library/Developer/CommandLineTools/Library/Frameworks/Python3.framework/Versions/3.9/lib/python3.9/socket.py", line 704, in readinto
    return self._sock.recv_into(b)
  File "/Library/Developer/CommandLineTools/Library/Frameworks/Python3.framework/Versions/3.9/lib/python3.9/ssl.py", line 1241, in recv_into
    return self.read(nbytes, buffer)
  File "/Library/Developer/CommandLineTools/Library/Frameworks/Python3.framework/Versions/3.9/lib/python3.9/ssl.py", line 1099, in read
    return self._sslobj.read(len, buffer)
ConnectionResetError: [Errno 54] Connection reset by peer
Sun Jun 14 01:35:53 PDT 2026: FAILED on attempt 2 (exit code 1)
Sun Jun 14 01:35:53 PDT 2026: Retrying in 300s...
Sun Jun 14 16:57:59 PDT 2026: Attempt 3 of 3 — running /Users/latentforge/Projects/latentforge-latentmas/experiments/benchmark/calibration_tracker.py
LatentForge Live Calibration Tracker v1.1
Date: 2026-06-14

Checking 41 tracked markets for resolution...
  RESOLVED [0] Will the San Antonio Spurs win the 2026 NBA Finals?
    swarm=0.117 crowd=0.16 swarm_brier=0.0137
  RESOLVED [1] Will the New York Knicks win the 2026 NBA Finals?
    swarm=0.15 crowd=0.05 swarm_brier=0.7225

Fetching markets closing within 90 days...
Found 13 qualifying markets
  [34d] Will Netherlands win the 2026 FIFA World Cup?
    Agent error: The read operation timed out
    swarm=0.15 crowd=0.05

=== CALIBRATION SUMMARY ===
Total markets tracked: 42
New predictions today: 1
Newly resolved: 2

--- PRIMARY TRACK (policy/macro/geopolitics/elections) ---
  Resolved markets scored: 3
  Swarm avg Brier:  0.17
  Crowd avg Brier:  0.1132
  Naive avg Brier:  0.25
  Swarm vs naive:   32.0%
  Swarm vs crowd:   -50.2%
  Brier Skill Score:-0.5018  (0=crowd-level, 1=perfect, negative=worse than crowd)
  Swarm entropy:    0.823  (higher = more uncertain)
  Swarm dispersion: 40.0pts  (range of swarm predictions)
  Crowd dispersion: 51.9pts  (range of crowd predictions)
  Avg divergence:   7.6pts  (avg |swarm - crowd| on resolved markets)

--- FULL TRACK (all categories, for transparency) ---
  Resolved markets scored: 26
  Swarm avg Brier:  0.0896
  Crowd avg Brier:  0.1035
  Naive avg Brier:  0.25
  Swarm vs naive:   64.2%
  Swarm vs crowd:   13.4%
  Brier Skill Score:0.1343  (0=crowd-level, 1=perfect, negative=worse than crowd)
  Swarm entropy:    0.6204  (higher = more uncertain)
  Swarm dispersion: 46.3pts  (range of swarm predictions)
  Crowd dispersion: 67.7pts  (range of crowd predictions)
  Avg divergence:   9.1pts  (avg |swarm - crowd| on resolved markets)

Logs: /Users/latentforge/Projects/latentforge-latentmas/experiments/benchmark/calibration
Sun Jun 14 20:01:24 PDT 2026: SUCCESS on attempt 3
Mon Jun 15 05:41:48 PDT 2026: Attempt 1 of 3 — running /Users/latentforge/Projects/latentforge-latentmas/experiments/benchmark/calibration_tracker.py
LatentForge Live Calibration Tracker v1.1
Date: 2026-06-15

Checking 42 tracked markets for resolution...
  RESOLVED [1] Will the Carolina Hurricanes win the 2026 NHL Stanley Cup?
    swarm=0.103 crowd=0.12 swarm_brier=0.8046

Fetching markets closing within 90 days...
Found 11 qualifying markets

=== CALIBRATION SUMMARY ===
Total markets tracked: 42
New predictions today: 0
Newly resolved: 1

--- PRIMARY TRACK (policy/macro/geopolitics/elections) ---
  Resolved markets scored: 3
  Swarm avg Brier:  0.17
  Crowd avg Brier:  0.1132
  Naive avg Brier:  0.25
  Swarm vs naive:   32.0%
  Swarm vs crowd:   -50.2%
  Brier Skill Score:-0.5018  (0=crowd-level, 1=perfect, negative=worse than crowd)
  Swarm entropy:    0.823  (higher = more uncertain)
  Swarm dispersion: 40.0pts  (range of swarm predictions)
  Crowd dispersion: 51.9pts  (range of crowd predictions)
  Avg divergence:   7.6pts  (avg |swarm - crowd| on resolved markets)

--- FULL TRACK (all categories, for transparency) ---
  Resolved markets scored: 27
  Swarm avg Brier:  0.1161
  Crowd avg Brier:  0.1284
  Naive avg Brier:  0.25
  Swarm vs naive:   53.6%
  Swarm vs crowd:   9.6%
  Brier Skill Score:0.0958  (0=crowd-level, 1=perfect, negative=worse than crowd)
  Swarm entropy:    0.6152  (higher = more uncertain)
  Swarm dispersion: 46.3pts  (range of swarm predictions)
  Crowd dispersion: 67.7pts  (range of crowd predictions)
  Avg divergence:   8.8pts  (avg |swarm - crowd| on resolved markets)

Logs: /Users/latentforge/Projects/latentforge-latentmas/experiments/benchmark/calibration
Mon Jun 15 05:59:46 PDT 2026: SUCCESS on attempt 1
Tue Jun 16 05:30:00 PDT 2026: Attempt 1 of 3 — running /Users/latentforge/Projects/latentforge-latentmas/experiments/benchmark/calibration_tracker.py
LatentForge Live Calibration Tracker v1.1
Date: 2026-06-16

Checking 42 tracked markets for resolution...
  No new resolutions today.

Fetching markets closing within 90 days...
Traceback (most recent call last):
  File "/Library/Developer/CommandLineTools/Library/Frameworks/Python3.framework/Versions/3.9/lib/python3.9/urllib/request.py", line 1346, in do_open
    h.request(req.get_method(), req.selector, req.data, headers,
  File "/Library/Developer/CommandLineTools/Library/Frameworks/Python3.framework/Versions/3.9/lib/python3.9/http/client.py", line 1257, in request
    self._send_request(method, url, body, headers, encode_chunked)
  File "/Library/Developer/CommandLineTools/Library/Frameworks/Python3.framework/Versions/3.9/lib/python3.9/http/client.py", line 1303, in _send_request
    self.endheaders(body, encode_chunked=encode_chunked)
  File "/Library/Developer/CommandLineTools/Library/Frameworks/Python3.framework/Versions/3.9/lib/python3.9/http/client.py", line 1252, in endheaders
    self._send_output(message_body, encode_chunked=encode_chunked)
  File "/Library/Developer/CommandLineTools/Library/Frameworks/Python3.framework/Versions/3.9/lib/python3.9/http/client.py", line 1012, in _send_output
    self.send(msg)
  File "/Library/Developer/CommandLineTools/Library/Frameworks/Python3.framework/Versions/3.9/lib/python3.9/http/client.py", line 952, in send
    self.connect()
  File "/Library/Developer/CommandLineTools/Library/Frameworks/Python3.framework/Versions/3.9/lib/python3.9/http/client.py", line 1419, in connect
    super().connect()
  File "/Library/Developer/CommandLineTools/Library/Frameworks/Python3.framework/Versions/3.9/lib/python3.9/http/client.py", line 923, in connect
    self.sock = self._create_connection(
  File "/Library/Developer/CommandLineTools/Library/Frameworks/Python3.framework/Versions/3.9/lib/python3.9/socket.py", line 822, in create_connection
    for res in getaddrinfo(host, port, 0, SOCK_STREAM):
  File "/Library/Developer/CommandLineTools/Library/Frameworks/Python3.framework/Versions/3.9/lib/python3.9/socket.py", line 953, in getaddrinfo
    for res in _socket.getaddrinfo(host, port, family, type, proto, flags):
socket.gaierror: [Errno 8] nodename nor servname provided, or not known

During handling of the above exception, another exception occurred:

Traceback (most recent call last):
  File "/Users/latentforge/Projects/latentforge-latentmas/experiments/benchmark/calibration_tracker.py", line 300, in <module>
    run()
  File "/Users/latentforge/Projects/latentforge-latentmas/experiments/benchmark/calibration_tracker.py", line 216, in run
    markets = fetch_near_term_markets(days=90, limit=200)
  File "/Users/latentforge/Projects/latentforge-latentmas/experiments/benchmark/calibration_tracker.py", line 49, in fetch_near_term_markets
    with urllib.request.urlopen(req, timeout=15) as r:
  File "/Library/Developer/CommandLineTools/Library/Frameworks/Python3.framework/Versions/3.9/lib/python3.9/urllib/request.py", line 214, in urlopen
    return opener.open(url, data, timeout)
  File "/Library/Developer/CommandLineTools/Library/Frameworks/Python3.framework/Versions/3.9/lib/python3.9/urllib/request.py", line 517, in open
    response = self._open(req, data)
  File "/Library/Developer/CommandLineTools/Library/Frameworks/Python3.framework/Versions/3.9/lib/python3.9/urllib/request.py", line 534, in _open
    result = self._call_chain(self.handle_open, protocol, protocol +
  File "/Library/Developer/CommandLineTools/Library/Frameworks/Python3.framework/Versions/3.9/lib/python3.9/urllib/request.py", line 494, in _call_chain
    result = func(*args)
  File "/Library/Developer/CommandLineTools/Library/Frameworks/Python3.framework/Versions/3.9/lib/python3.9/urllib/request.py", line 1389, in https_open
    return self.do_open(http.client.HTTPSConnection, req,
  File "/Library/Developer/CommandLineTools/Library/Frameworks/Python3.framework/Versions/3.9/lib/python3.9/urllib/request.py", line 1349, in do_open
    raise URLError(err)
urllib.error.URLError: <urlopen error [Errno 8] nodename nor servname provided, or not known>
Tue Jun 16 05:30:00 PDT 2026: FAILED on attempt 1 (exit code 1)
Tue Jun 16 05:30:00 PDT 2026: Retrying in 300s...
Tue Jun 16 19:50:37 PDT 2026: Attempt 2 of 3 — running /Users/latentforge/Projects/latentforge-latentmas/experiments/benchmark/calibration_tracker.py
LatentForge Live Calibration Tracker v1.1
Date: 2026-06-16

Checking 42 tracked markets for resolution...
  No new resolutions today.

Fetching markets closing within 90 days...
Traceback (most recent call last):
  File "/Library/Developer/CommandLineTools/Library/Frameworks/Python3.framework/Versions/3.9/lib/python3.9/urllib/request.py", line 1346, in do_open
    h.request(req.get_method(), req.selector, req.data, headers,
  File "/Library/Developer/CommandLineTools/Library/Frameworks/Python3.framework/Versions/3.9/lib/python3.9/http/client.py", line 1257, in request
    self._send_request(method, url, body, headers, encode_chunked)
  File "/Library/Developer/CommandLineTools/Library/Frameworks/Python3.framework/Versions/3.9/lib/python3.9/http/client.py", line 1303, in _send_request
    self.endheaders(body, encode_chunked=encode_chunked)
  File "/Library/Developer/CommandLineTools/Library/Frameworks/Python3.framework/Versions/3.9/lib/python3.9/http/client.py", line 1252, in endheaders
    self._send_output(message_body, encode_chunked=encode_chunked)
  File "/Library/Developer/CommandLineTools/Library/Frameworks/Python3.framework/Versions/3.9/lib/python3.9/http/client.py", line 1012, in _send_output
    self.send(msg)
  File "/Library/Developer/CommandLineTools/Library/Frameworks/Python3.framework/Versions/3.9/lib/python3.9/http/client.py", line 952, in send
    self.connect()
  File "/Library/Developer/CommandLineTools/Library/Frameworks/Python3.framework/Versions/3.9/lib/python3.9/http/client.py", line 1419, in connect
    super().connect()
  File "/Library/Developer/CommandLineTools/Library/Frameworks/Python3.framework/Versions/3.9/lib/python3.9/http/client.py", line 923, in connect
    self.sock = self._create_connection(
  File "/Library/Developer/CommandLineTools/Library/Frameworks/Python3.framework/Versions/3.9/lib/python3.9/socket.py", line 822, in create_connection
    for res in getaddrinfo(host, port, 0, SOCK_STREAM):
  File "/Library/Developer/CommandLineTools/Library/Frameworks/Python3.framework/Versions/3.9/lib/python3.9/socket.py", line 953, in getaddrinfo
    for res in _socket.getaddrinfo(host, port, family, type, proto, flags):
socket.gaierror: [Errno 8] nodename nor servname provided, or not known

During handling of the above exception, another exception occurred:

Traceback (most recent call last):
  File "/Users/latentforge/Projects/latentforge-latentmas/experiments/benchmark/calibration_tracker.py", line 300, in <module>
    run()
  File "/Users/latentforge/Projects/latentforge-latentmas/experiments/benchmark/calibration_tracker.py", line 216, in run
    markets = fetch_near_term_markets(days=90, limit=200)
  File "/Users/latentforge/Projects/latentforge-latentmas/experiments/benchmark/calibration_tracker.py", line 49, in fetch_near_term_markets
    with urllib.request.urlopen(req, timeout=15) as r:
  File "/Library/Developer/CommandLineTools/Library/Frameworks/Python3.framework/Versions/3.9/lib/python3.9/urllib/request.py", line 214, in urlopen
    return opener.open(url, data, timeout)
  File "/Library/Developer/CommandLineTools/Library/Frameworks/Python3.framework/Versions/3.9/lib/python3.9/urllib/request.py", line 517, in open
    response = self._open(req, data)
  File "/Library/Developer/CommandLineTools/Library/Frameworks/Python3.framework/Versions/3.9/lib/python3.9/urllib/request.py", line 534, in _open
    result = self._call_chain(self.handle_open, protocol, protocol +
  File "/Library/Developer/CommandLineTools/Library/Frameworks/Python3.framework/Versions/3.9/lib/python3.9/urllib/request.py", line 494, in _call_chain
    result = func(*args)
  File "/Library/Developer/CommandLineTools/Library/Frameworks/Python3.framework/Versions/3.9/lib/python3.9/urllib/request.py", line 1389, in https_open
    return self.do_open(http.client.HTTPSConnection, req,
  File "/Library/Developer/CommandLineTools/Library/Frameworks/Python3.framework/Versions/3.9/lib/python3.9/urllib/request.py", line 1349, in do_open
    raise URLError(err)
urllib.error.URLError: <urlopen error [Errno 8] nodename nor servname provided, or not known>
Tue Jun 16 19:50:37 PDT 2026: FAILED on attempt 2 (exit code 1)
Tue Jun 16 19:50:37 PDT 2026: Retrying in 300s...
Wed Jun 17 10:04:05 PDT 2026: Attempt 3 of 3 — running /Users/latentforge/Projects/latentforge-latentmas/experiments/benchmark/calibration_tracker.py
LatentForge Live Calibration Tracker v1.1
Date: 2026-06-17

Checking 42 tracked markets for resolution...
  No new resolutions today.

Fetching markets closing within 90 days...
Traceback (most recent call last):
  File "/Library/Developer/CommandLineTools/Library/Frameworks/Python3.framework/Versions/3.9/lib/python3.9/urllib/request.py", line 1346, in do_open
    h.request(req.get_method(), req.selector, req.data, headers,
  File "/Library/Developer/CommandLineTools/Library/Frameworks/Python3.framework/Versions/3.9/lib/python3.9/http/client.py", line 1257, in request
    self._send_request(method, url, body, headers, encode_chunked)
  File "/Library/Developer/CommandLineTools/Library/Frameworks/Python3.framework/Versions/3.9/lib/python3.9/http/client.py", line 1303, in _send_request
    self.endheaders(body, encode_chunked=encode_chunked)
  File "/Library/Developer/CommandLineTools/Library/Frameworks/Python3.framework/Versions/3.9/lib/python3.9/http/client.py", line 1252, in endheaders
    self._send_output(message_body, encode_chunked=encode_chunked)
  File "/Library/Developer/CommandLineTools/Library/Frameworks/Python3.framework/Versions/3.9/lib/python3.9/http/client.py", line 1012, in _send_output
    self.send(msg)
  File "/Library/Developer/CommandLineTools/Library/Frameworks/Python3.framework/Versions/3.9/lib/python3.9/http/client.py", line 952, in send
    self.connect()
  File "/Library/Developer/CommandLineTools/Library/Frameworks/Python3.framework/Versions/3.9/lib/python3.9/http/client.py", line 1419, in connect
    super().connect()
  File "/Library/Developer/CommandLineTools/Library/Frameworks/Python3.framework/Versions/3.9/lib/python3.9/http/client.py", line 923, in connect
    self.sock = self._create_connection(
  File "/Library/Developer/CommandLineTools/Library/Frameworks/Python3.framework/Versions/3.9/lib/python3.9/socket.py", line 822, in create_connection
    for res in getaddrinfo(host, port, 0, SOCK_STREAM):
  File "/Library/Developer/CommandLineTools/Library/Frameworks/Python3.framework/Versions/3.9/lib/python3.9/socket.py", line 953, in getaddrinfo
    for res in _socket.getaddrinfo(host, port, family, type, proto, flags):
socket.gaierror: [Errno 8] nodename nor servname provided, or not known

During handling of the above exception, another exception occurred:

Traceback (most recent call last):
  File "/Users/latentforge/Projects/latentforge-latentmas/experiments/benchmark/calibration_tracker.py", line 300, in <module>
    run()
  File "/Users/latentforge/Projects/latentforge-latentmas/experiments/benchmark/calibration_tracker.py", line 216, in run
    markets = fetch_near_term_markets(days=90, limit=200)
  File "/Users/latentforge/Projects/latentforge-latentmas/experiments/benchmark/calibration_tracker.py", line 49, in fetch_near_term_markets
    with urllib.request.urlopen(req, timeout=15) as r:
  File "/Library/Developer/CommandLineTools/Library/Frameworks/Python3.framework/Versions/3.9/lib/python3.9/urllib/request.py", line 214, in urlopen
    return opener.open(url, data, timeout)
  File "/Library/Developer/CommandLineTools/Library/Frameworks/Python3.framework/Versions/3.9/lib/python3.9/urllib/request.py", line 517, in open
    response = self._open(req, data)
  File "/Library/Developer/CommandLineTools/Library/Frameworks/Python3.framework/Versions/3.9/lib/python3.9/urllib/request.py", line 534, in _open
    result = self._call_chain(self.handle_open, protocol, protocol +
  File "/Library/Developer/CommandLineTools/Library/Frameworks/Python3.framework/Versions/3.9/lib/python3.9/urllib/request.py", line 494, in _call_chain
    result = func(*args)
  File "/Library/Developer/CommandLineTools/Library/Frameworks/Python3.framework/Versions/3.9/lib/python3.9/urllib/request.py", line 1389, in https_open
    return self.do_open(http.client.HTTPSConnection, req,
  File "/Library/Developer/CommandLineTools/Library/Frameworks/Python3.framework/Versions/3.9/lib/python3.9/urllib/request.py", line 1349, in do_open
    raise URLError(err)
urllib.error.URLError: <urlopen error [Errno 8] nodename nor servname provided, or not known>
Wed Jun 17 10:04:05 PDT 2026: FAILED on attempt 3 (exit code 1)
Wed Jun 17 10:04:05 PDT 2026: PERMANENT FAILURE after 3 attempts — manual rerun required
Thu Jun 18 05:34:01 PDT 2026: Attempt 1 of 3 — running /Users/latentforge/Projects/latentforge-latentmas/experiments/benchmark/calibration_tracker.py
LatentForge Live Calibration Tracker v1.1
Date: 2026-06-18

Checking 42 tracked markets for resolution...
  No new resolutions today.

Fetching markets closing within 90 days...
Traceback (most recent call last):
  File "/Library/Developer/CommandLineTools/Library/Frameworks/Python3.framework/Versions/3.9/lib/python3.9/urllib/request.py", line 1346, in do_open
    h.request(req.get_method(), req.selector, req.data, headers,
  File "/Library/Developer/CommandLineTools/Library/Frameworks/Python3.framework/Versions/3.9/lib/python3.9/http/client.py", line 1257, in request
    self._send_request(method, url, body, headers, encode_chunked)
  File "/Library/Developer/CommandLineTools/Library/Frameworks/Python3.framework/Versions/3.9/lib/python3.9/http/client.py", line 1303, in _send_request
    self.endheaders(body, encode_chunked=encode_chunked)
  File "/Library/Developer/CommandLineTools/Library/Frameworks/Python3.framework/Versions/3.9/lib/python3.9/http/client.py", line 1252, in endheaders
    self._send_output(message_body, encode_chunked=encode_chunked)
  File "/Library/Developer/CommandLineTools/Library/Frameworks/Python3.framework/Versions/3.9/lib/python3.9/http/client.py", line 1012, in _send_output
    self.send(msg)
  File "/Library/Developer/CommandLineTools/Library/Frameworks/Python3.framework/Versions/3.9/lib/python3.9/http/client.py", line 952, in send
    self.connect()
  File "/Library/Developer/CommandLineTools/Library/Frameworks/Python3.framework/Versions/3.9/lib/python3.9/http/client.py", line 1419, in connect
    super().connect()
  File "/Library/Developer/CommandLineTools/Library/Frameworks/Python3.framework/Versions/3.9/lib/python3.9/http/client.py", line 923, in connect
    self.sock = self._create_connection(
  File "/Library/Developer/CommandLineTools/Library/Frameworks/Python3.framework/Versions/3.9/lib/python3.9/socket.py", line 822, in create_connection
    for res in getaddrinfo(host, port, 0, SOCK_STREAM):
  File "/Library/Developer/CommandLineTools/Library/Frameworks/Python3.framework/Versions/3.9/lib/python3.9/socket.py", line 953, in getaddrinfo
    for res in _socket.getaddrinfo(host, port, family, type, proto, flags):
socket.gaierror: [Errno 8] nodename nor servname provided, or not known

During handling of the above exception, another exception occurred:

Traceback (most recent call last):
  File "/Users/latentforge/Projects/latentforge-latentmas/experiments/benchmark/calibration_tracker.py", line 300, in <module>
    run()
  File "/Users/latentforge/Projects/latentforge-latentmas/experiments/benchmark/calibration_tracker.py", line 216, in run
    markets = fetch_near_term_markets(days=90, limit=200)
  File "/Users/latentforge/Projects/latentforge-latentmas/experiments/benchmark/calibration_tracker.py", line 49, in fetch_near_term_markets
    with urllib.request.urlopen(req, timeout=15) as r:
  File "/Library/Developer/CommandLineTools/Library/Frameworks/Python3.framework/Versions/3.9/lib/python3.9/urllib/request.py", line 214, in urlopen
    return opener.open(url, data, timeout)
  File "/Library/Developer/CommandLineTools/Library/Frameworks/Python3.framework/Versions/3.9/lib/python3.9/urllib/request.py", line 517, in open
    response = self._open(req, data)
  File "/Library/Developer/CommandLineTools/Library/Frameworks/Python3.framework/Versions/3.9/lib/python3.9/urllib/request.py", line 534, in _open
    result = self._call_chain(self.handle_open, protocol, protocol +
  File "/Library/Developer/CommandLineTools/Library/Frameworks/Python3.framework/Versions/3.9/lib/python3.9/urllib/request.py", line 494, in _call_chain
    result = func(*args)
  File "/Library/Developer/CommandLineTools/Library/Frameworks/Python3.framework/Versions/3.9/lib/python3.9/urllib/request.py", line 1389, in https_open
    return self.do_open(http.client.HTTPSConnection, req,
  File "/Library/Developer/CommandLineTools/Library/Frameworks/Python3.framework/Versions/3.9/lib/python3.9/urllib/request.py", line 1349, in do_open
    raise URLError(err)
urllib.error.URLError: <urlopen error [Errno 8] nodename nor servname provided, or not known>
Thu Jun 18 05:34:01 PDT 2026: FAILED on attempt 1 (exit code 1)
Thu Jun 18 05:34:01 PDT 2026: Retrying in 300s...
Thu Jun 18 06:01:17 PDT 2026: Attempt 2 of 3 — running /Users/latentforge/Projects/latentforge-latentmas/experiments/benchmark/calibration_tracker.py
LatentForge Live Calibration Tracker v1.1
Date: 2026-06-18

Checking 42 tracked markets for resolution...
  No new resolutions today.

Fetching markets closing within 90 days...
Traceback (most recent call last):
  File "/Library/Developer/CommandLineTools/Library/Frameworks/Python3.framework/Versions/3.9/lib/python3.9/urllib/request.py", line 1346, in do_open
    h.request(req.get_method(), req.selector, req.data, headers,
  File "/Library/Developer/CommandLineTools/Library/Frameworks/Python3.framework/Versions/3.9/lib/python3.9/http/client.py", line 1257, in request
    self._send_request(method, url, body, headers, encode_chunked)
  File "/Library/Developer/CommandLineTools/Library/Frameworks/Python3.framework/Versions/3.9/lib/python3.9/http/client.py", line 1303, in _send_request
    self.endheaders(body, encode_chunked=encode_chunked)
  File "/Library/Developer/CommandLineTools/Library/Frameworks/Python3.framework/Versions/3.9/lib/python3.9/http/client.py", line 1252, in endheaders
    self._send_output(message_body, encode_chunked=encode_chunked)
  File "/Library/Developer/CommandLineTools/Library/Frameworks/Python3.framework/Versions/3.9/lib/python3.9/http/client.py", line 1012, in _send_output
    self.send(msg)
  File "/Library/Developer/CommandLineTools/Library/Frameworks/Python3.framework/Versions/3.9/lib/python3.9/http/client.py", line 952, in send
    self.connect()
  File "/Library/Developer/CommandLineTools/Library/Frameworks/Python3.framework/Versions/3.9/lib/python3.9/http/client.py", line 1419, in connect
    super().connect()
  File "/Library/Developer/CommandLineTools/Library/Frameworks/Python3.framework/Versions/3.9/lib/python3.9/http/client.py", line 923, in connect
    self.sock = self._create_connection(
  File "/Library/Developer/CommandLineTools/Library/Frameworks/Python3.framework/Versions/3.9/lib/python3.9/socket.py", line 822, in create_connection
    for res in getaddrinfo(host, port, 0, SOCK_STREAM):
  File "/Library/Developer/CommandLineTools/Library/Frameworks/Python3.framework/Versions/3.9/lib/python3.9/socket.py", line 953, in getaddrinfo
    for res in _socket.getaddrinfo(host, port, family, type, proto, flags):
socket.gaierror: [Errno 8] nodename nor servname provided, or not known

During handling of the above exception, another exception occurred:

Traceback (most recent call last):
  File "/Users/latentforge/Projects/latentforge-latentmas/experiments/benchmark/calibration_tracker.py", line 300, in <module>
    run()
  File "/Users/latentforge/Projects/latentforge-latentmas/experiments/benchmark/calibration_tracker.py", line 216, in run
    markets = fetch_near_term_markets(days=90, limit=200)
  File "/Users/latentforge/Projects/latentforge-latentmas/experiments/benchmark/calibration_tracker.py", line 49, in fetch_near_term_markets
    with urllib.request.urlopen(req, timeout=15) as r:
  File "/Library/Developer/CommandLineTools/Library/Frameworks/Python3.framework/Versions/3.9/lib/python3.9/urllib/request.py", line 214, in urlopen
    return opener.open(url, data, timeout)
  File "/Library/Developer/CommandLineTools/Library/Frameworks/Python3.framework/Versions/3.9/lib/python3.9/urllib/request.py", line 517, in open
    response = self._open(req, data)
  File "/Library/Developer/CommandLineTools/Library/Frameworks/Python3.framework/Versions/3.9/lib/python3.9/urllib/request.py", line 534, in _open
    result = self._call_chain(self.handle_open, protocol, protocol +
  File "/Library/Developer/CommandLineTools/Library/Frameworks/Python3.framework/Versions/3.9/lib/python3.9/urllib/request.py", line 494, in _call_chain
    result = func(*args)
  File "/Library/Developer/CommandLineTools/Library/Frameworks/Python3.framework/Versions/3.9/lib/python3.9/urllib/request.py", line 1389, in https_open
    return self.do_open(http.client.HTTPSConnection, req,
  File "/Library/Developer/CommandLineTools/Library/Frameworks/Python3.framework/Versions/3.9/lib/python3.9/urllib/request.py", line 1349, in do_open
    raise URLError(err)
urllib.error.URLError: <urlopen error [Errno 8] nodename nor servname provided, or not known>
Thu Jun 18 06:01:17 PDT 2026: FAILED on attempt 2 (exit code 1)
Thu Jun 18 06:01:17 PDT 2026: Retrying in 300s...
Thu Jun 18 06:38:15 PDT 2026: Attempt 3 of 3 — running /Users/latentforge/Projects/latentforge-latentmas/experiments/benchmark/calibration_tracker.py
LatentForge Live Calibration Tracker v1.1
Date: 2026-06-18

Checking 42 tracked markets for resolution...
  No new resolutions today.

Fetching markets closing within 90 days...
Traceback (most recent call last):
  File "/Library/Developer/CommandLineTools/Library/Frameworks/Python3.framework/Versions/3.9/lib/python3.9/urllib/request.py", line 1346, in do_open
    h.request(req.get_method(), req.selector, req.data, headers,
  File "/Library/Developer/CommandLineTools/Library/Frameworks/Python3.framework/Versions/3.9/lib/python3.9/http/client.py", line 1257, in request
    self._send_request(method, url, body, headers, encode_chunked)
  File "/Library/Developer/CommandLineTools/Library/Frameworks/Python3.framework/Versions/3.9/lib/python3.9/http/client.py", line 1303, in _send_request
    self.endheaders(body, encode_chunked=encode_chunked)
  File "/Library/Developer/CommandLineTools/Library/Frameworks/Python3.framework/Versions/3.9/lib/python3.9/http/client.py", line 1252, in endheaders
    self._send_output(message_body, encode_chunked=encode_chunked)
  File "/Library/Developer/CommandLineTools/Library/Frameworks/Python3.framework/Versions/3.9/lib/python3.9/http/client.py", line 1012, in _send_output
    self.send(msg)
  File "/Library/Developer/CommandLineTools/Library/Frameworks/Python3.framework/Versions/3.9/lib/python3.9/http/client.py", line 952, in send
    self.connect()
  File "/Library/Developer/CommandLineTools/Library/Frameworks/Python3.framework/Versions/3.9/lib/python3.9/http/client.py", line 1419, in connect
    super().connect()
  File "/Library/Developer/CommandLineTools/Library/Frameworks/Python3.framework/Versions/3.9/lib/python3.9/http/client.py", line 923, in connect
    self.sock = self._create_connection(
  File "/Library/Developer/CommandLineTools/Library/Frameworks/Python3.framework/Versions/3.9/lib/python3.9/socket.py", line 822, in create_connection
    for res in getaddrinfo(host, port, 0, SOCK_STREAM):
  File "/Library/Developer/CommandLineTools/Library/Frameworks/Python3.framework/Versions/3.9/lib/python3.9/socket.py", line 953, in getaddrinfo
    for res in _socket.getaddrinfo(host, port, family, type, proto, flags):
socket.gaierror: [Errno 8] nodename nor servname provided, or not known

During handling of the above exception, another exception occurred:

Traceback (most recent call last):
  File "/Users/latentforge/Projects/latentforge-latentmas/experiments/benchmark/calibration_tracker.py", line 300, in <module>
    run()
  File "/Users/latentforge/Projects/latentforge-latentmas/experiments/benchmark/calibration_tracker.py", line 216, in run
    markets = fetch_near_term_markets(days=90, limit=200)
  File "/Users/latentforge/Projects/latentforge-latentmas/experiments/benchmark/calibration_tracker.py", line 49, in fetch_near_term_markets
    with urllib.request.urlopen(req, timeout=15) as r:
  File "/Library/Developer/CommandLineTools/Library/Frameworks/Python3.framework/Versions/3.9/lib/python3.9/urllib/request.py", line 214, in urlopen
    return opener.open(url, data, timeout)
  File "/Library/Developer/CommandLineTools/Library/Frameworks/Python3.framework/Versions/3.9/lib/python3.9/urllib/request.py", line 517, in open
    response = self._open(req, data)
  File "/Library/Developer/CommandLineTools/Library/Frameworks/Python3.framework/Versions/3.9/lib/python3.9/urllib/request.py", line 534, in _open
    result = self._call_chain(self.handle_open, protocol, protocol +
  File "/Library/Developer/CommandLineTools/Library/Frameworks/Python3.framework/Versions/3.9/lib/python3.9/urllib/request.py", line 494, in _call_chain
    result = func(*args)
  File "/Library/Developer/CommandLineTools/Library/Frameworks/Python3.framework/Versions/3.9/lib/python3.9/urllib/request.py", line 1389, in https_open
    return self.do_open(http.client.HTTPSConnection, req,
  File "/Library/Developer/CommandLineTools/Library/Frameworks/Python3.framework/Versions/3.9/lib/python3.9/urllib/request.py", line 1349, in do_open
    raise URLError(err)
urllib.error.URLError: <urlopen error [Errno 8] nodename nor servname provided, or not known>
Thu Jun 18 06:38:15 PDT 2026: FAILED on attempt 3 (exit code 1)
Thu Jun 18 06:38:15 PDT 2026: PERMANENT FAILURE after 3 attempts — manual rerun required
Fri Jun 19 05:30:00 PDT 2026: Attempt 1 of 3 — running /Users/latentforge/Projects/latentforge-latentmas/experiments/benchmark/calibration_tracker.py
LatentForge Live Calibration Tracker v1.1
Date: 2026-06-19

Checking 42 tracked markets for resolution...
  No new resolutions today.

Fetching markets closing within 90 days...
Traceback (most recent call last):
  File "/Library/Developer/CommandLineTools/Library/Frameworks/Python3.framework/Versions/3.9/lib/python3.9/urllib/request.py", line 1346, in do_open
    h.request(req.get_method(), req.selector, req.data, headers,
  File "/Library/Developer/CommandLineTools/Library/Frameworks/Python3.framework/Versions/3.9/lib/python3.9/http/client.py", line 1257, in request
    self._send_request(method, url, body, headers, encode_chunked)
  File "/Library/Developer/CommandLineTools/Library/Frameworks/Python3.framework/Versions/3.9/lib/python3.9/http/client.py", line 1303, in _send_request
    self.endheaders(body, encode_chunked=encode_chunked)
  File "/Library/Developer/CommandLineTools/Library/Frameworks/Python3.framework/Versions/3.9/lib/python3.9/http/client.py", line 1252, in endheaders
    self._send_output(message_body, encode_chunked=encode_chunked)
  File "/Library/Developer/CommandLineTools/Library/Frameworks/Python3.framework/Versions/3.9/lib/python3.9/http/client.py", line 1012, in _send_output
    self.send(msg)
  File "/Library/Developer/CommandLineTools/Library/Frameworks/Python3.framework/Versions/3.9/lib/python3.9/http/client.py", line 952, in send
    self.connect()
  File "/Library/Developer/CommandLineTools/Library/Frameworks/Python3.framework/Versions/3.9/lib/python3.9/http/client.py", line 1419, in connect
    super().connect()
  File "/Library/Developer/CommandLineTools/Library/Frameworks/Python3.framework/Versions/3.9/lib/python3.9/http/client.py", line 923, in connect
    self.sock = self._create_connection(
  File "/Library/Developer/CommandLineTools/Library/Frameworks/Python3.framework/Versions/3.9/lib/python3.9/socket.py", line 822, in create_connection
    for res in getaddrinfo(host, port, 0, SOCK_STREAM):
  File "/Library/Developer/CommandLineTools/Library/Frameworks/Python3.framework/Versions/3.9/lib/python3.9/socket.py", line 953, in getaddrinfo
    for res in _socket.getaddrinfo(host, port, family, type, proto, flags):
socket.gaierror: [Errno 8] nodename nor servname provided, or not known

During handling of the above exception, another exception occurred:

Traceback (most recent call last):
  File "/Users/latentforge/Projects/latentforge-latentmas/experiments/benchmark/calibration_tracker.py", line 300, in <module>
    run()
  File "/Users/latentforge/Projects/latentforge-latentmas/experiments/benchmark/calibration_tracker.py", line 216, in run
    markets = fetch_near_term_markets(days=90, limit=200)
  File "/Users/latentforge/Projects/latentforge-latentmas/experiments/benchmark/calibration_tracker.py", line 49, in fetch_near_term_markets
    with urllib.request.urlopen(req, timeout=15) as r:
  File "/Library/Developer/CommandLineTools/Library/Frameworks/Python3.framework/Versions/3.9/lib/python3.9/urllib/request.py", line 214, in urlopen
    return opener.open(url, data, timeout)
  File "/Library/Developer/CommandLineTools/Library/Frameworks/Python3.framework/Versions/3.9/lib/python3.9/urllib/request.py", line 517, in open
    response = self._open(req, data)
  File "/Library/Developer/CommandLineTools/Library/Frameworks/Python3.framework/Versions/3.9/lib/python3.9/urllib/request.py", line 534, in _open
    result = self._call_chain(self.handle_open, protocol, protocol +
  File "/Library/Developer/CommandLineTools/Library/Frameworks/Python3.framework/Versions/3.9/lib/python3.9/urllib/request.py", line 494, in _call_chain
    result = func(*args)
  File "/Library/Developer/CommandLineTools/Library/Frameworks/Python3.framework/Versions/3.9/lib/python3.9/urllib/request.py", line 1389, in https_open
    return self.do_open(http.client.HTTPSConnection, req,
  File "/Library/Developer/CommandLineTools/Library/Frameworks/Python3.framework/Versions/3.9/lib/python3.9/urllib/request.py", line 1349, in do_open
    raise URLError(err)
urllib.error.URLError: <urlopen error [Errno 8] nodename nor servname provided, or not known>
Fri Jun 19 05:30:00 PDT 2026: FAILED on attempt 1 (exit code 1)
Fri Jun 19 05:30:00 PDT 2026: Retrying in 300s...
Fri Jun 19 15:03:20 PDT 2026: Attempt 2 of 3 — running /Users/latentforge/Projects/latentforge-latentmas/experiments/benchmark/calibration_tracker.py
LatentForge Live Calibration Tracker v1.1
Date: 2026-06-19

Checking 42 tracked markets for resolution...
  No new resolutions today.

Fetching markets closing within 90 days...
Traceback (most recent call last):
  File "/Library/Developer/CommandLineTools/Library/Frameworks/Python3.framework/Versions/3.9/lib/python3.9/urllib/request.py", line 1346, in do_open
    h.request(req.get_method(), req.selector, req.data, headers,
  File "/Library/Developer/CommandLineTools/Library/Frameworks/Python3.framework/Versions/3.9/lib/python3.9/http/client.py", line 1257, in request
    self._send_request(method, url, body, headers, encode_chunked)
  File "/Library/Developer/CommandLineTools/Library/Frameworks/Python3.framework/Versions/3.9/lib/python3.9/http/client.py", line 1303, in _send_request
    self.endheaders(body, encode_chunked=encode_chunked)
  File "/Library/Developer/CommandLineTools/Library/Frameworks/Python3.framework/Versions/3.9/lib/python3.9/http/client.py", line 1252, in endheaders
    self._send_output(message_body, encode_chunked=encode_chunked)
  File "/Library/Developer/CommandLineTools/Library/Frameworks/Python3.framework/Versions/3.9/lib/python3.9/http/client.py", line 1012, in _send_output
    self.send(msg)
  File "/Library/Developer/CommandLineTools/Library/Frameworks/Python3.framework/Versions/3.9/lib/python3.9/http/client.py", line 952, in send
    self.connect()
  File "/Library/Developer/CommandLineTools/Library/Frameworks/Python3.framework/Versions/3.9/lib/python3.9/http/client.py", line 1419, in connect
    super().connect()
  File "/Library/Developer/CommandLineTools/Library/Frameworks/Python3.framework/Versions/3.9/lib/python3.9/http/client.py", line 923, in connect
    self.sock = self._create_connection(
  File "/Library/Developer/CommandLineTools/Library/Frameworks/Python3.framework/Versions/3.9/lib/python3.9/socket.py", line 822, in create_connection
    for res in getaddrinfo(host, port, 0, SOCK_STREAM):
  File "/Library/Developer/CommandLineTools/Library/Frameworks/Python3.framework/Versions/3.9/lib/python3.9/socket.py", line 953, in getaddrinfo
    for res in _socket.getaddrinfo(host, port, family, type, proto, flags):
socket.gaierror: [Errno 8] nodename nor servname provided, or not known

During handling of the above exception, another exception occurred:

Traceback (most recent call last):
  File "/Users/latentforge/Projects/latentforge-latentmas/experiments/benchmark/calibration_tracker.py", line 300, in <module>
    run()
  File "/Users/latentforge/Projects/latentforge-latentmas/experiments/benchmark/calibration_tracker.py", line 216, in run
    markets = fetch_near_term_markets(days=90, limit=200)
  File "/Users/latentforge/Projects/latentforge-latentmas/experiments/benchmark/calibration_tracker.py", line 49, in fetch_near_term_markets
    with urllib.request.urlopen(req, timeout=15) as r:
  File "/Library/Developer/CommandLineTools/Library/Frameworks/Python3.framework/Versions/3.9/lib/python3.9/urllib/request.py", line 214, in urlopen
    return opener.open(url, data, timeout)
  File "/Library/Developer/CommandLineTools/Library/Frameworks/Python3.framework/Versions/3.9/lib/python3.9/urllib/request.py", line 517, in open
    response = self._open(req, data)
  File "/Library/Developer/CommandLineTools/Library/Frameworks/Python3.framework/Versions/3.9/lib/python3.9/urllib/request.py", line 534, in _open
    result = self._call_chain(self.handle_open, protocol, protocol +
  File "/Library/Developer/CommandLineTools/Library/Frameworks/Python3.framework/Versions/3.9/lib/python3.9/urllib/request.py", line 494, in _call_chain
    result = func(*args)
  File "/Library/Developer/CommandLineTools/Library/Frameworks/Python3.framework/Versions/3.9/lib/python3.9/urllib/request.py", line 1389, in https_open
    return self.do_open(http.client.HTTPSConnection, req,
  File "/Library/Developer/CommandLineTools/Library/Frameworks/Python3.framework/Versions/3.9/lib/python3.9/urllib/request.py", line 1349, in do_open
    raise URLError(err)
urllib.error.URLError: <urlopen error [Errno 8] nodename nor servname provided, or not known>
Fri Jun 19 15:19:01 PDT 2026: FAILED on attempt 2 (exit code 1)
Fri Jun 19 15:19:01 PDT 2026: Retrying in 300s...
Fri Jun 19 21:32:36 PDT 2026: Attempt 3 of 3 — running /Users/latentforge/Projects/latentforge-latentmas/experiments/benchmark/calibration_tracker.py
LatentForge Live Calibration Tracker v1.1
Date: 2026-06-19

Checking 42 tracked markets for resolution...
  RESOLVED [0] Will MegaETH perform an airdrop by June 30? 
    swarm=0.417 crowd=0.56 swarm_brier=0.1739
  RESOLVED [0] Will Netherlands win the 2026 FIFA World Cup?
    swarm=0.15 crowd=0.05 swarm_brier=0.0225

Fetching markets closing within 90 days...
Found 9 qualifying markets

=== CALIBRATION SUMMARY ===
Total markets tracked: 42
New predictions today: 0
Newly resolved: 2

--- PRIMARY TRACK (policy/macro/geopolitics/elections) ---
  Resolved markets scored: 3
  Swarm avg Brier:  0.17
  Crowd avg Brier:  0.1132
  Naive avg Brier:  0.25
  Swarm vs naive:   32.0%
  Swarm vs crowd:   -50.2%
  Brier Skill Score:-0.5018  (0=crowd-level, 1=perfect, negative=worse than crowd)
  Swarm entropy:    0.823  (higher = more uncertain)
  Swarm dispersion: 40.0pts  (range of swarm predictions)
  Crowd dispersion: 51.9pts  (range of crowd predictions)
  Avg divergence:   7.6pts  (avg |swarm - crowd| on resolved markets)

--- FULL TRACK (all categories, for transparency) ---
  Resolved markets scored: 29
  Swarm avg Brier:  0.1148
  Crowd avg Brier:  0.1304
  Naive avg Brier:  0.25
  Swarm vs naive:   54.1%
  Swarm vs crowd:   12.0%
  Brier Skill Score:0.1196  (0=crowd-level, 1=perfect, negative=worse than crowd)
  Swarm entropy:    0.6276  (higher = more uncertain)
  Swarm dispersion: 46.3pts  (range of swarm predictions)
  Crowd dispersion: 67.7pts  (range of crowd predictions)
  Avg divergence:   9.1pts  (avg |swarm - crowd| on resolved markets)

Logs: /Users/latentforge/Projects/latentforge-latentmas/experiments/benchmark/calibration
Fri Jun 19 21:32:38 PDT 2026: SUCCESS on attempt 3
Sat Jun 20 05:36:21 PDT 2026: Attempt 1 of 3 — running /Users/latentforge/Projects/latentforge-latentmas/experiments/benchmark/calibration_tracker.py
LatentForge Live Calibration Tracker v1.1
Date: 2026-06-20

Checking 42 tracked markets for resolution...
  No new resolutions today.

Fetching markets closing within 90 days...
Found 9 qualifying markets

=== CALIBRATION SUMMARY ===
Total markets tracked: 42
New predictions today: 0
Newly resolved: 0

--- PRIMARY TRACK (policy/macro/geopolitics/elections) ---
  Resolved markets scored: 3
  Swarm avg Brier:  0.17
  Crowd avg Brier:  0.1132
  Naive avg Brier:  0.25
  Swarm vs naive:   32.0%
  Swarm vs crowd:   -50.2%
  Brier Skill Score:-0.5018  (0=crowd-level, 1=perfect, negative=worse than crowd)
  Swarm entropy:    0.823  (higher = more uncertain)
  Swarm dispersion: 40.0pts  (range of swarm predictions)
  Crowd dispersion: 51.9pts  (range of crowd predictions)
  Avg divergence:   7.6pts  (avg |swarm - crowd| on resolved markets)

--- FULL TRACK (all categories, for transparency) ---
  Resolved markets scored: 29
  Swarm avg Brier:  0.1148
  Crowd avg Brier:  0.1304
  Naive avg Brier:  0.25
  Swarm vs naive:   54.1%
  Swarm vs crowd:   12.0%
  Brier Skill Score:0.1196  (0=crowd-level, 1=perfect, negative=worse than crowd)
  Swarm entropy:    0.6276  (higher = more uncertain)
  Swarm dispersion: 46.3pts  (range of swarm predictions)
  Crowd dispersion: 67.7pts  (range of crowd predictions)
  Avg divergence:   9.1pts  (avg |swarm - crowd| on resolved markets)

Logs: /Users/latentforge/Projects/latentforge-latentmas/experiments/benchmark/calibration
Sat Jun 20 05:36:23 PDT 2026: SUCCESS on attempt 1
Sun Jun 21 05:45:57 PDT 2026: Attempt 1 of 3 — running /Users/latentforge/Projects/latentforge-latentmas/experiments/benchmark/calibration_tracker.py
LatentForge Live Calibration Tracker v1.1
Date: 2026-06-21

Checking 42 tracked markets for resolution...
  No new resolutions today.

Fetching markets closing within 90 days...
Found 11 qualifying markets

=== CALIBRATION SUMMARY ===
Total markets tracked: 42
New predictions today: 0
Newly resolved: 0

--- PRIMARY TRACK (policy/macro/geopolitics/elections) ---
  Resolved markets scored: 3
  Swarm avg Brier:  0.17
  Crowd avg Brier:  0.1132
  Naive avg Brier:  0.25
  Swarm vs naive:   32.0%
  Swarm vs crowd:   -50.2%
  Brier Skill Score:-0.5018  (0=crowd-level, 1=perfect, negative=worse than crowd)
  Swarm entropy:    0.823  (higher = more uncertain)
  Swarm dispersion: 40.0pts  (range of swarm predictions)
  Crowd dispersion: 51.9pts  (range of crowd predictions)
  Avg divergence:   7.6pts  (avg |swarm - crowd| on resolved markets)

--- FULL TRACK (all categories, for transparency) ---
  Resolved markets scored: 29
  Swarm avg Brier:  0.1148
  Crowd avg Brier:  0.1304
  Naive avg Brier:  0.25
  Swarm vs naive:   54.1%
  Swarm vs crowd:   12.0%
  Brier Skill Score:0.1196  (0=crowd-level, 1=perfect, negative=worse than crowd)
  Swarm entropy:    0.6276  (higher = more uncertain)
  Swarm dispersion: 46.3pts  (range of swarm predictions)
  Crowd dispersion: 67.7pts  (range of crowd predictions)
  Avg divergence:   9.1pts  (avg |swarm - crowd| on resolved markets)

Logs: /Users/latentforge/Projects/latentforge-latentmas/experiments/benchmark/calibration
Sun Jun 21 05:45:59 PDT 2026: SUCCESS on attempt 1
Mon Jun 22 05:39:24 PDT 2026: Attempt 1 of 3 — running /Users/latentforge/Projects/latentforge-latentmas/experiments/benchmark/calibration_tracker.py
LatentForge Live Calibration Tracker v1.1
Date: 2026-06-22

Checking 42 tracked markets for resolution...
  No new resolutions today.

Fetching markets closing within 90 days...
Found 10 qualifying markets

=== CALIBRATION SUMMARY ===
Total markets tracked: 42
New predictions today: 0
Newly resolved: 0

--- PRIMARY TRACK (policy/macro/geopolitics/elections) ---
  Resolved markets scored: 3
  Swarm avg Brier:  0.17
  Crowd avg Brier:  0.1132
  Naive avg Brier:  0.25
  Swarm vs naive:   32.0%
  Swarm vs crowd:   -50.2%
  Brier Skill Score:-0.5018  (0=crowd-level, 1=perfect, negative=worse than crowd)
  Swarm entropy:    0.823  (higher = more uncertain)
  Swarm dispersion: 40.0pts  (range of swarm predictions)
  Crowd dispersion: 51.9pts  (range of crowd predictions)
  Avg divergence:   7.6pts  (avg |swarm - crowd| on resolved markets)

--- FULL TRACK (all categories, for transparency) ---
  Resolved markets scored: 29
  Swarm avg Brier:  0.1148
  Crowd avg Brier:  0.1304
  Naive avg Brier:  0.25
  Swarm vs naive:   54.1%
  Swarm vs crowd:   12.0%
  Brier Skill Score:0.1196  (0=crowd-level, 1=perfect, negative=worse than crowd)
  Swarm entropy:    0.6276  (higher = more uncertain)
  Swarm dispersion: 46.3pts  (range of swarm predictions)
  Crowd dispersion: 67.7pts  (range of crowd predictions)
  Avg divergence:   9.1pts  (avg |swarm - crowd| on resolved markets)

Logs: /Users/latentforge/Projects/latentforge-latentmas/experiments/benchmark/calibration
Mon Jun 22 05:39:26 PDT 2026: SUCCESS on attempt 1
Tue Jun 23 05:35:47 PDT 2026: Attempt 1 of 3 — running /Users/latentforge/Projects/latentforge-latentmas/experiments/benchmark/calibration_tracker.py
LatentForge Live Calibration Tracker v1.1
Date: 2026-06-23

Checking 42 tracked markets for resolution...
  No new resolutions today.

Fetching markets closing within 90 days...
Traceback (most recent call last):
  File "/Library/Developer/CommandLineTools/Library/Frameworks/Python3.framework/Versions/3.9/lib/python3.9/urllib/request.py", line 1346, in do_open
    h.request(req.get_method(), req.selector, req.data, headers,
  File "/Library/Developer/CommandLineTools/Library/Frameworks/Python3.framework/Versions/3.9/lib/python3.9/http/client.py", line 1257, in request
    self._send_request(method, url, body, headers, encode_chunked)
  File "/Library/Developer/CommandLineTools/Library/Frameworks/Python3.framework/Versions/3.9/lib/python3.9/http/client.py", line 1303, in _send_request
    self.endheaders(body, encode_chunked=encode_chunked)
  File "/Library/Developer/CommandLineTools/Library/Frameworks/Python3.framework/Versions/3.9/lib/python3.9/http/client.py", line 1252, in endheaders
    self._send_output(message_body, encode_chunked=encode_chunked)
  File "/Library/Developer/CommandLineTools/Library/Frameworks/Python3.framework/Versions/3.9/lib/python3.9/http/client.py", line 1012, in _send_output
    self.send(msg)
  File "/Library/Developer/CommandLineTools/Library/Frameworks/Python3.framework/Versions/3.9/lib/python3.9/http/client.py", line 952, in send
    self.connect()
  File "/Library/Developer/CommandLineTools/Library/Frameworks/Python3.framework/Versions/3.9/lib/python3.9/http/client.py", line 1419, in connect
    super().connect()
  File "/Library/Developer/CommandLineTools/Library/Frameworks/Python3.framework/Versions/3.9/lib/python3.9/http/client.py", line 923, in connect
    self.sock = self._create_connection(
  File "/Library/Developer/CommandLineTools/Library/Frameworks/Python3.framework/Versions/3.9/lib/python3.9/socket.py", line 822, in create_connection
    for res in getaddrinfo(host, port, 0, SOCK_STREAM):
  File "/Library/Developer/CommandLineTools/Library/Frameworks/Python3.framework/Versions/3.9/lib/python3.9/socket.py", line 953, in getaddrinfo
    for res in _socket.getaddrinfo(host, port, family, type, proto, flags):
socket.gaierror: [Errno 8] nodename nor servname provided, or not known

During handling of the above exception, another exception occurred:

Traceback (most recent call last):
  File "/Users/latentforge/Projects/latentforge-latentmas/experiments/benchmark/calibration_tracker.py", line 300, in <module>
    run()
  File "/Users/latentforge/Projects/latentforge-latentmas/experiments/benchmark/calibration_tracker.py", line 216, in run
    markets = fetch_near_term_markets(days=90, limit=200)
  File "/Users/latentforge/Projects/latentforge-latentmas/experiments/benchmark/calibration_tracker.py", line 49, in fetch_near_term_markets
    with urllib.request.urlopen(req, timeout=15) as r:
  File "/Library/Developer/CommandLineTools/Library/Frameworks/Python3.framework/Versions/3.9/lib/python3.9/urllib/request.py", line 214, in urlopen
    return opener.open(url, data, timeout)
  File "/Library/Developer/CommandLineTools/Library/Frameworks/Python3.framework/Versions/3.9/lib/python3.9/urllib/request.py", line 517, in open
    response = self._open(req, data)
  File "/Library/Developer/CommandLineTools/Library/Frameworks/Python3.framework/Versions/3.9/lib/python3.9/urllib/request.py", line 534, in _open
    result = self._call_chain(self.handle_open, protocol, protocol +
  File "/Library/Developer/CommandLineTools/Library/Frameworks/Python3.framework/Versions/3.9/lib/python3.9/urllib/request.py", line 494, in _call_chain
    result = func(*args)
  File "/Library/Developer/CommandLineTools/Library/Frameworks/Python3.framework/Versions/3.9/lib/python3.9/urllib/request.py", line 1389, in https_open
    return self.do_open(http.client.HTTPSConnection, req,
  File "/Library/Developer/CommandLineTools/Library/Frameworks/Python3.framework/Versions/3.9/lib/python3.9/urllib/request.py", line 1349, in do_open
    raise URLError(err)
urllib.error.URLError: <urlopen error [Errno 8] nodename nor servname provided, or not known>
Tue Jun 23 05:35:47 PDT 2026: FAILED on attempt 1 (exit code 1)
Tue Jun 23 05:35:47 PDT 2026: Retrying in 300s...
Tue Jun 23 23:32:28 PDT 2026: Attempt 2 of 3 — running /Users/latentforge/Projects/latentforge-latentmas/experiments/benchmark/calibration_tracker.py
LatentForge Live Calibration Tracker v1.1
Date: 2026-06-23

Checking 42 tracked markets for resolution...
  No new resolutions today.

Fetching markets closing within 90 days...
Found 10 qualifying markets

=== CALIBRATION SUMMARY ===
Total markets tracked: 42
New predictions today: 0
Newly resolved: 0

--- PRIMARY TRACK (policy/macro/geopolitics/elections) ---
  Resolved markets scored: 3
  Swarm avg Brier:  0.17
  Crowd avg Brier:  0.1132
  Naive avg Brier:  0.25
  Swarm vs naive:   32.0%
  Swarm vs crowd:   -50.2%
  Brier Skill Score:-0.5018  (0=crowd-level, 1=perfect, negative=worse than crowd)
  Swarm entropy:    0.823  (higher = more uncertain)
  Swarm dispersion: 40.0pts  (range of swarm predictions)
  Crowd dispersion: 51.9pts  (range of crowd predictions)
  Avg divergence:   7.6pts  (avg |swarm - crowd| on resolved markets)

--- FULL TRACK (all categories, for transparency) ---
  Resolved markets scored: 29
  Swarm avg Brier:  0.1148
  Crowd avg Brier:  0.1304
  Naive avg Brier:  0.25
  Swarm vs naive:   54.1%
  Swarm vs crowd:   12.0%
  Brier Skill Score:0.1196  (0=crowd-level, 1=perfect, negative=worse than crowd)
  Swarm entropy:    0.6276  (higher = more uncertain)
  Swarm dispersion: 46.3pts  (range of swarm predictions)
  Crowd dispersion: 67.7pts  (range of crowd predictions)
  Avg divergence:   9.1pts  (avg |swarm - crowd| on resolved markets)

Logs: /Users/latentforge/Projects/latentforge-latentmas/experiments/benchmark/calibration
Tue Jun 23 23:49:28 PDT 2026: SUCCESS on attempt 2
Wed Jun 24 05:33:57 PDT 2026: Attempt 1 of 3 — running /Users/latentforge/Projects/latentforge-latentmas/experiments/benchmark/calibration_tracker.py
LatentForge Live Calibration Tracker v1.1
Date: 2026-06-24

Checking 42 tracked markets for resolution...
  No new resolutions today.

Fetching markets closing within 90 days...
Found 10 qualifying markets

=== CALIBRATION SUMMARY ===
Total markets tracked: 42
New predictions today: 0
Newly resolved: 0

--- PRIMARY TRACK (policy/macro/geopolitics/elections) ---
  Resolved markets scored: 3
  Swarm avg Brier:  0.17
  Crowd avg Brier:  0.1132
  Naive avg Brier:  0.25
  Swarm vs naive:   32.0%
  Swarm vs crowd:   -50.2%
  Brier Skill Score:-0.5018  (0=crowd-level, 1=perfect, negative=worse than crowd)
  Swarm entropy:    0.823  (higher = more uncertain)
  Swarm dispersion: 40.0pts  (range of swarm predictions)
  Crowd dispersion: 51.9pts  (range of crowd predictions)
  Avg divergence:   7.6pts  (avg |swarm - crowd| on resolved markets)

--- FULL TRACK (all categories, for transparency) ---
  Resolved markets scored: 29
  Swarm avg Brier:  0.1148
  Crowd avg Brier:  0.1304
  Naive avg Brier:  0.25
  Swarm vs naive:   54.1%
  Swarm vs crowd:   12.0%
  Brier Skill Score:0.1196  (0=crowd-level, 1=perfect, negative=worse than crowd)
  Swarm entropy:    0.6276  (higher = more uncertain)
  Swarm dispersion: 46.3pts  (range of swarm predictions)
  Crowd dispersion: 67.7pts  (range of crowd predictions)
  Avg divergence:   9.1pts  (avg |swarm - crowd| on resolved markets)

Logs: /Users/latentforge/Projects/latentforge-latentmas/experiments/benchmark/calibration
Wed Jun 24 05:33:58 PDT 2026: SUCCESS on attempt 1
Thu Jun 25 05:33:00 PDT 2026: Attempt 1 of 3 — running /Users/latentforge/Projects/latentforge-latentmas/experiments/benchmark/calibration_tracker.py
LatentForge Live Calibration Tracker v1.1
Date: 2026-06-25

Checking 42 tracked markets for resolution...
  No new resolutions today.

Fetching markets closing within 90 days...
Found 10 qualifying markets

=== CALIBRATION SUMMARY ===
Total markets tracked: 42
New predictions today: 0
Newly resolved: 0

--- PRIMARY TRACK (policy/macro/geopolitics/elections) ---
  Resolved markets scored: 3
  Swarm avg Brier:  0.17
  Crowd avg Brier:  0.1132
  Naive avg Brier:  0.25
  Swarm vs naive:   32.0%
  Swarm vs crowd:   -50.2%
  Brier Skill Score:-0.5018  (0=crowd-level, 1=perfect, negative=worse than crowd)
  Swarm entropy:    0.823  (higher = more uncertain)
  Swarm dispersion: 40.0pts  (range of swarm predictions)
  Crowd dispersion: 51.9pts  (range of crowd predictions)
  Avg divergence:   7.6pts  (avg |swarm - crowd| on resolved markets)

--- FULL TRACK (all categories, for transparency) ---
  Resolved markets scored: 29
  Swarm avg Brier:  0.1148
  Crowd avg Brier:  0.1304
  Naive avg Brier:  0.25
  Swarm vs naive:   54.1%
  Swarm vs crowd:   12.0%
  Brier Skill Score:0.1196  (0=crowd-level, 1=perfect, negative=worse than crowd)
  Swarm entropy:    0.6276  (higher = more uncertain)
  Swarm dispersion: 46.3pts  (range of swarm predictions)
  Crowd dispersion: 67.7pts  (range of crowd predictions)
  Avg divergence:   9.1pts  (avg |swarm - crowd| on resolved markets)

Logs: /Users/latentforge/Projects/latentforge-latentmas/experiments/benchmark/calibration
Thu Jun 25 05:33:02 PDT 2026: SUCCESS on attempt 1
Fri Jun 26 05:38:54 PDT 2026: Attempt 1 of 3 — running /Users/latentforge/Projects/latentforge-latentmas/experiments/benchmark/calibration_tracker.py
LatentForge Live Calibration Tracker v1.1
Date: 2026-06-26

Checking 42 tracked markets for resolution...
  RESOLVED [1] Will Harvey Weinstein be sentenced to no prison time?
    swarm=0.05 crowd=0.3 swarm_brier=0.9025
  RESOLVED [0] Will Germany win the 2026 FIFA World Cup?
    swarm=0.15 crowd=0.052 swarm_brier=0.0225

Fetching markets closing within 90 days...
Found 8 qualifying markets

=== CALIBRATION SUMMARY ===
Total markets tracked: 42
New predictions today: 0
Newly resolved: 2

--- PRIMARY TRACK (policy/macro/geopolitics/elections) ---
  Resolved markets scored: 3
  Swarm avg Brier:  0.17
  Crowd avg Brier:  0.1132
  Naive avg Brier:  0.25
  Swarm vs naive:   32.0%
  Swarm vs crowd:   -50.2%
  Brier Skill Score:-0.5018  (0=crowd-level, 1=perfect, negative=worse than crowd)
  Swarm entropy:    0.823  (higher = more uncertain)
  Swarm dispersion: 40.0pts  (range of swarm predictions)
  Crowd dispersion: 51.9pts  (range of crowd predictions)
  Avg divergence:   7.6pts  (avg |swarm - crowd| on resolved markets)

--- FULL TRACK (all categories, for transparency) ---
  Resolved markets scored: 31
  Swarm avg Brier:  0.1373
  Crowd avg Brier:  0.1379
  Naive avg Brier:  0.25
  Swarm vs naive:   45.1%
  Swarm vs crowd:   0.4%
  Brier Skill Score:0.0044  (0=crowd-level, 1=perfect, negative=worse than crowd)
  Swarm entropy:    0.616  (higher = more uncertain)
  Swarm dispersion: 46.3pts  (range of swarm predictions)
  Crowd dispersion: 67.7pts  (range of crowd predictions)
  Avg divergence:   9.6pts  (avg |swarm - crowd| on resolved markets)

Logs: /Users/latentforge/Projects/latentforge-latentmas/experiments/benchmark/calibration
Fri Jun 26 05:38:56 PDT 2026: SUCCESS on attempt 1
Sat Jun 27 05:47:53 PDT 2026: Attempt 1 of 3 — running /Users/latentforge/Projects/latentforge-latentmas/experiments/benchmark/calibration_tracker.py
LatentForge Live Calibration Tracker v1.1
Date: 2026-06-27

Checking 42 tracked markets for resolution...
  No new resolutions today.

Fetching markets closing within 90 days...
Found 7 qualifying markets

=== CALIBRATION SUMMARY ===
Total markets tracked: 42
New predictions today: 0
Newly resolved: 0

--- PRIMARY TRACK (policy/macro/geopolitics/elections) ---
  Resolved markets scored: 3
  Swarm avg Brier:  0.17
  Crowd avg Brier:  0.1132
  Naive avg Brier:  0.25
  Swarm vs naive:   32.0%
  Swarm vs crowd:   -50.2%
  Brier Skill Score:-0.5018  (0=crowd-level, 1=perfect, negative=worse than crowd)
  Swarm entropy:    0.823  (higher = more uncertain)
  Swarm dispersion: 40.0pts  (range of swarm predictions)
  Crowd dispersion: 51.9pts  (range of crowd predictions)
  Avg divergence:   7.6pts  (avg |swarm - crowd| on resolved markets)

--- FULL TRACK (all categories, for transparency) ---
  Resolved markets scored: 31
  Swarm avg Brier:  0.1373
  Crowd avg Brier:  0.1379
  Naive avg Brier:  0.25
  Swarm vs naive:   45.1%
  Swarm vs crowd:   0.4%
  Brier Skill Score:0.0044  (0=crowd-level, 1=perfect, negative=worse than crowd)
  Swarm entropy:    0.616  (higher = more uncertain)
  Swarm dispersion: 46.3pts  (range of swarm predictions)
  Crowd dispersion: 67.7pts  (range of crowd predictions)
  Avg divergence:   9.6pts  (avg |swarm - crowd| on resolved markets)

Logs: /Users/latentforge/Projects/latentforge-latentmas/experiments/benchmark/calibration
Sat Jun 27 05:47:54 PDT 2026: SUCCESS on attempt 1
Sun Jun 28 05:42:55 PDT 2026: Attempt 1 of 3 — running /Users/latentforge/Projects/latentforge-latentmas/experiments/benchmark/calibration_tracker.py
LatentForge Live Calibration Tracker v1.1
Date: 2026-06-28

Checking 42 tracked markets for resolution...
  No new resolutions today.

Fetching markets closing within 90 days...
Found 7 qualifying markets

=== CALIBRATION SUMMARY ===
Total markets tracked: 42
New predictions today: 0
Newly resolved: 0

--- PRIMARY TRACK (policy/macro/geopolitics/elections) ---
  Resolved markets scored: 3
  Swarm avg Brier:  0.17
  Crowd avg Brier:  0.1132
  Naive avg Brier:  0.25
  Swarm vs naive:   32.0%
  Swarm vs crowd:   -50.2%
  Brier Skill Score:-0.5018  (0=crowd-level, 1=perfect, negative=worse than crowd)
  Swarm entropy:    0.823  (higher = more uncertain)
  Swarm dispersion: 40.0pts  (range of swarm predictions)
  Crowd dispersion: 51.9pts  (range of crowd predictions)
  Avg divergence:   7.6pts  (avg |swarm - crowd| on resolved markets)

--- FULL TRACK (all categories, for transparency) ---
  Resolved markets scored: 31
  Swarm avg Brier:  0.1373
  Crowd avg Brier:  0.1379
  Naive avg Brier:  0.25
  Swarm vs naive:   45.1%
  Swarm vs crowd:   0.4%
  Brier Skill Score:0.0044  (0=crowd-level, 1=perfect, negative=worse than crowd)
  Swarm entropy:    0.616  (higher = more uncertain)
  Swarm dispersion: 46.3pts  (range of swarm predictions)
  Crowd dispersion: 67.7pts  (range of crowd predictions)
  Avg divergence:   9.6pts  (avg |swarm - crowd| on resolved markets)

Logs: /Users/latentforge/Projects/latentforge-latentmas/experiments/benchmark/calibration
Sun Jun 28 05:42:57 PDT 2026: SUCCESS on attempt 1
Mon Jun 29 05:32:19 PDT 2026: Attempt 1 of 3 — running /Users/latentforge/Projects/latentforge-latentmas/experiments/benchmark/calibration_tracker.py
LatentForge Live Calibration Tracker v1.1
Date: 2026-06-29

Checking 42 tracked markets for resolution...
  No new resolutions today.

Fetching markets closing within 90 days...
Found 8 qualifying markets

=== CALIBRATION SUMMARY ===
Total markets tracked: 42
New predictions today: 0
Newly resolved: 0

--- PRIMARY TRACK (policy/macro/geopolitics/elections) ---
  Resolved markets scored: 3
  Swarm avg Brier:  0.17
  Crowd avg Brier:  0.1132
  Naive avg Brier:  0.25
  Swarm vs naive:   32.0%
  Swarm vs crowd:   -50.2%
  Brier Skill Score:-0.5018  (0=crowd-level, 1=perfect, negative=worse than crowd)
  Swarm entropy:    0.823  (higher = more uncertain)
  Swarm dispersion: 40.0pts  (range of swarm predictions)
  Crowd dispersion: 51.9pts  (range of crowd predictions)
  Avg divergence:   7.6pts  (avg |swarm - crowd| on resolved markets)

--- FULL TRACK (all categories, for transparency) ---
  Resolved markets scored: 31
  Swarm avg Brier:  0.1373
  Crowd avg Brier:  0.1379
  Naive avg Brier:  0.25
  Swarm vs naive:   45.1%
  Swarm vs crowd:   0.4%
  Brier Skill Score:0.0044  (0=crowd-level, 1=perfect, negative=worse than crowd)
  Swarm entropy:    0.616  (higher = more uncertain)
  Swarm dispersion: 46.3pts  (range of swarm predictions)
  Crowd dispersion: 67.7pts  (range of crowd predictions)
  Avg divergence:   9.6pts  (avg |swarm - crowd| on resolved markets)

Logs: /Users/latentforge/Projects/latentforge-latentmas/experiments/benchmark/calibration
Mon Jun 29 05:32:20 PDT 2026: SUCCESS on attempt 1
Tue Jun 30 05:42:14 PDT 2026: Attempt 1 of 3 — running /Users/latentforge/Projects/latentforge-latentmas/experiments/benchmark/calibration_tracker.py
LatentForge Live Calibration Tracker v1.1
Date: 2026-06-30

Checking 42 tracked markets for resolution...
  No new resolutions today.

Fetching markets closing within 90 days...
Found 6 qualifying markets

=== CALIBRATION SUMMARY ===
Total markets tracked: 42
New predictions today: 0
Newly resolved: 0

--- PRIMARY TRACK (policy/macro/geopolitics/elections) ---
  Resolved markets scored: 3
  Swarm avg Brier:  0.17
  Crowd avg Brier:  0.1132
  Naive avg Brier:  0.25
  Swarm vs naive:   32.0%
  Swarm vs crowd:   -50.2%
  Brier Skill Score:-0.5018  (0=crowd-level, 1=perfect, negative=worse than crowd)
  Swarm entropy:    0.823  (higher = more uncertain)
  Swarm dispersion: 40.0pts  (range of swarm predictions)
  Crowd dispersion: 51.9pts  (range of crowd predictions)
  Avg divergence:   7.6pts  (avg |swarm - crowd| on resolved markets)

--- FULL TRACK (all categories, for transparency) ---
  Resolved markets scored: 31
  Swarm avg Brier:  0.1373
  Crowd avg Brier:  0.1379
  Naive avg Brier:  0.25
  Swarm vs naive:   45.1%
  Swarm vs crowd:   0.4%
  Brier Skill Score:0.0044  (0=crowd-level, 1=perfect, negative=worse than crowd)
  Swarm entropy:    0.616  (higher = more uncertain)
  Swarm dispersion: 46.3pts  (range of swarm predictions)
  Crowd dispersion: 67.7pts  (range of crowd predictions)
  Avg divergence:   9.6pts  (avg |swarm - crowd| on resolved markets)

Logs: /Users/latentforge/Projects/latentforge-latentmas/experiments/benchmark/calibration
Tue Jun 30 05:42:16 PDT 2026: SUCCESS on attempt 1
Wed Jul  1 05:34:14 PDT 2026: Attempt 1 of 3 — running /Users/latentforge/Projects/latentforge-latentmas/experiments/benchmark/calibration_tracker.py
LatentForge Live Calibration Tracker v1.1
Date: 2026-07-01

Checking 42 tracked markets for resolution...
  No new resolutions today.

Fetching markets closing within 90 days...
Found 6 qualifying markets

=== CALIBRATION SUMMARY ===
Total markets tracked: 42
New predictions today: 0
Newly resolved: 0

--- PRIMARY TRACK (policy/macro/geopolitics/elections) ---
  Resolved markets scored: 3
  Swarm avg Brier:  0.17
  Crowd avg Brier:  0.1132
  Naive avg Brier:  0.25
  Swarm vs naive:   32.0%
  Swarm vs crowd:   -50.2%
  Brier Skill Score:-0.5018  (0=crowd-level, 1=perfect, negative=worse than crowd)
  Swarm entropy:    0.823  (higher = more uncertain)
  Swarm dispersion: 40.0pts  (range of swarm predictions)
  Crowd dispersion: 51.9pts  (range of crowd predictions)
  Avg divergence:   7.6pts  (avg |swarm - crowd| on resolved markets)

--- FULL TRACK (all categories, for transparency) ---
  Resolved markets scored: 31
  Swarm avg Brier:  0.1373
  Crowd avg Brier:  0.1379
  Naive avg Brier:  0.25
  Swarm vs naive:   45.1%
  Swarm vs crowd:   0.4%
  Brier Skill Score:0.0044  (0=crowd-level, 1=perfect, negative=worse than crowd)
  Swarm entropy:    0.616  (higher = more uncertain)
  Swarm dispersion: 46.3pts  (range of swarm predictions)
  Crowd dispersion: 67.7pts  (range of crowd predictions)
  Avg divergence:   9.6pts  (avg |swarm - crowd| on resolved markets)

Logs: /Users/latentforge/Projects/latentforge-latentmas/experiments/benchmark/calibration
Wed Jul  1 05:34:16 PDT 2026: SUCCESS on attempt 1
Thu Jul  2 05:38:25 PDT 2026: Attempt 1 of 3 — running /Users/latentforge/Projects/latentforge-latentmas/experiments/benchmark/calibration_tracker.py
LatentForge Live Calibration Tracker v1.1
Date: 2026-07-02

Checking 42 tracked markets for resolution...
  No new resolutions today.

Fetching markets closing within 90 days...
Found 6 qualifying markets

=== CALIBRATION SUMMARY ===
Total markets tracked: 42
New predictions today: 0
Newly resolved: 0

--- PRIMARY TRACK (policy/macro/geopolitics/elections) ---
  Resolved markets scored: 3
  Swarm avg Brier:  0.17
  Crowd avg Brier:  0.1132
  Naive avg Brier:  0.25
  Swarm vs naive:   32.0%
  Swarm vs crowd:   -50.2%
  Brier Skill Score:-0.5018  (0=crowd-level, 1=perfect, negative=worse than crowd)
  Swarm entropy:    0.823  (higher = more uncertain)
  Swarm dispersion: 40.0pts  (range of swarm predictions)
  Crowd dispersion: 51.9pts  (range of crowd predictions)
  Avg divergence:   7.6pts  (avg |swarm - crowd| on resolved markets)

--- FULL TRACK (all categories, for transparency) ---
  Resolved markets scored: 31
  Swarm avg Brier:  0.1373
  Crowd avg Brier:  0.1379
  Naive avg Brier:  0.25
  Swarm vs naive:   45.1%
  Swarm vs crowd:   0.4%
  Brier Skill Score:0.0044  (0=crowd-level, 1=perfect, negative=worse than crowd)
  Swarm entropy:    0.616  (higher = more uncertain)
  Swarm dispersion: 46.3pts  (range of swarm predictions)
  Crowd dispersion: 67.7pts  (range of crowd predictions)
  Avg divergence:   9.6pts  (avg |swarm - crowd| on resolved markets)

Logs: /Users/latentforge/Projects/latentforge-latentmas/experiments/benchmark/calibration
Thu Jul  2 05:38:26 PDT 2026: SUCCESS on attempt 1
Fri Jul  3 05:31:03 PDT 2026: Attempt 1 of 3 — running /Users/latentforge/Projects/latentforge-latentmas/experiments/benchmark/calibration_tracker.py
LatentForge Live Calibration Tracker v1.1
Date: 2026-07-03

Checking 42 tracked markets for resolution...
  No new resolutions today.

Fetching markets closing within 90 days...
Found 6 qualifying markets

=== CALIBRATION SUMMARY ===
Total markets tracked: 42
New predictions today: 0
Newly resolved: 0

--- PRIMARY TRACK (policy/macro/geopolitics/elections) ---
  Resolved markets scored: 3
  Swarm avg Brier:  0.17
  Crowd avg Brier:  0.1132
  Naive avg Brier:  0.25
  Swarm vs naive:   32.0%
  Swarm vs crowd:   -50.2%
  Brier Skill Score:-0.5018  (0=crowd-level, 1=perfect, negative=worse than crowd)
  Swarm entropy:    0.823  (higher = more uncertain)
  Swarm dispersion: 40.0pts  (range of swarm predictions)
  Crowd dispersion: 51.9pts  (range of crowd predictions)
  Avg divergence:   7.6pts  (avg |swarm - crowd| on resolved markets)

--- FULL TRACK (all categories, for transparency) ---
  Resolved markets scored: 31
  Swarm avg Brier:  0.1373
  Crowd avg Brier:  0.1379
  Naive avg Brier:  0.25
  Swarm vs naive:   45.1%
  Swarm vs crowd:   0.4%
  Brier Skill Score:0.0044  (0=crowd-level, 1=perfect, negative=worse than crowd)
  Swarm entropy:    0.616  (higher = more uncertain)
  Swarm dispersion: 46.3pts  (range of swarm predictions)
  Crowd dispersion: 67.7pts  (range of crowd predictions)
  Avg divergence:   9.6pts  (avg |swarm - crowd| on resolved markets)

Logs: /Users/latentforge/Projects/latentforge-latentmas/experiments/benchmark/calibration
Fri Jul  3 05:31:05 PDT 2026: SUCCESS on attempt 1
Sat Jul  4 05:34:13 PDT 2026: Attempt 1 of 3 — running /Users/latentforge/Projects/latentforge-latentmas/experiments/benchmark/calibration_tracker.py
LatentForge Live Calibration Tracker v1.1
Date: 2026-07-04

Checking 42 tracked markets for resolution...
  No new resolutions today.

Fetching markets closing within 90 days...
Found 6 qualifying markets

=== CALIBRATION SUMMARY ===
Total markets tracked: 42
New predictions today: 0
Newly resolved: 0

--- PRIMARY TRACK (policy/macro/geopolitics/elections) ---
  Resolved markets scored: 3
  Swarm avg Brier:  0.17
  Crowd avg Brier:  0.1132
  Naive avg Brier:  0.25
  Swarm vs naive:   32.0%
  Swarm vs crowd:   -50.2%
  Brier Skill Score:-0.5018  (0=crowd-level, 1=perfect, negative=worse than crowd)
  Swarm entropy:    0.823  (higher = more uncertain)
  Swarm dispersion: 40.0pts  (range of swarm predictions)
  Crowd dispersion: 51.9pts  (range of crowd predictions)
  Avg divergence:   7.6pts  (avg |swarm - crowd| on resolved markets)

--- FULL TRACK (all categories, for transparency) ---
  Resolved markets scored: 31
  Swarm avg Brier:  0.1373
  Crowd avg Brier:  0.1379
  Naive avg Brier:  0.25
  Swarm vs naive:   45.1%
  Swarm vs crowd:   0.4%
  Brier Skill Score:0.0044  (0=crowd-level, 1=perfect, negative=worse than crowd)
  Swarm entropy:    0.616  (higher = more uncertain)
  Swarm dispersion: 46.3pts  (range of swarm predictions)
  Crowd dispersion: 67.7pts  (range of crowd predictions)
  Avg divergence:   9.6pts  (avg |swarm - crowd| on resolved markets)

Logs: /Users/latentforge/Projects/latentforge-latentmas/experiments/benchmark/calibration
Sat Jul  4 05:34:14 PDT 2026: SUCCESS on attempt 1
Sat Jul 11 12:42:42 PDT 2026: Attempt 1 of 3 — running /Users/latentforge/Projects/latentforge-latentmas/experiments/benchmark/calibration_tracker.py
LatentForge Live Calibration Tracker v1.1
Date: 2026-07-11

Checking 42 tracked markets for resolution...
  No new resolutions today.

Fetching markets closing within 90 days...
Traceback (most recent call last):
  File "/Library/Developer/CommandLineTools/Library/Frameworks/Python3.framework/Versions/3.9/lib/python3.9/urllib/request.py", line 1346, in do_open
    h.request(req.get_method(), req.selector, req.data, headers,
  File "/Library/Developer/CommandLineTools/Library/Frameworks/Python3.framework/Versions/3.9/lib/python3.9/http/client.py", line 1257, in request
    self._send_request(method, url, body, headers, encode_chunked)
  File "/Library/Developer/CommandLineTools/Library/Frameworks/Python3.framework/Versions/3.9/lib/python3.9/http/client.py", line 1303, in _send_request
    self.endheaders(body, encode_chunked=encode_chunked)
  File "/Library/Developer/CommandLineTools/Library/Frameworks/Python3.framework/Versions/3.9/lib/python3.9/http/client.py", line 1252, in endheaders
    self._send_output(message_body, encode_chunked=encode_chunked)
  File "/Library/Developer/CommandLineTools/Library/Frameworks/Python3.framework/Versions/3.9/lib/python3.9/http/client.py", line 1012, in _send_output
    self.send(msg)
  File "/Library/Developer/CommandLineTools/Library/Frameworks/Python3.framework/Versions/3.9/lib/python3.9/http/client.py", line 952, in send
    self.connect()
  File "/Library/Developer/CommandLineTools/Library/Frameworks/Python3.framework/Versions/3.9/lib/python3.9/http/client.py", line 1419, in connect
    super().connect()
  File "/Library/Developer/CommandLineTools/Library/Frameworks/Python3.framework/Versions/3.9/lib/python3.9/http/client.py", line 923, in connect
    self.sock = self._create_connection(
  File "/Library/Developer/CommandLineTools/Library/Frameworks/Python3.framework/Versions/3.9/lib/python3.9/socket.py", line 822, in create_connection
    for res in getaddrinfo(host, port, 0, SOCK_STREAM):
  File "/Library/Developer/CommandLineTools/Library/Frameworks/Python3.framework/Versions/3.9/lib/python3.9/socket.py", line 953, in getaddrinfo
    for res in _socket.getaddrinfo(host, port, family, type, proto, flags):
socket.gaierror: [Errno 8] nodename nor servname provided, or not known

During handling of the above exception, another exception occurred:

Traceback (most recent call last):
  File "/Users/latentforge/Projects/latentforge-latentmas/experiments/benchmark/calibration_tracker.py", line 300, in <module>
    run()
  File "/Users/latentforge/Projects/latentforge-latentmas/experiments/benchmark/calibration_tracker.py", line 216, in run
    markets = fetch_near_term_markets(days=90, limit=200)
  File "/Users/latentforge/Projects/latentforge-latentmas/experiments/benchmark/calibration_tracker.py", line 49, in fetch_near_term_markets
    with urllib.request.urlopen(req, timeout=15) as r:
  File "/Library/Developer/CommandLineTools/Library/Frameworks/Python3.framework/Versions/3.9/lib/python3.9/urllib/request.py", line 214, in urlopen
    return opener.open(url, data, timeout)
  File "/Library/Developer/CommandLineTools/Library/Frameworks/Python3.framework/Versions/3.9/lib/python3.9/urllib/request.py", line 517, in open
    response = self._open(req, data)
  File "/Library/Developer/CommandLineTools/Library/Frameworks/Python3.framework/Versions/3.9/lib/python3.9/urllib/request.py", line 534, in _open
    result = self._call_chain(self.handle_open, protocol, protocol +
  File "/Library/Developer/CommandLineTools/Library/Frameworks/Python3.framework/Versions/3.9/lib/python3.9/urllib/request.py", line 494, in _call_chain
    result = func(*args)
  File "/Library/Developer/CommandLineTools/Library/Frameworks/Python3.framework/Versions/3.9/lib/python3.9/urllib/request.py", line 1389, in https_open
    return self.do_open(http.client.HTTPSConnection, req,
  File "/Library/Developer/CommandLineTools/Library/Frameworks/Python3.framework/Versions/3.9/lib/python3.9/urllib/request.py", line 1349, in do_open
    raise URLError(err)
urllib.error.URLError: <urlopen error [Errno 8] nodename nor servname provided, or not known>
Sat Jul 11 12:42:43 PDT 2026: FAILED on attempt 1 (exit code 1)
Sat Jul 11 12:42:43 PDT 2026: Retrying in 300s...
Sat Jul 11 12:49:58 PDT 2026: Attempt 2 of 3 — running /Users/latentforge/Projects/latentforge-latentmas/experiments/benchmark/calibration_tracker.py
LatentForge Live Calibration Tracker v1.1
Date: 2026-07-11

Checking 42 tracked markets for resolution...
  RESOLVED [0] Will Brazil win the 2026 FIFA World Cup?
    swarm=0.15 crowd=0.084 swarm_brier=0.0225
  RESOLVED [0] Will Portugal win the 2026 FIFA World Cup?
    swarm=0.15 crowd=0.082 swarm_brier=0.0225

Fetching markets closing within 90 days...
Found 5 qualifying markets
  [8d] Will Norway win the 2026 FIFA World Cup?
    Agent error: HTTP Error 404: Not Found
    Agent error: HTTP Error 404: Not Found
    Agent error: HTTP Error 404: Not Found

=== CALIBRATION SUMMARY ===
Total markets tracked: 42
New predictions today: 0
Newly resolved: 2

--- PRIMARY TRACK (policy/macro/geopolitics/elections) ---
  Resolved markets scored: 3
  Swarm avg Brier:  0.17
  Crowd avg Brier:  0.1132
  Naive avg Brier:  0.25
  Swarm vs naive:   32.0%
  Swarm vs crowd:   -50.2%
  Brier Skill Score:-0.5018  (0=crowd-level, 1=perfect, negative=worse than crowd)
  Swarm entropy:    0.823  (higher = more uncertain)
  Swarm dispersion: 40.0pts  (range of swarm predictions)
  Crowd dispersion: 51.9pts  (range of crowd predictions)
  Avg divergence:   7.6pts  (avg |swarm - crowd| on resolved markets)

--- FULL TRACK (all categories, for transparency) ---
  Resolved markets scored: 33
  Swarm avg Brier:  0.1303
  Crowd avg Brier:  0.13
  Naive avg Brier:  0.25
  Swarm vs naive:   47.9%
  Swarm vs crowd:   -0.2%
  Brier Skill Score:-0.0023  (0=crowd-level, 1=perfect, negative=worse than crowd)
  Swarm entropy:    0.6156  (higher = more uncertain)
  Swarm dispersion: 46.3pts  (range of swarm predictions)
  Crowd dispersion: 67.7pts  (range of crowd predictions)
  Avg divergence:   9.4pts  (avg |swarm - crowd| on resolved markets)

Logs: /Users/latentforge/Projects/latentforge-latentmas/experiments/benchmark/calibration
Sat Jul 11 12:50:00 PDT 2026: SUCCESS on attempt 2
Sun Jul 12 05:41:21 PDT 2026: Attempt 1 of 3 — running /Users/latentforge/Projects/latentforge-latentmas/experiments/benchmark/calibration_tracker.py
LatentForge Live Calibration Tracker v1.1
Date: 2026-07-12

Checking 42 tracked markets for resolution...
  No new resolutions today.

Fetching markets closing within 90 days...
Found 4 qualifying markets

=== CALIBRATION SUMMARY ===
Total markets tracked: 42
New predictions today: 0
Newly resolved: 0

--- PRIMARY TRACK (policy/macro/geopolitics/elections) ---
  Resolved markets scored: 3
  Swarm avg Brier:  0.17
  Crowd avg Brier:  0.1132
  Naive avg Brier:  0.25
  Swarm vs naive:   32.0%
  Swarm vs crowd:   -50.2%
  Brier Skill Score:-0.5018  (0=crowd-level, 1=perfect, negative=worse than crowd)
  Swarm entropy:    0.823  (higher = more uncertain)
  Swarm dispersion: 40.0pts  (range of swarm predictions)
  Crowd dispersion: 51.9pts  (range of crowd predictions)
  Avg divergence:   7.6pts  (avg |swarm - crowd| on resolved markets)

--- FULL TRACK (all categories, for transparency) ---
  Resolved markets scored: 33
  Swarm avg Brier:  0.1303
  Crowd avg Brier:  0.13
  Naive avg Brier:  0.25
  Swarm vs naive:   47.9%
  Swarm vs crowd:   -0.2%
  Brier Skill Score:-0.0023  (0=crowd-level, 1=perfect, negative=worse than crowd)
  Swarm entropy:    0.6156  (higher = more uncertain)
  Swarm dispersion: 46.3pts  (range of swarm predictions)
  Crowd dispersion: 67.7pts  (range of crowd predictions)
  Avg divergence:   9.4pts  (avg |swarm - crowd| on resolved markets)

Logs: /Users/latentforge/Projects/latentforge-latentmas/experiments/benchmark/calibration
Sun Jul 12 05:41:22 PDT 2026: SUCCESS on attempt 1
Mon Jul 13 05:34:16 PDT 2026: Attempt 1 of 3 — running /Users/latentforge/Projects/latentforge-latentmas/experiments/benchmark/calibration_tracker.py
LatentForge Live Calibration Tracker v1.1
Date: 2026-07-13

Checking 42 tracked markets for resolution...
  No new resolutions today.

Fetching markets closing within 90 days...
Found 4 qualifying markets

=== CALIBRATION SUMMARY ===
Total markets tracked: 42
New predictions today: 0
Newly resolved: 0

--- PRIMARY TRACK (policy/macro/geopolitics/elections) ---
  Resolved markets scored: 3
  Swarm avg Brier:  0.17
  Crowd avg Brier:  0.1132
  Naive avg Brier:  0.25
  Swarm vs naive:   32.0%
  Swarm vs crowd:   -50.2%
  Brier Skill Score:-0.5018  (0=crowd-level, 1=perfect, negative=worse than crowd)
  Swarm entropy:    0.823  (higher = more uncertain)
  Swarm dispersion: 40.0pts  (range of swarm predictions)
  Crowd dispersion: 51.9pts  (range of crowd predictions)
  Avg divergence:   7.6pts  (avg |swarm - crowd| on resolved markets)

--- FULL TRACK (all categories, for transparency) ---
  Resolved markets scored: 33
  Swarm avg Brier:  0.1303
  Crowd avg Brier:  0.13
  Naive avg Brier:  0.25
  Swarm vs naive:   47.9%
  Swarm vs crowd:   -0.2%
  Brier Skill Score:-0.0023  (0=crowd-level, 1=perfect, negative=worse than crowd)
  Swarm entropy:    0.6156  (higher = more uncertain)
  Swarm dispersion: 46.3pts  (range of swarm predictions)
  Crowd dispersion: 67.7pts  (range of crowd predictions)
  Avg divergence:   9.4pts  (avg |swarm - crowd| on resolved markets)

Logs: /Users/latentforge/Projects/latentforge-latentmas/experiments/benchmark/calibration
Mon Jul 13 05:34:18 PDT 2026: SUCCESS on attempt 1
Tue Jul 14 05:35:15 PDT 2026: Attempt 1 of 3 — running /Users/latentforge/Projects/latentforge-latentmas/experiments/benchmark/calibration_tracker.py
LatentForge Live Calibration Tracker v1.1
Date: 2026-07-14

Checking 42 tracked markets for resolution...
  No new resolutions today.

Fetching markets closing within 90 days...
Found 4 qualifying markets

=== CALIBRATION SUMMARY ===
Total markets tracked: 42
New predictions today: 0
Newly resolved: 0

--- PRIMARY TRACK (policy/macro/geopolitics/elections) ---
  Resolved markets scored: 3
  Swarm avg Brier:  0.17
  Crowd avg Brier:  0.1132
  Naive avg Brier:  0.25
  Swarm vs naive:   32.0%
  Swarm vs crowd:   -50.2%
  Brier Skill Score:-0.5018  (0=crowd-level, 1=perfect, negative=worse than crowd)
  Swarm entropy:    0.823  (higher = more uncertain)
  Swarm dispersion: 40.0pts  (range of swarm predictions)
  Crowd dispersion: 51.9pts  (range of crowd predictions)
  Avg divergence:   7.6pts  (avg |swarm - crowd| on resolved markets)

--- FULL TRACK (all categories, for transparency) ---
  Resolved markets scored: 33
  Swarm avg Brier:  0.1303
  Crowd avg Brier:  0.13
  Naive avg Brier:  0.25
  Swarm vs naive:   47.9%
  Swarm vs crowd:   -0.2%
  Brier Skill Score:-0.0023  (0=crowd-level, 1=perfect, negative=worse than crowd)
  Swarm entropy:    0.6156  (higher = more uncertain)
  Swarm dispersion: 46.3pts  (range of swarm predictions)
  Crowd dispersion: 67.7pts  (range of crowd predictions)
  Avg divergence:   9.4pts  (avg |swarm - crowd| on resolved markets)

Logs: /Users/latentforge/Projects/latentforge-latentmas/experiments/benchmark/calibration
Tue Jul 14 05:35:16 PDT 2026: SUCCESS on attempt 1
Wed Jul 15 05:44:55 PDT 2026: Attempt 1 of 3 — running /Users/latentforge/Projects/latentforge-latentmas/experiments/benchmark/calibration_tracker.py
LatentForge Live Calibration Tracker v1.1
Date: 2026-07-15

Checking 42 tracked markets for resolution...
  No new resolutions today.

Fetching markets closing within 90 days...
Traceback (most recent call last):
  File "/Library/Developer/CommandLineTools/Library/Frameworks/Python3.framework/Versions/3.9/lib/python3.9/urllib/request.py", line 1346, in do_open
    h.request(req.get_method(), req.selector, req.data, headers,
  File "/Library/Developer/CommandLineTools/Library/Frameworks/Python3.framework/Versions/3.9/lib/python3.9/http/client.py", line 1257, in request
    self._send_request(method, url, body, headers, encode_chunked)
  File "/Library/Developer/CommandLineTools/Library/Frameworks/Python3.framework/Versions/3.9/lib/python3.9/http/client.py", line 1303, in _send_request
    self.endheaders(body, encode_chunked=encode_chunked)
  File "/Library/Developer/CommandLineTools/Library/Frameworks/Python3.framework/Versions/3.9/lib/python3.9/http/client.py", line 1252, in endheaders
    self._send_output(message_body, encode_chunked=encode_chunked)
  File "/Library/Developer/CommandLineTools/Library/Frameworks/Python3.framework/Versions/3.9/lib/python3.9/http/client.py", line 1012, in _send_output
    self.send(msg)
  File "/Library/Developer/CommandLineTools/Library/Frameworks/Python3.framework/Versions/3.9/lib/python3.9/http/client.py", line 952, in send
    self.connect()
  File "/Library/Developer/CommandLineTools/Library/Frameworks/Python3.framework/Versions/3.9/lib/python3.9/http/client.py", line 1419, in connect
    super().connect()
  File "/Library/Developer/CommandLineTools/Library/Frameworks/Python3.framework/Versions/3.9/lib/python3.9/http/client.py", line 923, in connect
    self.sock = self._create_connection(
  File "/Library/Developer/CommandLineTools/Library/Frameworks/Python3.framework/Versions/3.9/lib/python3.9/socket.py", line 822, in create_connection
    for res in getaddrinfo(host, port, 0, SOCK_STREAM):
  File "/Library/Developer/CommandLineTools/Library/Frameworks/Python3.framework/Versions/3.9/lib/python3.9/socket.py", line 953, in getaddrinfo
    for res in _socket.getaddrinfo(host, port, family, type, proto, flags):
socket.gaierror: [Errno 8] nodename nor servname provided, or not known

During handling of the above exception, another exception occurred:

Traceback (most recent call last):
  File "/Users/latentforge/Projects/latentforge-latentmas/experiments/benchmark/calibration_tracker.py", line 300, in <module>
    run()
  File "/Users/latentforge/Projects/latentforge-latentmas/experiments/benchmark/calibration_tracker.py", line 216, in run
    markets = fetch_near_term_markets(days=90, limit=200)
  File "/Users/latentforge/Projects/latentforge-latentmas/experiments/benchmark/calibration_tracker.py", line 49, in fetch_near_term_markets
    with urllib.request.urlopen(req, timeout=15) as r:
  File "/Library/Developer/CommandLineTools/Library/Frameworks/Python3.framework/Versions/3.9/lib/python3.9/urllib/request.py", line 214, in urlopen
    return opener.open(url, data, timeout)
  File "/Library/Developer/CommandLineTools/Library/Frameworks/Python3.framework/Versions/3.9/lib/python3.9/urllib/request.py", line 517, in open
    response = self._open(req, data)
  File "/Library/Developer/CommandLineTools/Library/Frameworks/Python3.framework/Versions/3.9/lib/python3.9/urllib/request.py", line 534, in _open
    result = self._call_chain(self.handle_open, protocol, protocol +
  File "/Library/Developer/CommandLineTools/Library/Frameworks/Python3.framework/Versions/3.9/lib/python3.9/urllib/request.py", line 494, in _call_chain
    result = func(*args)
  File "/Library/Developer/CommandLineTools/Library/Frameworks/Python3.framework/Versions/3.9/lib/python3.9/urllib/request.py", line 1389, in https_open
    return self.do_open(http.client.HTTPSConnection, req,
  File "/Library/Developer/CommandLineTools/Library/Frameworks/Python3.framework/Versions/3.9/lib/python3.9/urllib/request.py", line 1349, in do_open
    raise URLError(err)
urllib.error.URLError: <urlopen error [Errno 8] nodename nor servname provided, or not known>
Wed Jul 15 05:44:56 PDT 2026: FAILED on attempt 1 (exit code 1)
Wed Jul 15 05:44:56 PDT 2026: Retrying in 300s...
Wed Jul 15 07:52:53 CDT 2026: Attempt 2 of 3 — running /Users/latentforge/Projects/latentforge-latentmas/experiments/benchmark/calibration_tracker.py
LatentForge Live Calibration Tracker v1.1
Date: 2026-07-15

Checking 42 tracked markets for resolution...
  RESOLVED [0] Will France win the 2026 FIFA World Cup?
    swarm=0.15 crowd=0.164 swarm_brier=0.0225

Fetching markets closing within 90 days...
Found 3 qualifying markets

=== CALIBRATION SUMMARY ===
Total markets tracked: 42
New predictions today: 0
Newly resolved: 1

--- PRIMARY TRACK (policy/macro/geopolitics/elections) ---
  Resolved markets scored: 3
  Swarm avg Brier:  0.17
  Crowd avg Brier:  0.1132
  Naive avg Brier:  0.25
  Swarm vs naive:   32.0%
  Swarm vs crowd:   -50.2%
  Brier Skill Score:-0.5018  (0=crowd-level, 1=perfect, negative=worse than crowd)
  Swarm entropy:    0.823  (higher = more uncertain)
  Swarm dispersion: 40.0pts  (range of swarm predictions)
  Crowd dispersion: 51.9pts  (range of crowd predictions)
  Avg divergence:   7.6pts  (avg |swarm - crowd| on resolved markets)

--- FULL TRACK (all categories, for transparency) ---
  Resolved markets scored: 34
  Swarm avg Brier:  0.1271
  Crowd avg Brier:  0.1269
  Naive avg Brier:  0.25
  Swarm vs naive:   49.2%
  Swarm vs crowd:   -0.2%
  Brier Skill Score:-0.0016  (0=crowd-level, 1=perfect, negative=worse than crowd)
  Swarm entropy:    0.6154  (higher = more uncertain)
  Swarm dispersion: 46.3pts  (range of swarm predictions)
  Crowd dispersion: 67.7pts  (range of crowd predictions)
  Avg divergence:   9.2pts  (avg |swarm - crowd| on resolved markets)

Logs: /Users/latentforge/Projects/latentforge-latentmas/experiments/benchmark/calibration
Wed Jul 15 07:52:54 CDT 2026: SUCCESS on attempt 2
Thu Jul 16 07:40:35 CDT 2026: Attempt 1 of 3 — running /Users/latentforge/Projects/latentforge-latentmas/experiments/benchmark/calibration_tracker.py
LatentForge Live Calibration Tracker v1.1
Date: 2026-07-16

Checking 42 tracked markets for resolution...
  No new resolutions today.

Fetching markets closing within 90 days...
Traceback (most recent call last):
  File "/Library/Developer/CommandLineTools/Library/Frameworks/Python3.framework/Versions/3.9/lib/python3.9/urllib/request.py", line 1346, in do_open
    h.request(req.get_method(), req.selector, req.data, headers,
  File "/Library/Developer/CommandLineTools/Library/Frameworks/Python3.framework/Versions/3.9/lib/python3.9/http/client.py", line 1257, in request
    self._send_request(method, url, body, headers, encode_chunked)
  File "/Library/Developer/CommandLineTools/Library/Frameworks/Python3.framework/Versions/3.9/lib/python3.9/http/client.py", line 1303, in _send_request
    self.endheaders(body, encode_chunked=encode_chunked)
  File "/Library/Developer/CommandLineTools/Library/Frameworks/Python3.framework/Versions/3.9/lib/python3.9/http/client.py", line 1252, in endheaders
    self._send_output(message_body, encode_chunked=encode_chunked)
  File "/Library/Developer/CommandLineTools/Library/Frameworks/Python3.framework/Versions/3.9/lib/python3.9/http/client.py", line 1012, in _send_output
    self.send(msg)
  File "/Library/Developer/CommandLineTools/Library/Frameworks/Python3.framework/Versions/3.9/lib/python3.9/http/client.py", line 952, in send
    self.connect()
  File "/Library/Developer/CommandLineTools/Library/Frameworks/Python3.framework/Versions/3.9/lib/python3.9/http/client.py", line 1419, in connect
    super().connect()
  File "/Library/Developer/CommandLineTools/Library/Frameworks/Python3.framework/Versions/3.9/lib/python3.9/http/client.py", line 923, in connect
    self.sock = self._create_connection(
  File "/Library/Developer/CommandLineTools/Library/Frameworks/Python3.framework/Versions/3.9/lib/python3.9/socket.py", line 822, in create_connection
    for res in getaddrinfo(host, port, 0, SOCK_STREAM):
  File "/Library/Developer/CommandLineTools/Library/Frameworks/Python3.framework/Versions/3.9/lib/python3.9/socket.py", line 953, in getaddrinfo
    for res in _socket.getaddrinfo(host, port, family, type, proto, flags):
socket.gaierror: [Errno 8] nodename nor servname provided, or not known

During handling of the above exception, another exception occurred:

Traceback (most recent call last):
  File "/Users/latentforge/Projects/latentforge-latentmas/experiments/benchmark/calibration_tracker.py", line 300, in <module>
    run()
  File "/Users/latentforge/Projects/latentforge-latentmas/experiments/benchmark/calibration_tracker.py", line 216, in run
    markets = fetch_near_term_markets(days=90, limit=200)
  File "/Users/latentforge/Projects/latentforge-latentmas/experiments/benchmark/calibration_tracker.py", line 49, in fetch_near_term_markets
    with urllib.request.urlopen(req, timeout=15) as r:
  File "/Library/Developer/CommandLineTools/Library/Frameworks/Python3.framework/Versions/3.9/lib/python3.9/urllib/request.py", line 214, in urlopen
    return opener.open(url, data, timeout)
  File "/Library/Developer/CommandLineTools/Library/Frameworks/Python3.framework/Versions/3.9/lib/python3.9/urllib/request.py", line 517, in open
    response = self._open(req, data)
  File "/Library/Developer/CommandLineTools/Library/Frameworks/Python3.framework/Versions/3.9/lib/python3.9/urllib/request.py", line 534, in _open
    result = self._call_chain(self.handle_open, protocol, protocol +
  File "/Library/Developer/CommandLineTools/Library/Frameworks/Python3.framework/Versions/3.9/lib/python3.9/urllib/request.py", line 494, in _call_chain
    result = func(*args)
  File "/Library/Developer/CommandLineTools/Library/Frameworks/Python3.framework/Versions/3.9/lib/python3.9/urllib/request.py", line 1389, in https_open
    return self.do_open(http.client.HTTPSConnection, req,
  File "/Library/Developer/CommandLineTools/Library/Frameworks/Python3.framework/Versions/3.9/lib/python3.9/urllib/request.py", line 1349, in do_open
    raise URLError(err)
urllib.error.URLError: <urlopen error [Errno 8] nodename nor servname provided, or not known>
Thu Jul 16 07:40:35 CDT 2026: FAILED on attempt 1 (exit code 1)
Thu Jul 16 07:40:35 CDT 2026: Retrying in 300s...
Thu Jul 16 15:09:44 CDT 2026: Attempt 2 of 3 — running /Users/latentforge/Projects/latentforge-latentmas/experiments/benchmark/calibration_tracker.py
LatentForge Live Calibration Tracker v1.1
Date: 2026-07-16

Checking 42 tracked markets for resolution...
  No new resolutions today.

Fetching markets closing within 90 days...
Traceback (most recent call last):
  File "/Library/Developer/CommandLineTools/Library/Frameworks/Python3.framework/Versions/3.9/lib/python3.9/urllib/request.py", line 1346, in do_open
    h.request(req.get_method(), req.selector, req.data, headers,
  File "/Library/Developer/CommandLineTools/Library/Frameworks/Python3.framework/Versions/3.9/lib/python3.9/http/client.py", line 1257, in request
    self._send_request(method, url, body, headers, encode_chunked)
  File "/Library/Developer/CommandLineTools/Library/Frameworks/Python3.framework/Versions/3.9/lib/python3.9/http/client.py", line 1303, in _send_request
    self.endheaders(body, encode_chunked=encode_chunked)
  File "/Library/Developer/CommandLineTools/Library/Frameworks/Python3.framework/Versions/3.9/lib/python3.9/http/client.py", line 1252, in endheaders
    self._send_output(message_body, encode_chunked=encode_chunked)
  File "/Library/Developer/CommandLineTools/Library/Frameworks/Python3.framework/Versions/3.9/lib/python3.9/http/client.py", line 1012, in _send_output
    self.send(msg)
  File "/Library/Developer/CommandLineTools/Library/Frameworks/Python3.framework/Versions/3.9/lib/python3.9/http/client.py", line 952, in send
    self.connect()
  File "/Library/Developer/CommandLineTools/Library/Frameworks/Python3.framework/Versions/3.9/lib/python3.9/http/client.py", line 1419, in connect
    super().connect()
  File "/Library/Developer/CommandLineTools/Library/Frameworks/Python3.framework/Versions/3.9/lib/python3.9/http/client.py", line 923, in connect
    self.sock = self._create_connection(
  File "/Library/Developer/CommandLineTools/Library/Frameworks/Python3.framework/Versions/3.9/lib/python3.9/socket.py", line 822, in create_connection
    for res in getaddrinfo(host, port, 0, SOCK_STREAM):
  File "/Library/Developer/CommandLineTools/Library/Frameworks/Python3.framework/Versions/3.9/lib/python3.9/socket.py", line 953, in getaddrinfo
    for res in _socket.getaddrinfo(host, port, family, type, proto, flags):
socket.gaierror: [Errno 8] nodename nor servname provided, or not known

During handling of the above exception, another exception occurred:

Traceback (most recent call last):
  File "/Users/latentforge/Projects/latentforge-latentmas/experiments/benchmark/calibration_tracker.py", line 300, in <module>
    run()
  File "/Users/latentforge/Projects/latentforge-latentmas/experiments/benchmark/calibration_tracker.py", line 216, in run
    markets = fetch_near_term_markets(days=90, limit=200)
  File "/Users/latentforge/Projects/latentforge-latentmas/experiments/benchmark/calibration_tracker.py", line 49, in fetch_near_term_markets
    with urllib.request.urlopen(req, timeout=15) as r:
  File "/Library/Developer/CommandLineTools/Library/Frameworks/Python3.framework/Versions/3.9/lib/python3.9/urllib/request.py", line 214, in urlopen
    return opener.open(url, data, timeout)
  File "/Library/Developer/CommandLineTools/Library/Frameworks/Python3.framework/Versions/3.9/lib/python3.9/urllib/request.py", line 517, in open
    response = self._open(req, data)
  File "/Library/Developer/CommandLineTools/Library/Frameworks/Python3.framework/Versions/3.9/lib/python3.9/urllib/request.py", line 534, in _open
    result = self._call_chain(self.handle_open, protocol, protocol +
  File "/Library/Developer/CommandLineTools/Library/Frameworks/Python3.framework/Versions/3.9/lib/python3.9/urllib/request.py", line 494, in _call_chain
    result = func(*args)
  File "/Library/Developer/CommandLineTools/Library/Frameworks/Python3.framework/Versions/3.9/lib/python3.9/urllib/request.py", line 1389, in https_open
    return self.do_open(http.client.HTTPSConnection, req,
  File "/Library/Developer/CommandLineTools/Library/Frameworks/Python3.framework/Versions/3.9/lib/python3.9/urllib/request.py", line 1349, in do_open
    raise URLError(err)
urllib.error.URLError: <urlopen error [Errno 8] nodename nor servname provided, or not known>
Thu Jul 16 15:09:44 CDT 2026: FAILED on attempt 2 (exit code 1)
Thu Jul 16 15:09:44 CDT 2026: Retrying in 300s...
Fri Jul 17 04:48:56 CDT 2026: Attempt 3 of 3 — running /Users/latentforge/Projects/latentforge-latentmas/experiments/benchmark/calibration_tracker.py
LatentForge Live Calibration Tracker v1.1
Date: 2026-07-17

Checking 42 tracked markets for resolution...
  No new resolutions today.

Fetching markets closing within 90 days...
Traceback (most recent call last):
  File "/Library/Developer/CommandLineTools/Library/Frameworks/Python3.framework/Versions/3.9/lib/python3.9/urllib/request.py", line 1346, in do_open
    h.request(req.get_method(), req.selector, req.data, headers,
  File "/Library/Developer/CommandLineTools/Library/Frameworks/Python3.framework/Versions/3.9/lib/python3.9/http/client.py", line 1257, in request
    self._send_request(method, url, body, headers, encode_chunked)
  File "/Library/Developer/CommandLineTools/Library/Frameworks/Python3.framework/Versions/3.9/lib/python3.9/http/client.py", line 1303, in _send_request
    self.endheaders(body, encode_chunked=encode_chunked)
  File "/Library/Developer/CommandLineTools/Library/Frameworks/Python3.framework/Versions/3.9/lib/python3.9/http/client.py", line 1252, in endheaders
    self._send_output(message_body, encode_chunked=encode_chunked)
  File "/Library/Developer/CommandLineTools/Library/Frameworks/Python3.framework/Versions/3.9/lib/python3.9/http/client.py", line 1012, in _send_output
    self.send(msg)
  File "/Library/Developer/CommandLineTools/Library/Frameworks/Python3.framework/Versions/3.9/lib/python3.9/http/client.py", line 952, in send
    self.connect()
  File "/Library/Developer/CommandLineTools/Library/Frameworks/Python3.framework/Versions/3.9/lib/python3.9/http/client.py", line 1419, in connect
    super().connect()
  File "/Library/Developer/CommandLineTools/Library/Frameworks/Python3.framework/Versions/3.9/lib/python3.9/http/client.py", line 923, in connect
    self.sock = self._create_connection(
  File "/Library/Developer/CommandLineTools/Library/Frameworks/Python3.framework/Versions/3.9/lib/python3.9/socket.py", line 822, in create_connection
    for res in getaddrinfo(host, port, 0, SOCK_STREAM):
  File "/Library/Developer/CommandLineTools/Library/Frameworks/Python3.framework/Versions/3.9/lib/python3.9/socket.py", line 953, in getaddrinfo
    for res in _socket.getaddrinfo(host, port, family, type, proto, flags):
socket.gaierror: [Errno 8] nodename nor servname provided, or not known

During handling of the above exception, another exception occurred:

Traceback (most recent call last):
  File "/Users/latentforge/Projects/latentforge-latentmas/experiments/benchmark/calibration_tracker.py", line 300, in <module>
    run()
  File "/Users/latentforge/Projects/latentforge-latentmas/experiments/benchmark/calibration_tracker.py", line 216, in run
    markets = fetch_near_term_markets(days=90, limit=200)
  File "/Users/latentforge/Projects/latentforge-latentmas/experiments/benchmark/calibration_tracker.py", line 49, in fetch_near_term_markets
    with urllib.request.urlopen(req, timeout=15) as r:
  File "/Library/Developer/CommandLineTools/Library/Frameworks/Python3.framework/Versions/3.9/lib/python3.9/urllib/request.py", line 214, in urlopen
    return opener.open(url, data, timeout)
  File "/Library/Developer/CommandLineTools/Library/Frameworks/Python3.framework/Versions/3.9/lib/python3.9/urllib/request.py", line 517, in open
    response = self._open(req, data)
  File "/Library/Developer/CommandLineTools/Library/Frameworks/Python3.framework/Versions/3.9/lib/python3.9/urllib/request.py", line 534, in _open
    result = self._call_chain(self.handle_open, protocol, protocol +
  File "/Library/Developer/CommandLineTools/Library/Frameworks/Python3.framework/Versions/3.9/lib/python3.9/urllib/request.py", line 494, in _call_chain
    result = func(*args)
  File "/Library/Developer/CommandLineTools/Library/Frameworks/Python3.framework/Versions/3.9/lib/python3.9/urllib/request.py", line 1389, in https_open
    return self.do_open(http.client.HTTPSConnection, req,
  File "/Library/Developer/CommandLineTools/Library/Frameworks/Python3.framework/Versions/3.9/lib/python3.9/urllib/request.py", line 1349, in do_open
    raise URLError(err)
urllib.error.URLError: <urlopen error [Errno 8] nodename nor servname provided, or not known>
Fri Jul 17 04:48:56 CDT 2026: FAILED on attempt 3 (exit code 1)
Fri Jul 17 04:48:56 CDT 2026: PERMANENT FAILURE after 3 attempts — manual rerun required
Fri Jul 17 07:39:24 CDT 2026: Attempt 1 of 3 — running /Users/latentforge/Projects/latentforge-latentmas/experiments/benchmark/calibration_tracker.py
LatentForge Live Calibration Tracker v1.1
Date: 2026-07-17

Checking 42 tracked markets for resolution...
  No new resolutions today.

Fetching markets closing within 90 days...
Traceback (most recent call last):
  File "/Library/Developer/CommandLineTools/Library/Frameworks/Python3.framework/Versions/3.9/lib/python3.9/urllib/request.py", line 1346, in do_open
    h.request(req.get_method(), req.selector, req.data, headers,
  File "/Library/Developer/CommandLineTools/Library/Frameworks/Python3.framework/Versions/3.9/lib/python3.9/http/client.py", line 1257, in request
    self._send_request(method, url, body, headers, encode_chunked)
  File "/Library/Developer/CommandLineTools/Library/Frameworks/Python3.framework/Versions/3.9/lib/python3.9/http/client.py", line 1303, in _send_request
    self.endheaders(body, encode_chunked=encode_chunked)
  File "/Library/Developer/CommandLineTools/Library/Frameworks/Python3.framework/Versions/3.9/lib/python3.9/http/client.py", line 1252, in endheaders
    self._send_output(message_body, encode_chunked=encode_chunked)
  File "/Library/Developer/CommandLineTools/Library/Frameworks/Python3.framework/Versions/3.9/lib/python3.9/http/client.py", line 1012, in _send_output
    self.send(msg)
  File "/Library/Developer/CommandLineTools/Library/Frameworks/Python3.framework/Versions/3.9/lib/python3.9/http/client.py", line 952, in send
    self.connect()
  File "/Library/Developer/CommandLineTools/Library/Frameworks/Python3.framework/Versions/3.9/lib/python3.9/http/client.py", line 1419, in connect
    super().connect()
  File "/Library/Developer/CommandLineTools/Library/Frameworks/Python3.framework/Versions/3.9/lib/python3.9/http/client.py", line 923, in connect
    self.sock = self._create_connection(
  File "/Library/Developer/CommandLineTools/Library/Frameworks/Python3.framework/Versions/3.9/lib/python3.9/socket.py", line 822, in create_connection
    for res in getaddrinfo(host, port, 0, SOCK_STREAM):
  File "/Library/Developer/CommandLineTools/Library/Frameworks/Python3.framework/Versions/3.9/lib/python3.9/socket.py", line 953, in getaddrinfo
    for res in _socket.getaddrinfo(host, port, family, type, proto, flags):
socket.gaierror: [Errno 8] nodename nor servname provided, or not known

During handling of the above exception, another exception occurred:

Traceback (most recent call last):
  File "/Users/latentforge/Projects/latentforge-latentmas/experiments/benchmark/calibration_tracker.py", line 300, in <module>
    run()
  File "/Users/latentforge/Projects/latentforge-latentmas/experiments/benchmark/calibration_tracker.py", line 216, in run
    markets = fetch_near_term_markets(days=90, limit=200)
  File "/Users/latentforge/Projects/latentforge-latentmas/experiments/benchmark/calibration_tracker.py", line 49, in fetch_near_term_markets
    with urllib.request.urlopen(req, timeout=15) as r:
  File "/Library/Developer/CommandLineTools/Library/Frameworks/Python3.framework/Versions/3.9/lib/python3.9/urllib/request.py", line 214, in urlopen
    return opener.open(url, data, timeout)
  File "/Library/Developer/CommandLineTools/Library/Frameworks/Python3.framework/Versions/3.9/lib/python3.9/urllib/request.py", line 517, in open
    response = self._open(req, data)
  File "/Library/Developer/CommandLineTools/Library/Frameworks/Python3.framework/Versions/3.9/lib/python3.9/urllib/request.py", line 534, in _open
    result = self._call_chain(self.handle_open, protocol, protocol +
  File "/Library/Developer/CommandLineTools/Library/Frameworks/Python3.framework/Versions/3.9/lib/python3.9/urllib/request.py", line 494, in _call_chain
    result = func(*args)
  File "/Library/Developer/CommandLineTools/Library/Frameworks/Python3.framework/Versions/3.9/lib/python3.9/urllib/request.py", line 1389, in https_open
    return self.do_open(http.client.HTTPSConnection, req,
  File "/Library/Developer/CommandLineTools/Library/Frameworks/Python3.framework/Versions/3.9/lib/python3.9/urllib/request.py", line 1349, in do_open
    raise URLError(err)
urllib.error.URLError: <urlopen error [Errno 8] nodename nor servname provided, or not known>
Fri Jul 17 07:39:24 CDT 2026: FAILED on attempt 1 (exit code 1)
Fri Jul 17 07:39:24 CDT 2026: Retrying in 300s...
Fri Jul 17 21:14:53 CDT 2026: Attempt 2 of 3 — running /Users/latentforge/Projects/latentforge-latentmas/experiments/benchmark/calibration_tracker.py
LatentForge Live Calibration Tracker v1.1
Date: 2026-07-17

Checking 42 tracked markets for resolution...
  No new resolutions today.

Fetching markets closing within 90 days...
Traceback (most recent call last):
  File "/Library/Developer/CommandLineTools/Library/Frameworks/Python3.framework/Versions/3.9/lib/python3.9/urllib/request.py", line 1346, in do_open
    h.request(req.get_method(), req.selector, req.data, headers,
  File "/Library/Developer/CommandLineTools/Library/Frameworks/Python3.framework/Versions/3.9/lib/python3.9/http/client.py", line 1257, in request
    self._send_request(method, url, body, headers, encode_chunked)
  File "/Library/Developer/CommandLineTools/Library/Frameworks/Python3.framework/Versions/3.9/lib/python3.9/http/client.py", line 1303, in _send_request
    self.endheaders(body, encode_chunked=encode_chunked)
  File "/Library/Developer/CommandLineTools/Library/Frameworks/Python3.framework/Versions/3.9/lib/python3.9/http/client.py", line 1252, in endheaders
    self._send_output(message_body, encode_chunked=encode_chunked)
  File "/Library/Developer/CommandLineTools/Library/Frameworks/Python3.framework/Versions/3.9/lib/python3.9/http/client.py", line 1012, in _send_output
    self.send(msg)
  File "/Library/Developer/CommandLineTools/Library/Frameworks/Python3.framework/Versions/3.9/lib/python3.9/http/client.py", line 952, in send
    self.connect()
  File "/Library/Developer/CommandLineTools/Library/Frameworks/Python3.framework/Versions/3.9/lib/python3.9/http/client.py", line 1419, in connect
    super().connect()
  File "/Library/Developer/CommandLineTools/Library/Frameworks/Python3.framework/Versions/3.9/lib/python3.9/http/client.py", line 923, in connect
    self.sock = self._create_connection(
  File "/Library/Developer/CommandLineTools/Library/Frameworks/Python3.framework/Versions/3.9/lib/python3.9/socket.py", line 822, in create_connection
    for res in getaddrinfo(host, port, 0, SOCK_STREAM):
  File "/Library/Developer/CommandLineTools/Library/Frameworks/Python3.framework/Versions/3.9/lib/python3.9/socket.py", line 953, in getaddrinfo
    for res in _socket.getaddrinfo(host, port, family, type, proto, flags):
socket.gaierror: [Errno 8] nodename nor servname provided, or not known

During handling of the above exception, another exception occurred:

Traceback (most recent call last):
  File "/Users/latentforge/Projects/latentforge-latentmas/experiments/benchmark/calibration_tracker.py", line 300, in <module>
    run()
  File "/Users/latentforge/Projects/latentforge-latentmas/experiments/benchmark/calibration_tracker.py", line 216, in run
    markets = fetch_near_term_markets(days=90, limit=200)
  File "/Users/latentforge/Projects/latentforge-latentmas/experiments/benchmark/calibration_tracker.py", line 49, in fetch_near_term_markets
    with urllib.request.urlopen(req, timeout=15) as r:
  File "/Library/Developer/CommandLineTools/Library/Frameworks/Python3.framework/Versions/3.9/lib/python3.9/urllib/request.py", line 214, in urlopen
    return opener.open(url, data, timeout)
  File "/Library/Developer/CommandLineTools/Library/Frameworks/Python3.framework/Versions/3.9/lib/python3.9/urllib/request.py", line 517, in open
    response = self._open(req, data)
  File "/Library/Developer/CommandLineTools/Library/Frameworks/Python3.framework/Versions/3.9/lib/python3.9/urllib/request.py", line 534, in _open
    result = self._call_chain(self.handle_open, protocol, protocol +
  File "/Library/Developer/CommandLineTools/Library/Frameworks/Python3.framework/Versions/3.9/lib/python3.9/urllib/request.py", line 494, in _call_chain
    result = func(*args)
  File "/Library/Developer/CommandLineTools/Library/Frameworks/Python3.framework/Versions/3.9/lib/python3.9/urllib/request.py", line 1389, in https_open
    return self.do_open(http.client.HTTPSConnection, req,
  File "/Library/Developer/CommandLineTools/Library/Frameworks/Python3.framework/Versions/3.9/lib/python3.9/urllib/request.py", line 1349, in do_open
    raise URLError(err)
urllib.error.URLError: <urlopen error [Errno 8] nodename nor servname provided, or not known>
Fri Jul 17 21:14:53 CDT 2026: FAILED on attempt 2 (exit code 1)
Fri Jul 17 21:14:53 CDT 2026: Retrying in 300s...
Sat Jul 18 02:05:01 PDT 2026: Attempt 3 of 3 — running /Users/latentforge/Projects/latentforge-latentmas/experiments/benchmark/calibration_tracker.py
LatentForge Live Calibration Tracker v1.1
Date: 2026-07-18

Checking 42 tracked markets for resolution...
  RESOLVED [0] Will England win the 2026 FIFA World Cup?
    swarm=0.15 crowd=0.111 swarm_brier=0.0225

Fetching markets closing within 90 days...
Found 3 qualifying markets

=== CALIBRATION SUMMARY ===
Total markets tracked: 42
New predictions today: 0
Newly resolved: 1

--- PRIMARY TRACK (policy/macro/geopolitics/elections) ---
  Resolved markets scored: 3
  Swarm avg Brier:  0.17
  Crowd avg Brier:  0.1132
  Naive avg Brier:  0.25
  Swarm vs naive:   32.0%
  Swarm vs crowd:   -50.2%
  Brier Skill Score:-0.5018  (0=crowd-level, 1=perfect, negative=worse than crowd)
  Swarm entropy:    0.823  (higher = more uncertain)
  Swarm dispersion: 40.0pts  (range of swarm predictions)
  Crowd dispersion: 51.9pts  (range of crowd predictions)
  Avg divergence:   7.6pts  (avg |swarm - crowd| on resolved markets)

--- FULL TRACK (all categories, for transparency) ---
  Resolved markets scored: 35
  Swarm avg Brier:  0.1242
  Crowd avg Brier:  0.1237
  Naive avg Brier:  0.25
  Swarm vs naive:   50.3%
  Swarm vs crowd:   -0.4%
  Brier Skill Score:-0.004  (0=crowd-level, 1=perfect, negative=worse than crowd)
  Swarm entropy:    0.6153  (higher = more uncertain)
  Swarm dispersion: 46.3pts  (range of swarm predictions)
  Crowd dispersion: 67.7pts  (range of crowd predictions)
  Avg divergence:   9.0pts  (avg |swarm - crowd| on resolved markets)

Logs: /Users/latentforge/Projects/latentforge-latentmas/experiments/benchmark/calibration
Sat Jul 18 02:05:02 PDT 2026: SUCCESS on attempt 3
Sat Jul 18 05:39:51 PDT 2026: Attempt 1 of 3 — running /Users/latentforge/Projects/latentforge-latentmas/experiments/benchmark/calibration_tracker.py
LatentForge Live Calibration Tracker v1.1
Date: 2026-07-18

Checking 42 tracked markets for resolution...
  No new resolutions today.

Fetching markets closing within 90 days...
Found 3 qualifying markets

=== CALIBRATION SUMMARY ===
Total markets tracked: 42
New predictions today: 0
Newly resolved: 0

--- PRIMARY TRACK (policy/macro/geopolitics/elections) ---
  Resolved markets scored: 3
  Swarm avg Brier:  0.17
  Crowd avg Brier:  0.1132
  Naive avg Brier:  0.25
  Swarm vs naive:   32.0%
  Swarm vs crowd:   -50.2%
  Brier Skill Score:-0.5018  (0=crowd-level, 1=perfect, negative=worse than crowd)
  Swarm entropy:    0.823  (higher = more uncertain)
  Swarm dispersion: 40.0pts  (range of swarm predictions)
  Crowd dispersion: 51.9pts  (range of crowd predictions)
  Avg divergence:   7.6pts  (avg |swarm - crowd| on resolved markets)

--- FULL TRACK (all categories, for transparency) ---
  Resolved markets scored: 35
  Swarm avg Brier:  0.1242
  Crowd avg Brier:  0.1237
  Naive avg Brier:  0.25
  Swarm vs naive:   50.3%
  Swarm vs crowd:   -0.4%
  Brier Skill Score:-0.004  (0=crowd-level, 1=perfect, negative=worse than crowd)
  Swarm entropy:    0.6153  (higher = more uncertain)
  Swarm dispersion: 46.3pts  (range of swarm predictions)
  Crowd dispersion: 67.7pts  (range of crowd predictions)
  Avg divergence:   9.0pts  (avg |swarm - crowd| on resolved markets)

Logs: /Users/latentforge/Projects/latentforge-latentmas/experiments/benchmark/calibration
Sat Jul 18 05:39:52 PDT 2026: SUCCESS on attempt 1
Sun Jul 19 05:35:14 PDT 2026: Attempt 1 of 3 — running /Users/latentforge/Projects/latentforge-latentmas/experiments/benchmark/calibration_tracker.py
LatentForge Live Calibration Tracker v1.1
Date: 2026-07-19

Checking 42 tracked markets for resolution...
  No new resolutions today.

Fetching markets closing within 90 days...
Found 3 qualifying markets

=== CALIBRATION SUMMARY ===
Total markets tracked: 42
New predictions today: 0
Newly resolved: 0

--- PRIMARY TRACK (policy/macro/geopolitics/elections) ---
  Resolved markets scored: 3
  Swarm avg Brier:  0.17
  Crowd avg Brier:  0.1132
  Naive avg Brier:  0.25
  Swarm vs naive:   32.0%
  Swarm vs crowd:   -50.2%
  Brier Skill Score:-0.5018  (0=crowd-level, 1=perfect, negative=worse than crowd)
  Swarm entropy:    0.823  (higher = more uncertain)
  Swarm dispersion: 40.0pts  (range of swarm predictions)
  Crowd dispersion: 51.9pts  (range of crowd predictions)
  Avg divergence:   7.6pts  (avg |swarm - crowd| on resolved markets)

--- FULL TRACK (all categories, for transparency) ---
  Resolved markets scored: 35
  Swarm avg Brier:  0.1242
  Crowd avg Brier:  0.1237
  Naive avg Brier:  0.25
  Swarm vs naive:   50.3%
  Swarm vs crowd:   -0.4%
  Brier Skill Score:-0.004  (0=crowd-level, 1=perfect, negative=worse than crowd)
  Swarm entropy:    0.6153  (higher = more uncertain)
  Swarm dispersion: 46.3pts  (range of swarm predictions)
  Crowd dispersion: 67.7pts  (range of crowd predictions)
  Avg divergence:   9.0pts  (avg |swarm - crowd| on resolved markets)

Logs: /Users/latentforge/Projects/latentforge-latentmas/experiments/benchmark/calibration
Sun Jul 19 05:35:15 PDT 2026: SUCCESS on attempt 1
Mon Jul 20 05:30:37 PDT 2026: Attempt 1 of 3 — running /Users/latentforge/Projects/latentforge-latentmas/experiments/benchmark/calibration_tracker.py
LatentForge Live Calibration Tracker v1.1
Date: 2026-07-20

Checking 42 tracked markets for resolution...
  RESOLVED [1] Will Spain win the 2026 FIFA World Cup?
    swarm=0.15 crowd=0.16 swarm_brier=0.7225
  RESOLVED [0] Will Argentina win the 2026 FIFA World Cup?
    swarm=0.15 crowd=0.087 swarm_brier=0.0225

Fetching markets closing within 90 days...
Found 0 qualifying markets

=== CALIBRATION SUMMARY ===
Total markets tracked: 42
New predictions today: 0
Newly resolved: 2

--- PRIMARY TRACK (policy/macro/geopolitics/elections) ---
  Resolved markets scored: 3
  Swarm avg Brier:  0.17
  Crowd avg Brier:  0.1132
  Naive avg Brier:  0.25
  Swarm vs naive:   32.0%
  Swarm vs crowd:   -50.2%
  Brier Skill Score:-0.5018  (0=crowd-level, 1=perfect, negative=worse than crowd)
  Swarm entropy:    0.823  (higher = more uncertain)
  Swarm dispersion: 40.0pts  (range of swarm predictions)
  Crowd dispersion: 51.9pts  (range of crowd predictions)
  Avg divergence:   7.6pts  (avg |swarm - crowd| on resolved markets)

--- FULL TRACK (all categories, for transparency) ---
  Resolved markets scored: 37
  Swarm avg Brier:  0.1376
  Crowd avg Brier:  0.1362
  Naive avg Brier:  0.25
  Swarm vs naive:   45.0%
  Swarm vs crowd:   -1.0%
  Brier Skill Score:-0.0103  (0=crowd-level, 1=perfect, negative=worse than crowd)
  Swarm entropy:    0.615  (higher = more uncertain)
  Swarm dispersion: 46.3pts  (range of swarm predictions)
  Crowd dispersion: 67.7pts  (range of crowd predictions)
  Avg divergence:   8.7pts  (avg |swarm - crowd| on resolved markets)

Logs: /Users/latentforge/Projects/latentforge-latentmas/experiments/benchmark/calibration
Mon Jul 20 05:30:38 PDT 2026: SUCCESS on attempt 1
Tue Jul 21 05:40:10 PDT 2026: Attempt 1 of 3 — running /Users/latentforge/Projects/latentforge-latentmas/experiments/benchmark/calibration_tracker.py
LatentForge Live Calibration Tracker v1.1
Date: 2026-07-21

Checking 42 tracked markets for resolution...
  No new resolutions today.

Fetching markets closing within 90 days...
Found 0 qualifying markets

=== CALIBRATION SUMMARY ===
Total markets tracked: 42
New predictions today: 0
Newly resolved: 0

--- PRIMARY TRACK (policy/macro/geopolitics/elections) ---
  Resolved markets scored: 3
  Swarm avg Brier:  0.17
  Crowd avg Brier:  0.1132
  Naive avg Brier:  0.25
  Swarm vs naive:   32.0%
  Swarm vs crowd:   -50.2%
  Brier Skill Score:-0.5018  (0=crowd-level, 1=perfect, negative=worse than crowd)
  Swarm entropy:    0.823  (higher = more uncertain)
  Swarm dispersion: 40.0pts  (range of swarm predictions)
  Crowd dispersion: 51.9pts  (range of crowd predictions)
  Avg divergence:   7.6pts  (avg |swarm - crowd| on resolved markets)

--- FULL TRACK (all categories, for transparency) ---
  Resolved markets scored: 37
  Swarm avg Brier:  0.1376
  Crowd avg Brier:  0.1362
  Naive avg Brier:  0.25
  Swarm vs naive:   45.0%
  Swarm vs crowd:   -1.0%
  Brier Skill Score:-0.0103  (0=crowd-level, 1=perfect, negative=worse than crowd)
  Swarm entropy:    0.615  (higher = more uncertain)
  Swarm dispersion: 46.3pts  (range of swarm predictions)
  Crowd dispersion: 67.7pts  (range of crowd predictions)
  Avg divergence:   8.7pts  (avg |swarm - crowd| on resolved markets)

Logs: /Users/latentforge/Projects/latentforge-latentmas/experiments/benchmark/calibration
Tue Jul 21 05:40:11 PDT 2026: SUCCESS on attempt 1
Wed Jul 22 05:30:37 PDT 2026: Attempt 1 of 3 — running /Users/latentforge/Projects/latentforge-latentmas/experiments/benchmark/calibration_tracker.py
LatentForge Live Calibration Tracker v1.1
Date: 2026-07-22

Checking 42 tracked markets for resolution...
  No new resolutions today.

Fetching markets closing within 90 days...
Traceback (most recent call last):
  File "/Library/Developer/CommandLineTools/Library/Frameworks/Python3.framework/Versions/3.9/lib/python3.9/urllib/request.py", line 1346, in do_open
    h.request(req.get_method(), req.selector, req.data, headers,
  File "/Library/Developer/CommandLineTools/Library/Frameworks/Python3.framework/Versions/3.9/lib/python3.9/http/client.py", line 1257, in request
    self._send_request(method, url, body, headers, encode_chunked)
  File "/Library/Developer/CommandLineTools/Library/Frameworks/Python3.framework/Versions/3.9/lib/python3.9/http/client.py", line 1303, in _send_request
    self.endheaders(body, encode_chunked=encode_chunked)
  File "/Library/Developer/CommandLineTools/Library/Frameworks/Python3.framework/Versions/3.9/lib/python3.9/http/client.py", line 1252, in endheaders
    self._send_output(message_body, encode_chunked=encode_chunked)
  File "/Library/Developer/CommandLineTools/Library/Frameworks/Python3.framework/Versions/3.9/lib/python3.9/http/client.py", line 1012, in _send_output
    self.send(msg)
  File "/Library/Developer/CommandLineTools/Library/Frameworks/Python3.framework/Versions/3.9/lib/python3.9/http/client.py", line 952, in send
    self.connect()
  File "/Library/Developer/CommandLineTools/Library/Frameworks/Python3.framework/Versions/3.9/lib/python3.9/http/client.py", line 1419, in connect
    super().connect()
  File "/Library/Developer/CommandLineTools/Library/Frameworks/Python3.framework/Versions/3.9/lib/python3.9/http/client.py", line 923, in connect
    self.sock = self._create_connection(
  File "/Library/Developer/CommandLineTools/Library/Frameworks/Python3.framework/Versions/3.9/lib/python3.9/socket.py", line 822, in create_connection
    for res in getaddrinfo(host, port, 0, SOCK_STREAM):
  File "/Library/Developer/CommandLineTools/Library/Frameworks/Python3.framework/Versions/3.9/lib/python3.9/socket.py", line 953, in getaddrinfo
    for res in _socket.getaddrinfo(host, port, family, type, proto, flags):
socket.gaierror: [Errno 8] nodename nor servname provided, or not known

During handling of the above exception, another exception occurred:

Traceback (most recent call last):
  File "/Users/latentforge/Projects/latentforge-latentmas/experiments/benchmark/calibration_tracker.py", line 300, in <module>
    run()
  File "/Users/latentforge/Projects/latentforge-latentmas/experiments/benchmark/calibration_tracker.py", line 216, in run
    markets = fetch_near_term_markets(days=90, limit=200)
  File "/Users/latentforge/Projects/latentforge-latentmas/experiments/benchmark/calibration_tracker.py", line 49, in fetch_near_term_markets
    with urllib.request.urlopen(req, timeout=15) as r:
  File "/Library/Developer/CommandLineTools/Library/Frameworks/Python3.framework/Versions/3.9/lib/python3.9/urllib/request.py", line 214, in urlopen
    return opener.open(url, data, timeout)
  File "/Library/Developer/CommandLineTools/Library/Frameworks/Python3.framework/Versions/3.9/lib/python3.9/urllib/request.py", line 517, in open
    response = self._open(req, data)
  File "/Library/Developer/CommandLineTools/Library/Frameworks/Python3.framework/Versions/3.9/lib/python3.9/urllib/request.py", line 534, in _open
    result = self._call_chain(self.handle_open, protocol, protocol +
  File "/Library/Developer/CommandLineTools/Library/Frameworks/Python3.framework/Versions/3.9/lib/python3.9/urllib/request.py", line 494, in _call_chain
    result = func(*args)
  File "/Library/Developer/CommandLineTools/Library/Frameworks/Python3.framework/Versions/3.9/lib/python3.9/urllib/request.py", line 1389, in https_open
    return self.do_open(http.client.HTTPSConnection, req,
  File "/Library/Developer/CommandLineTools/Library/Frameworks/Python3.framework/Versions/3.9/lib/python3.9/urllib/request.py", line 1349, in do_open
    raise URLError(err)
urllib.error.URLError: <urlopen error [Errno 8] nodename nor servname provided, or not known>
Wed Jul 22 05:30:37 PDT 2026: FAILED on attempt 1 (exit code 1)
Wed Jul 22 05:30:37 PDT 2026: Retrying in 300s...
Wed Jul 22 18:00:30 PDT 2026: Attempt 2 of 3 — running /Users/latentforge/Projects/latentforge-latentmas/experiments/benchmark/calibration_tracker.py
LatentForge Live Calibration Tracker v1.1
Date: 2026-07-22

Checking 42 tracked markets for resolution...
  No new resolutions today.

Fetching markets closing within 90 days...
Traceback (most recent call last):
  File "/Library/Developer/CommandLineTools/Library/Frameworks/Python3.framework/Versions/3.9/lib/python3.9/urllib/request.py", line 1346, in do_open
    h.request(req.get_method(), req.selector, req.data, headers,
  File "/Library/Developer/CommandLineTools/Library/Frameworks/Python3.framework/Versions/3.9/lib/python3.9/http/client.py", line 1257, in request
    self._send_request(method, url, body, headers, encode_chunked)
  File "/Library/Developer/CommandLineTools/Library/Frameworks/Python3.framework/Versions/3.9/lib/python3.9/http/client.py", line 1303, in _send_request
    self.endheaders(body, encode_chunked=encode_chunked)
  File "/Library/Developer/CommandLineTools/Library/Frameworks/Python3.framework/Versions/3.9/lib/python3.9/http/client.py", line 1252, in endheaders
    self._send_output(message_body, encode_chunked=encode_chunked)
  File "/Library/Developer/CommandLineTools/Library/Frameworks/Python3.framework/Versions/3.9/lib/python3.9/http/client.py", line 1012, in _send_output
    self.send(msg)
  File "/Library/Developer/CommandLineTools/Library/Frameworks/Python3.framework/Versions/3.9/lib/python3.9/http/client.py", line 952, in send
    self.connect()
  File "/Library/Developer/CommandLineTools/Library/Frameworks/Python3.framework/Versions/3.9/lib/python3.9/http/client.py", line 1419, in connect
    super().connect()
  File "/Library/Developer/CommandLineTools/Library/Frameworks/Python3.framework/Versions/3.9/lib/python3.9/http/client.py", line 923, in connect
    self.sock = self._create_connection(
  File "/Library/Developer/CommandLineTools/Library/Frameworks/Python3.framework/Versions/3.9/lib/python3.9/socket.py", line 822, in create_connection
    for res in getaddrinfo(host, port, 0, SOCK_STREAM):
  File "/Library/Developer/CommandLineTools/Library/Frameworks/Python3.framework/Versions/3.9/lib/python3.9/socket.py", line 953, in getaddrinfo
    for res in _socket.getaddrinfo(host, port, family, type, proto, flags):
socket.gaierror: [Errno 8] nodename nor servname provided, or not known

During handling of the above exception, another exception occurred:

Traceback (most recent call last):
  File "/Users/latentforge/Projects/latentforge-latentmas/experiments/benchmark/calibration_tracker.py", line 300, in <module>
    run()
  File "/Users/latentforge/Projects/latentforge-latentmas/experiments/benchmark/calibration_tracker.py", line 216, in run
    markets = fetch_near_term_markets(days=90, limit=200)
  File "/Users/latentforge/Projects/latentforge-latentmas/experiments/benchmark/calibration_tracker.py", line 49, in fetch_near_term_markets
    with urllib.request.urlopen(req, timeout=15) as r:
  File "/Library/Developer/CommandLineTools/Library/Frameworks/Python3.framework/Versions/3.9/lib/python3.9/urllib/request.py", line 214, in urlopen
    return opener.open(url, data, timeout)
  File "/Library/Developer/CommandLineTools/Library/Frameworks/Python3.framework/Versions/3.9/lib/python3.9/urllib/request.py", line 517, in open
    response = self._open(req, data)
  File "/Library/Developer/CommandLineTools/Library/Frameworks/Python3.framework/Versions/3.9/lib/python3.9/urllib/request.py", line 534, in _open
    result = self._call_chain(self.handle_open, protocol, protocol +
  File "/Library/Developer/CommandLineTools/Library/Frameworks/Python3.framework/Versions/3.9/lib/python3.9/urllib/request.py", line 494, in _call_chain
    result = func(*args)
  File "/Library/Developer/CommandLineTools/Library/Frameworks/Python3.framework/Versions/3.9/lib/python3.9/urllib/request.py", line 1389, in https_open
    return self.do_open(http.client.HTTPSConnection, req,
  File "/Library/Developer/CommandLineTools/Library/Frameworks/Python3.framework/Versions/3.9/lib/python3.9/urllib/request.py", line 1349, in do_open
    raise URLError(err)
urllib.error.URLError: <urlopen error [Errno 8] nodename nor servname provided, or not known>
Wed Jul 22 18:00:30 PDT 2026: FAILED on attempt 2 (exit code 1)
Wed Jul 22 18:00:30 PDT 2026: Retrying in 300s...
Thu Jul 23 02:44:04 PDT 2026: Attempt 3 of 3 — running /Users/latentforge/Projects/latentforge-latentmas/experiments/benchmark/calibration_tracker.py
LatentForge Live Calibration Tracker v1.1
Date: 2026-07-23

Checking 42 tracked markets for resolution...
  No new resolutions today.

Fetching markets closing within 90 days...
Found 0 qualifying markets

=== CALIBRATION SUMMARY ===
Total markets tracked: 42
New predictions today: 0
Newly resolved: 0

--- PRIMARY TRACK (policy/macro/geopolitics/elections) ---
  Resolved markets scored: 3
  Swarm avg Brier:  0.17
  Crowd avg Brier:  0.1132
  Naive avg Brier:  0.25
  Swarm vs naive:   32.0%
  Swarm vs crowd:   -50.2%
  Brier Skill Score:-0.5018  (0=crowd-level, 1=perfect, negative=worse than crowd)
  Swarm entropy:    0.823  (higher = more uncertain)
  Swarm dispersion: 40.0pts  (range of swarm predictions)
  Crowd dispersion: 51.9pts  (range of crowd predictions)
  Avg divergence:   7.6pts  (avg |swarm - crowd| on resolved markets)

--- FULL TRACK (all categories, for transparency) ---
  Resolved markets scored: 37
  Swarm avg Brier:  0.1376
  Crowd avg Brier:  0.1362
  Naive avg Brier:  0.25
  Swarm vs naive:   45.0%
  Swarm vs crowd:   -1.0%
  Brier Skill Score:-0.0103  (0=crowd-level, 1=perfect, negative=worse than crowd)
  Swarm entropy:    0.615  (higher = more uncertain)
  Swarm dispersion: 46.3pts  (range of swarm predictions)
  Crowd dispersion: 67.7pts  (range of crowd predictions)
  Avg divergence:   8.7pts  (avg |swarm - crowd| on resolved markets)

Logs: /Users/latentforge/Projects/latentforge-latentmas/experiments/benchmark/calibration
Thu Jul 23 02:44:05 PDT 2026: SUCCESS on attempt 3
Thu Jul 23 05:35:15 PDT 2026: Attempt 1 of 3 — running /Users/latentforge/Projects/latentforge-latentmas/experiments/benchmark/calibration_tracker.py
LatentForge Live Calibration Tracker v1.1
Date: 2026-07-23

Checking 42 tracked markets for resolution...
  No new resolutions today.

Fetching markets closing within 90 days...
Found 0 qualifying markets

=== CALIBRATION SUMMARY ===
Total markets tracked: 42
New predictions today: 0
Newly resolved: 0

--- PRIMARY TRACK (policy/macro/geopolitics/elections) ---
  Resolved markets scored: 3
  Swarm avg Brier:  0.17
  Crowd avg Brier:  0.1132
  Naive avg Brier:  0.25
  Swarm vs naive:   32.0%
  Swarm vs crowd:   -50.2%
  Brier Skill Score:-0.5018  (0=crowd-level, 1=perfect, negative=worse than crowd)
  Swarm entropy:    0.823  (higher = more uncertain)
  Swarm dispersion: 40.0pts  (range of swarm predictions)
  Crowd dispersion: 51.9pts  (range of crowd predictions)
  Avg divergence:   7.6pts  (avg |swarm - crowd| on resolved markets)

--- FULL TRACK (all categories, for transparency) ---
  Resolved markets scored: 37
  Swarm avg Brier:  0.1376
  Crowd avg Brier:  0.1362
  Naive avg Brier:  0.25
  Swarm vs naive:   45.0%
  Swarm vs crowd:   -1.0%
  Brier Skill Score:-0.0103  (0=crowd-level, 1=perfect, negative=worse than crowd)
  Swarm entropy:    0.615  (higher = more uncertain)
  Swarm dispersion: 46.3pts  (range of swarm predictions)
  Crowd dispersion: 67.7pts  (range of crowd predictions)
  Avg divergence:   8.7pts  (avg |swarm - crowd| on resolved markets)

Logs: /Users/latentforge/Projects/latentforge-latentmas/experiments/benchmark/calibration
Thu Jul 23 05:35:16 PDT 2026: SUCCESS on attempt 1
Fri Jul 24 05:41:28 PDT 2026: Attempt 1 of 3 — running /Users/latentforge/Projects/latentforge-latentmas/experiments/benchmark/calibration_tracker.py
LatentForge Live Calibration Tracker v1.1
Date: 2026-07-24

Checking 42 tracked markets for resolution...
  No new resolutions today.

Fetching markets closing within 90 days...
Found 0 qualifying markets

=== CALIBRATION SUMMARY ===
Total markets tracked: 42
New predictions today: 0
Newly resolved: 0

--- PRIMARY TRACK (policy/macro/geopolitics/elections) ---
  Resolved markets scored: 3
  Swarm avg Brier:  0.17
  Crowd avg Brier:  0.1132
  Naive avg Brier:  0.25
  Swarm vs naive:   32.0%
  Swarm vs crowd:   -50.2%
  Brier Skill Score:-0.5018  (0=crowd-level, 1=perfect, negative=worse than crowd)
  Swarm entropy:    0.823  (higher = more uncertain)
  Swarm dispersion: 40.0pts  (range of swarm predictions)
  Crowd dispersion: 51.9pts  (range of crowd predictions)
  Avg divergence:   7.6pts  (avg |swarm - crowd| on resolved markets)

--- FULL TRACK (all categories, for transparency) ---
  Resolved markets scored: 37
  Swarm avg Brier:  0.1376
  Crowd avg Brier:  0.1362
  Naive avg Brier:  0.25
  Swarm vs naive:   45.0%
  Swarm vs crowd:   -1.0%
  Brier Skill Score:-0.0103  (0=crowd-level, 1=perfect, negative=worse than crowd)
  Swarm entropy:    0.615  (higher = more uncertain)
  Swarm dispersion: 46.3pts  (range of swarm predictions)
  Crowd dispersion: 67.7pts  (range of crowd predictions)
  Avg divergence:   8.7pts  (avg |swarm - crowd| on resolved markets)

Logs: /Users/latentforge/Projects/latentforge-latentmas/experiments/benchmark/calibration
Fri Jul 24 05:41:29 PDT 2026: SUCCESS on attempt 1
Sat Jul 25 05:39:59 PDT 2026: Attempt 1 of 3 — running /Users/latentforge/Projects/latentforge-latentmas/experiments/benchmark/calibration_tracker.py
LatentForge Live Calibration Tracker v1.1
Date: 2026-07-25

Checking 42 tracked markets for resolution...
  No new resolutions today.

Fetching markets closing within 90 days...
Found 0 qualifying markets

=== CALIBRATION SUMMARY ===
Total markets tracked: 42
New predictions today: 0
Newly resolved: 0

--- PRIMARY TRACK (policy/macro/geopolitics/elections) ---
  Resolved markets scored: 3
  Swarm avg Brier:  0.17
  Crowd avg Brier:  0.1132
  Naive avg Brier:  0.25
  Swarm vs naive:   32.0%
  Swarm vs crowd:   -50.2%
  Brier Skill Score:-0.5018  (0=crowd-level, 1=perfect, negative=worse than crowd)
  Swarm entropy:    0.823  (higher = more uncertain)
  Swarm dispersion: 40.0pts  (range of swarm predictions)
  Crowd dispersion: 51.9pts  (range of crowd predictions)
  Avg divergence:   7.6pts  (avg |swarm - crowd| on resolved markets)

--- FULL TRACK (all categories, for transparency) ---
  Resolved markets scored: 37
  Swarm avg Brier:  0.1376
  Crowd avg Brier:  0.1362
  Naive avg Brier:  0.25
  Swarm vs naive:   45.0%
  Swarm vs crowd:   -1.0%
  Brier Skill Score:-0.0103  (0=crowd-level, 1=perfect, negative=worse than crowd)
  Swarm entropy:    0.615  (higher = more uncertain)
  Swarm dispersion: 46.3pts  (range of swarm predictions)
  Crowd dispersion: 67.7pts  (range of crowd predictions)
  Avg divergence:   8.7pts  (avg |swarm - crowd| on resolved markets)

Logs: /Users/latentforge/Projects/latentforge-latentmas/experiments/benchmark/calibration
Sat Jul 25 05:40:00 PDT 2026: SUCCESS on attempt 1
Sun Jul 26 05:45:56 PDT 2026: Attempt 1 of 3 — running /Users/latentforge/Projects/latentforge-latentmas/experiments/benchmark/calibration_tracker.py
LatentForge Live Calibration Tracker v1.1
Date: 2026-07-26

Checking 42 tracked markets for resolution...
  No new resolutions today.

Fetching markets closing within 90 days...
Found 0 qualifying markets

=== CALIBRATION SUMMARY ===
Total markets tracked: 42
New predictions today: 0
Newly resolved: 0

--- PRIMARY TRACK (policy/macro/geopolitics/elections) ---
  Resolved markets scored: 3
  Swarm avg Brier:  0.17
  Crowd avg Brier:  0.1132
  Naive avg Brier:  0.25
  Swarm vs naive:   32.0%
  Swarm vs crowd:   -50.2%
  Brier Skill Score:-0.5018  (0=crowd-level, 1=perfect, negative=worse than crowd)
  Swarm entropy:    0.823  (higher = more uncertain)
  Swarm dispersion: 40.0pts  (range of swarm predictions)
  Crowd dispersion: 51.9pts  (range of crowd predictions)
  Avg divergence:   7.6pts  (avg |swarm - crowd| on resolved markets)

--- FULL TRACK (all categories, for transparency) ---
  Resolved markets scored: 37
  Swarm avg Brier:  0.1376
  Crowd avg Brier:  0.1362
  Naive avg Brier:  0.25
  Swarm vs naive:   45.0%
  Swarm vs crowd:   -1.0%
  Brier Skill Score:-0.0103  (0=crowd-level, 1=perfect, negative=worse than crowd)
  Swarm entropy:    0.615  (higher = more uncertain)
  Swarm dispersion: 46.3pts  (range of swarm predictions)
  Crowd dispersion: 67.7pts  (range of crowd predictions)
  Avg divergence:   8.7pts  (avg |swarm - crowd| on resolved markets)

Logs: /Users/latentforge/Projects/latentforge-latentmas/experiments/benchmark/calibration
Sun Jul 26 05:45:56 PDT 2026: SUCCESS on attempt 1
Mon Jul 27 05:34:12 PDT 2026: Attempt 1 of 3 — running /Users/latentforge/Projects/latentforge-latentmas/experiments/benchmark/calibration_tracker.py
LatentForge Live Calibration Tracker v1.1
Date: 2026-07-27

Checking 42 tracked markets for resolution...
  No new resolutions today.

Fetching markets closing within 90 days...
Traceback (most recent call last):
  File "/Library/Developer/CommandLineTools/Library/Frameworks/Python3.framework/Versions/3.9/lib/python3.9/urllib/request.py", line 1346, in do_open
    h.request(req.get_method(), req.selector, req.data, headers,
  File "/Library/Developer/CommandLineTools/Library/Frameworks/Python3.framework/Versions/3.9/lib/python3.9/http/client.py", line 1257, in request
    self._send_request(method, url, body, headers, encode_chunked)
  File "/Library/Developer/CommandLineTools/Library/Frameworks/Python3.framework/Versions/3.9/lib/python3.9/http/client.py", line 1303, in _send_request
    self.endheaders(body, encode_chunked=encode_chunked)
  File "/Library/Developer/CommandLineTools/Library/Frameworks/Python3.framework/Versions/3.9/lib/python3.9/http/client.py", line 1252, in endheaders
    self._send_output(message_body, encode_chunked=encode_chunked)
  File "/Library/Developer/CommandLineTools/Library/Frameworks/Python3.framework/Versions/3.9/lib/python3.9/http/client.py", line 1012, in _send_output
    self.send(msg)
  File "/Library/Developer/CommandLineTools/Library/Frameworks/Python3.framework/Versions/3.9/lib/python3.9/http/client.py", line 952, in send
    self.connect()
  File "/Library/Developer/CommandLineTools/Library/Frameworks/Python3.framework/Versions/3.9/lib/python3.9/http/client.py", line 1419, in connect
    super().connect()
  File "/Library/Developer/CommandLineTools/Library/Frameworks/Python3.framework/Versions/3.9/lib/python3.9/http/client.py", line 923, in connect
    self.sock = self._create_connection(
  File "/Library/Developer/CommandLineTools/Library/Frameworks/Python3.framework/Versions/3.9/lib/python3.9/socket.py", line 822, in create_connection
    for res in getaddrinfo(host, port, 0, SOCK_STREAM):
  File "/Library/Developer/CommandLineTools/Library/Frameworks/Python3.framework/Versions/3.9/lib/python3.9/socket.py", line 953, in getaddrinfo
    for res in _socket.getaddrinfo(host, port, family, type, proto, flags):
socket.gaierror: [Errno 8] nodename nor servname provided, or not known

During handling of the above exception, another exception occurred:

Traceback (most recent call last):
  File "/Users/latentforge/Projects/latentforge-latentmas/experiments/benchmark/calibration_tracker.py", line 300, in <module>
    run()
  File "/Users/latentforge/Projects/latentforge-latentmas/experiments/benchmark/calibration_tracker.py", line 216, in run
    markets = fetch_near_term_markets(days=90, limit=200)
  File "/Users/latentforge/Projects/latentforge-latentmas/experiments/benchmark/calibration_tracker.py", line 49, in fetch_near_term_markets
    with urllib.request.urlopen(req, timeout=15) as r:
  File "/Library/Developer/CommandLineTools/Library/Frameworks/Python3.framework/Versions/3.9/lib/python3.9/urllib/request.py", line 214, in urlopen
    return opener.open(url, data, timeout)
  File "/Library/Developer/CommandLineTools/Library/Frameworks/Python3.framework/Versions/3.9/lib/python3.9/urllib/request.py", line 517, in open
    response = self._open(req, data)
  File "/Library/Developer/CommandLineTools/Library/Frameworks/Python3.framework/Versions/3.9/lib/python3.9/urllib/request.py", line 534, in _open
    result = self._call_chain(self.handle_open, protocol, protocol +
  File "/Library/Developer/CommandLineTools/Library/Frameworks/Python3.framework/Versions/3.9/lib/python3.9/urllib/request.py", line 494, in _call_chain
    result = func(*args)
  File "/Library/Developer/CommandLineTools/Library/Frameworks/Python3.framework/Versions/3.9/lib/python3.9/urllib/request.py", line 1389, in https_open
    return self.do_open(http.client.HTTPSConnection, req,
  File "/Library/Developer/CommandLineTools/Library/Frameworks/Python3.framework/Versions/3.9/lib/python3.9/urllib/request.py", line 1349, in do_open
    raise URLError(err)
urllib.error.URLError: <urlopen error [Errno 8] nodename nor servname provided, or not known>
Mon Jul 27 05:34:12 PDT 2026: FAILED on attempt 1 (exit code 1)
Mon Jul 27 05:34:12 PDT 2026: Retrying in 300s...
Fri Jul 31 19:55:20 PDT 2026: Attempt 2 of 3 — running /Users/latentforge/Projects/latentforge-latentmas/experiments/benchmark/calibration_tracker.py
LatentForge Live Calibration Tracker v1.1
Date: 2026-07-31

Checking 42 tracked markets for resolution...
  No new resolutions today.

Fetching markets closing within 90 days...
Found 0 qualifying markets

=== CALIBRATION SUMMARY ===
Total markets tracked: 42
New predictions today: 0
Newly resolved: 0

--- PRIMARY TRACK (policy/macro/geopolitics/elections) ---
  Resolved markets scored: 3
  Swarm avg Brier:  0.17
  Crowd avg Brier:  0.1132
  Naive avg Brier:  0.25
  Swarm vs naive:   32.0%
  Swarm vs crowd:   -50.2%
  Brier Skill Score:-0.5018  (0=crowd-level, 1=perfect, negative=worse than crowd)
  Swarm entropy:    0.823  (higher = more uncertain)
  Swarm dispersion: 40.0pts  (range of swarm predictions)
  Crowd dispersion: 51.9pts  (range of crowd predictions)
  Avg divergence:   7.6pts  (avg |swarm - crowd| on resolved markets)

--- FULL TRACK (all categories, for transparency) ---
  Resolved markets scored: 37
  Swarm avg Brier:  0.1376
  Crowd avg Brier:  0.1362
  Naive avg Brier:  0.25
  Swarm vs naive:   45.0%
  Swarm vs crowd:   -1.0%
  Brier Skill Score:-0.0103  (0=crowd-level, 1=perfect, negative=worse than crowd)
  Swarm entropy:    0.615  (higher = more uncertain)
  Swarm dispersion: 46.3pts  (range of swarm predictions)
  Crowd dispersion: 67.7pts  (range of crowd predictions)
  Avg divergence:   8.7pts  (avg |swarm - crowd| on resolved markets)

Logs: /Users/latentforge/Projects/latentforge-latentmas/experiments/benchmark/calibration
Fri Jul 31 19:55:20 PDT 2026: SUCCESS on attempt 2
Sat Aug  1 05:46:30 PDT 2026: Attempt 1 of 3 — running /Users/latentforge/Projects/latentforge-latentmas/experiments/benchmark/calibration_tracker.py
LatentForge Live Calibration Tracker v1.1
Date: 2026-08-01

Checking 42 tracked markets for resolution...
  No new resolutions today.

Fetching markets closing within 90 days...
Found 0 qualifying markets

=== CALIBRATION SUMMARY ===
Total markets tracked: 42
New predictions today: 0
Newly resolved: 0

--- PRIMARY TRACK (policy/macro/geopolitics/elections) ---
  Resolved markets scored: 3
  Swarm avg Brier:  0.17
  Crowd avg Brier:  0.1132
  Naive avg Brier:  0.25
  Swarm vs naive:   32.0%
  Swarm vs crowd:   -50.2%
  Brier Skill Score:-0.5018  (0=crowd-level, 1=perfect, negative=worse than crowd)
  Swarm entropy:    0.823  (higher = more uncertain)
  Swarm dispersion: 40.0pts  (range of swarm predictions)
  Crowd dispersion: 51.9pts  (range of crowd predictions)
  Avg divergence:   7.6pts  (avg |swarm - crowd| on resolved markets)

--- FULL TRACK (all categories, for transparency) ---
  Resolved markets scored: 37
  Swarm avg Brier:  0.1376
  Crowd avg Brier:  0.1362
  Naive avg Brier:  0.25
  Swarm vs naive:   45.0%
  Swarm vs crowd:   -1.0%
  Brier Skill Score:-0.0103  (0=crowd-level, 1=perfect, negative=worse than crowd)
  Swarm entropy:    0.615  (higher = more uncertain)
  Swarm dispersion: 46.3pts  (range of swarm predictions)
  Crowd dispersion: 67.7pts  (range of crowd predictions)
  Avg divergence:   8.7pts  (avg |swarm - crowd| on resolved markets)

Logs: /Users/latentforge/Projects/latentforge-latentmas/experiments/benchmark/calibration
Sat Aug  1 05:46:31 PDT 2026: SUCCESS on attempt 1
Sun Aug  2 05:44:34 PDT 2026: Attempt 1 of 3 — running /Users/latentforge/Projects/latentforge-latentmas/experiments/benchmark/calibration_tracker.py
LatentForge Live Calibration Tracker v1.1
Date: 2026-08-02

Checking 42 tracked markets for resolution...
  No new resolutions today.

Fetching markets closing within 90 days...
Found 0 qualifying markets

=== CALIBRATION SUMMARY ===
Total markets tracked: 42
New predictions today: 0
Newly resolved: 0

--- PRIMARY TRACK (policy/macro/geopolitics/elections) ---
  Resolved markets scored: 3
  Swarm avg Brier:  0.17
  Crowd avg Brier:  0.1132
  Naive avg Brier:  0.25
  Swarm vs naive:   32.0%
  Swarm vs crowd:   -50.2%
  Brier Skill Score:-0.5018  (0=crowd-level, 1=perfect, negative=worse than crowd)
  Swarm entropy:    0.823  (higher = more uncertain)
  Swarm dispersion: 40.0pts  (range of swarm predictions)
  Crowd dispersion: 51.9pts  (range of crowd predictions)
  Avg divergence:   7.6pts  (avg |swarm - crowd| on resolved markets)

--- FULL TRACK (all categories, for transparency) ---
  Resolved markets scored: 37
  Swarm avg Brier:  0.1376
  Crowd avg Brier:  0.1362
  Naive avg Brier:  0.25
  Swarm vs naive:   45.0%
  Swarm vs crowd:   -1.0%
  Brier Skill Score:-0.0103  (0=crowd-level, 1=perfect, negative=worse than crowd)
  Swarm entropy:    0.615  (higher = more uncertain)
  Swarm dispersion: 46.3pts  (range of swarm predictions)
  Crowd dispersion: 67.7pts  (range of crowd predictions)
  Avg divergence:   8.7pts  (avg |swarm - crowd| on resolved markets)

Logs: /Users/latentforge/Projects/latentforge-latentmas/experiments/benchmark/calibration
Sun Aug  2 05:44:35 PDT 2026: SUCCESS on attempt 1
Mon Aug  3 05:39:19 PDT 2026: Attempt 1 of 3 — running /Users/latentforge/Projects/latentforge-latentmas/experiments/benchmark/calibration_tracker.py
LatentForge Live Calibration Tracker v1.1
Date: 2026-08-03

Checking 42 tracked markets for resolution...
  No new resolutions today.

Fetching markets closing within 90 days...
Found 0 qualifying markets

=== CALIBRATION SUMMARY ===
Total markets tracked: 42
New predictions today: 0
Newly resolved: 0

--- PRIMARY TRACK (policy/macro/geopolitics/elections) ---
  Resolved markets scored: 3
  Swarm avg Brier:  0.17
  Crowd avg Brier:  0.1132
  Naive avg Brier:  0.25
  Swarm vs naive:   32.0%
  Swarm vs crowd:   -50.2%
  Brier Skill Score:-0.5018  (0=crowd-level, 1=perfect, negative=worse than crowd)
  Swarm entropy:    0.823  (higher = more uncertain)
  Swarm dispersion: 40.0pts  (range of swarm predictions)
  Crowd dispersion: 51.9pts  (range of crowd predictions)
  Avg divergence:   7.6pts  (avg |swarm - crowd| on resolved markets)

--- FULL TRACK (all categories, for transparency) ---
  Resolved markets scored: 37
  Swarm avg Brier:  0.1376
  Crowd avg Brier:  0.1362
  Naive avg Brier:  0.25
  Swarm vs naive:   45.0%
  Swarm vs crowd:   -1.0%
  Brier Skill Score:-0.0103  (0=crowd-level, 1=perfect, negative=worse than crowd)
  Swarm entropy:    0.615  (higher = more uncertain)
  Swarm dispersion: 46.3pts  (range of swarm predictions)
  Crowd dispersion: 67.7pts  (range of crowd predictions)
  Avg divergence:   8.7pts  (avg |swarm - crowd| on resolved markets)

Logs: /Users/latentforge/Projects/latentforge-latentmas/experiments/benchmark/calibration
Mon Aug  3 05:39:20 PDT 2026: SUCCESS on attempt 1
Tue Aug  4 05:37:16 PDT 2026: Attempt 1 of 3 — running /Users/latentforge/Projects/latentforge-latentmas/experiments/benchmark/calibration_tracker.py
LatentForge Live Calibration Tracker v1.1
Date: 2026-08-04

Checking 42 tracked markets for resolution...
  No new resolutions today.

Fetching markets closing within 90 days...
Found 0 qualifying markets

=== CALIBRATION SUMMARY ===
Total markets tracked: 42
New predictions today: 0
Newly resolved: 0

--- PRIMARY TRACK (policy/macro/geopolitics/elections) ---
  Resolved markets scored: 3
  Swarm avg Brier:  0.17
  Crowd avg Brier:  0.1132
  Naive avg Brier:  0.25
  Swarm vs naive:   32.0%
  Swarm vs crowd:   -50.2%
  Brier Skill Score:-0.5018  (0=crowd-level, 1=perfect, negative=worse than crowd)
  Swarm entropy:    0.823  (higher = more uncertain)
  Swarm dispersion: 40.0pts  (range of swarm predictions)
  Crowd dispersion: 51.9pts  (range of crowd predictions)
  Avg divergence:   7.6pts  (avg |swarm - crowd| on resolved markets)

--- FULL TRACK (all categories, for transparency) ---
  Resolved markets scored: 37
  Swarm avg Brier:  0.1376
  Crowd avg Brier:  0.1362
  Naive avg Brier:  0.25
  Swarm vs naive:   45.0%
  Swarm vs crowd:   -1.0%
  Brier Skill Score:-0.0103  (0=crowd-level, 1=perfect, negative=worse than crowd)
  Swarm entropy:    0.615  (higher = more uncertain)
  Swarm dispersion: 46.3pts  (range of swarm predictions)
  Crowd dispersion: 67.7pts  (range of crowd predictions)
  Avg divergence:   8.7pts  (avg |swarm - crowd| on resolved markets)

Logs: /Users/latentforge/Projects/latentforge-latentmas/experiments/benchmark/calibration
Tue Aug  4 05:37:17 PDT 2026: SUCCESS on attempt 1
Wed Aug  5 05:34:32 PDT 2026: Attempt 1 of 3 — running /Users/latentforge/Projects/latentforge-latentmas/experiments/benchmark/calibration_tracker.py
LatentForge Live Calibration Tracker v1.1
Date: 2026-08-05

Checking 42 tracked markets for resolution...
  No new resolutions today.

Fetching markets closing within 90 days...
Found 0 qualifying markets

=== CALIBRATION SUMMARY ===
Total markets tracked: 42
New predictions today: 0
Newly resolved: 0

--- PRIMARY TRACK (policy/macro/geopolitics/elections) ---
  Resolved markets scored: 3
  Swarm avg Brier:  0.17
  Crowd avg Brier:  0.1132
  Naive avg Brier:  0.25
  Swarm vs naive:   32.0%
  Swarm vs crowd:   -50.2%
  Brier Skill Score:-0.5018  (0=crowd-level, 1=perfect, negative=worse than crowd)
  Swarm entropy:    0.823  (higher = more uncertain)
  Swarm dispersion: 40.0pts  (range of swarm predictions)
  Crowd dispersion: 51.9pts  (range of crowd predictions)
  Avg divergence:   7.6pts  (avg |swarm - crowd| on resolved markets)

--- FULL TRACK (all categories, for transparency) ---
  Resolved markets scored: 37
  Swarm avg Brier:  0.1376
  Crowd avg Brier:  0.1362
  Naive avg Brier:  0.25
  Swarm vs naive:   45.0%
  Swarm vs crowd:   -1.0%
  Brier Skill Score:-0.0103  (0=crowd-level, 1=perfect, negative=worse than crowd)
  Swarm entropy:    0.615  (higher = more uncertain)
  Swarm dispersion: 46.3pts  (range of swarm predictions)
  Crowd dispersion: 67.7pts  (range of crowd predictions)
  Avg divergence:   8.7pts  (avg |swarm - crowd| on resolved markets)

Logs: /Users/latentforge/Projects/latentforge-latentmas/experiments/benchmark/calibration
Wed Aug  5 05:34:33 PDT 2026: SUCCESS on attempt 1
Thu Aug  6 05:43:36 PDT 2026: Attempt 1 of 3 — running /Users/latentforge/Projects/latentforge-latentmas/experiments/benchmark/calibration_tracker.py
LatentForge Live Calibration Tracker v1.1
Date: 2026-08-06

Checking 42 tracked markets for resolution...
  No new resolutions today.

Fetching markets closing within 90 days...
Found 0 qualifying markets

=== CALIBRATION SUMMARY ===
Total markets tracked: 42
New predictions today: 0
Newly resolved: 0

--- PRIMARY TRACK (policy/macro/geopolitics/elections) ---
  Resolved markets scored: 3
  Swarm avg Brier:  0.17
  Crowd avg Brier:  0.1132
  Naive avg Brier:  0.25
  Swarm vs naive:   32.0%
  Swarm vs crowd:   -50.2%
  Brier Skill Score:-0.5018  (0=crowd-level, 1=perfect, negative=worse than crowd)
  Swarm entropy:    0.823  (higher = more uncertain)
  Swarm dispersion: 40.0pts  (range of swarm predictions)
  Crowd dispersion: 51.9pts  (range of crowd predictions)
  Avg divergence:   7.6pts  (avg |swarm - crowd| on resolved markets)

--- FULL TRACK (all categories, for transparency) ---
  Resolved markets scored: 37
  Swarm avg Brier:  0.1376
  Crowd avg Brier:  0.1362
  Naive avg Brier:  0.25
  Swarm vs naive:   45.0%
  Swarm vs crowd:   -1.0%
  Brier Skill Score:-0.0103  (0=crowd-level, 1=perfect, negative=worse than crowd)
  Swarm entropy:    0.615  (higher = more uncertain)
  Swarm dispersion: 46.3pts  (range of swarm predictions)
  Crowd dispersion: 67.7pts  (range of crowd predictions)
  Avg divergence:   8.7pts  (avg |swarm - crowd| on resolved markets)

Logs: /Users/latentforge/Projects/latentforge-latentmas/experiments/benchmark/calibration
Thu Aug  6 05:43:37 PDT 2026: SUCCESS on attempt 1
Fri Aug  7 05:40:54 PDT 2026: Attempt 1 of 3 — running /Users/latentforge/Projects/latentforge-latentmas/experiments/benchmark/calibration_tracker.py
LatentForge Live Calibration Tracker v1.1
Date: 2026-08-07

Checking 42 tracked markets for resolution...
  No new resolutions today.

Fetching markets closing within 90 days...
Found 0 qualifying markets

=== CALIBRATION SUMMARY ===
Total markets tracked: 42
New predictions today: 0
Newly resolved: 0

--- PRIMARY TRACK (policy/macro/geopolitics/elections) ---
  Resolved markets scored: 3
  Swarm avg Brier:  0.17
  Crowd avg Brier:  0.1132
  Naive avg Brier:  0.25
  Swarm vs naive:   32.0%
  Swarm vs crowd:   -50.2%
  Brier Skill Score:-0.5018  (0=crowd-level, 1=perfect, negative=worse than crowd)
  Swarm entropy:    0.823  (higher = more uncertain)
  Swarm dispersion: 40.0pts  (range of swarm predictions)
  Crowd dispersion: 51.9pts  (range of crowd predictions)
  Avg divergence:   7.6pts  (avg |swarm - crowd| on resolved markets)

--- FULL TRACK (all categories, for transparency) ---
  Resolved markets scored: 37
  Swarm avg Brier:  0.1376
  Crowd avg Brier:  0.1362
  Naive avg Brier:  0.25
  Swarm vs naive:   45.0%
  Swarm vs crowd:   -1.0%
  Brier Skill Score:-0.0103  (0=crowd-level, 1=perfect, negative=worse than crowd)
  Swarm entropy:    0.615  (higher = more uncertain)
  Swarm dispersion: 46.3pts  (range of swarm predictions)
  Crowd dispersion: 67.7pts  (range of crowd predictions)
  Avg divergence:   8.7pts  (avg |swarm - crowd| on resolved markets)

Logs: /Users/latentforge/Projects/latentforge-latentmas/experiments/benchmark/calibration
Fri Aug  7 05:40:55 PDT 2026: SUCCESS on attempt 1
Sat Aug  8 05:42:31 PDT 2026: Attempt 1 of 3 — running /Users/latentforge/Projects/latentforge-latentmas/experiments/benchmark/calibration_tracker.py
LatentForge Live Calibration Tracker v1.1
Date: 2026-08-08

Checking 42 tracked markets for resolution...
  No new resolutions today.

Fetching markets closing within 90 days...
Found 0 qualifying markets

=== CALIBRATION SUMMARY ===
Total markets tracked: 42
New predictions today: 0
Newly resolved: 0

--- PRIMARY TRACK (policy/macro/geopolitics/elections) ---
  Resolved markets scored: 3
  Swarm avg Brier:  0.17
  Crowd avg Brier:  0.1132
  Naive avg Brier:  0.25
  Swarm vs naive:   32.0%
  Swarm vs crowd:   -50.2%
  Brier Skill Score:-0.5018  (0=crowd-level, 1=perfect, negative=worse than crowd)
  Swarm entropy:    0.823  (higher = more uncertain)
  Swarm dispersion: 40.0pts  (range of swarm predictions)
  Crowd dispersion: 51.9pts  (range of crowd predictions)
  Avg divergence:   7.6pts  (avg |swarm - crowd| on resolved markets)

--- FULL TRACK (all categories, for transparency) ---
  Resolved markets scored: 37
  Swarm avg Brier:  0.1376
  Crowd avg Brier:  0.1362
  Naive avg Brier:  0.25
  Swarm vs naive:   45.0%
  Swarm vs crowd:   -1.0%
  Brier Skill Score:-0.0103  (0=crowd-level, 1=perfect, negative=worse than crowd)
  Swarm entropy:    0.615  (higher = more uncertain)
  Swarm dispersion: 46.3pts  (range of swarm predictions)
  Crowd dispersion: 67.7pts  (range of crowd predictions)
  Avg divergence:   8.7pts  (avg |swarm - crowd| on resolved markets)

Logs: /Users/latentforge/Projects/latentforge-latentmas/experiments/benchmark/calibration
Sat Aug  8 05:42:31 PDT 2026: SUCCESS on attempt 1
Sun Aug  9 05:39:52 PDT 2026: Attempt 1 of 3 — running /Users/latentforge/Projects/latentforge-latentmas/experiments/benchmark/calibration_tracker.py
LatentForge Live Calibration Tracker v1.1
Date: 2026-08-09

Checking 42 tracked markets for resolution...
  No new resolutions today.

Fetching markets closing within 90 days...
Traceback (most recent call last):
  File "/Library/Developer/CommandLineTools/Library/Frameworks/Python3.framework/Versions/3.9/lib/python3.9/urllib/request.py", line 1346, in do_open
    h.request(req.get_method(), req.selector, req.data, headers,
  File "/Library/Developer/CommandLineTools/Library/Frameworks/Python3.framework/Versions/3.9/lib/python3.9/http/client.py", line 1257, in request
    self._send_request(method, url, body, headers, encode_chunked)
  File "/Library/Developer/CommandLineTools/Library/Frameworks/Python3.framework/Versions/3.9/lib/python3.9/http/client.py", line 1303, in _send_request
    self.endheaders(body, encode_chunked=encode_chunked)
  File "/Library/Developer/CommandLineTools/Library/Frameworks/Python3.framework/Versions/3.9/lib/python3.9/http/client.py", line 1252, in endheaders
    self._send_output(message_body, encode_chunked=encode_chunked)
  File "/Library/Developer/CommandLineTools/Library/Frameworks/Python3.framework/Versions/3.9/lib/python3.9/http/client.py", line 1012, in _send_output
    self.send(msg)
  File "/Library/Developer/CommandLineTools/Library/Frameworks/Python3.framework/Versions/3.9/lib/python3.9/http/client.py", line 952, in send
    self.connect()
  File "/Library/Developer/CommandLineTools/Library/Frameworks/Python3.framework/Versions/3.9/lib/python3.9/http/client.py", line 1419, in connect
    super().connect()
  File "/Library/Developer/CommandLineTools/Library/Frameworks/Python3.framework/Versions/3.9/lib/python3.9/http/client.py", line 923, in connect
    self.sock = self._create_connection(
  File "/Library/Developer/CommandLineTools/Library/Frameworks/Python3.framework/Versions/3.9/lib/python3.9/socket.py", line 822, in create_connection
    for res in getaddrinfo(host, port, 0, SOCK_STREAM):
  File "/Library/Developer/CommandLineTools/Library/Frameworks/Python3.framework/Versions/3.9/lib/python3.9/socket.py", line 953, in getaddrinfo
    for res in _socket.getaddrinfo(host, port, family, type, proto, flags):
socket.gaierror: [Errno 8] nodename nor servname provided, or not known

During handling of the above exception, another exception occurred:

Traceback (most recent call last):
  File "/Users/latentforge/Projects/latentforge-latentmas/experiments/benchmark/calibration_tracker.py", line 300, in <module>
    run()
  File "/Users/latentforge/Projects/latentforge-latentmas/experiments/benchmark/calibration_tracker.py", line 216, in run
    markets = fetch_near_term_markets(days=90, limit=200)
  File "/Users/latentforge/Projects/latentforge-latentmas/experiments/benchmark/calibration_tracker.py", line 49, in fetch_near_term_markets
    with urllib.request.urlopen(req, timeout=15) as r:
  File "/Library/Developer/CommandLineTools/Library/Frameworks/Python3.framework/Versions/3.9/lib/python3.9/urllib/request.py", line 214, in urlopen
    return opener.open(url, data, timeout)
  File "/Library/Developer/CommandLineTools/Library/Frameworks/Python3.framework/Versions/3.9/lib/python3.9/urllib/request.py", line 517, in open
    response = self._open(req, data)
  File "/Library/Developer/CommandLineTools/Library/Frameworks/Python3.framework/Versions/3.9/lib/python3.9/urllib/request.py", line 534, in _open
    result = self._call_chain(self.handle_open, protocol, protocol +
  File "/Library/Developer/CommandLineTools/Library/Frameworks/Python3.framework/Versions/3.9/lib/python3.9/urllib/request.py", line 494, in _call_chain
    result = func(*args)
  File "/Library/Developer/CommandLineTools/Library/Frameworks/Python3.framework/Versions/3.9/lib/python3.9/urllib/request.py", line 1389, in https_open
    return self.do_open(http.client.HTTPSConnection, req,
  File "/Library/Developer/CommandLineTools/Library/Frameworks/Python3.framework/Versions/3.9/lib/python3.9/urllib/request.py", line 1349, in do_open
    raise URLError(err)
urllib.error.URLError: <urlopen error [Errno 8] nodename nor servname provided, or not known>
Sun Aug  9 05:39:52 PDT 2026: FAILED on attempt 1 (exit code 1)
Sun Aug  9 05:39:52 PDT 2026: Retrying in 300s...
Sun Aug  9 11:05:07 PDT 2026: Attempt 2 of 3 — running /Users/latentforge/Projects/latentforge-latentmas/experiments/benchmark/calibration_tracker.py
LatentForge Live Calibration Tracker v1.1
Date: 2026-08-09

Checking 42 tracked markets for resolution...
  No new resolutions today.

Fetching markets closing within 90 days...
Found 0 qualifying markets

=== CALIBRATION SUMMARY ===
Total markets tracked: 42
New predictions today: 0
Newly resolved: 0

--- PRIMARY TRACK (policy/macro/geopolitics/elections) ---
  Resolved markets scored: 3
  Swarm avg Brier:  0.17
  Crowd avg Brier:  0.1132
  Naive avg Brier:  0.25
  Swarm vs naive:   32.0%
  Swarm vs crowd:   -50.2%
  Brier Skill Score:-0.5018  (0=crowd-level, 1=perfect, negative=worse than crowd)
  Swarm entropy:    0.823  (higher = more uncertain)
  Swarm dispersion: 40.0pts  (range of swarm predictions)
  Crowd dispersion: 51.9pts  (range of crowd predictions)
  Avg divergence:   7.6pts  (avg |swarm - crowd| on resolved markets)

--- FULL TRACK (all categories, for transparency) ---
  Resolved markets scored: 37
  Swarm avg Brier:  0.1376
  Crowd avg Brier:  0.1362
  Naive avg Brier:  0.25
  Swarm vs naive:   45.0%
  Swarm vs crowd:   -1.0%
  Brier Skill Score:-0.0103  (0=crowd-level, 1=perfect, negative=worse than crowd)
  Swarm entropy:    0.615  (higher = more uncertain)
  Swarm dispersion: 46.3pts  (range of swarm predictions)
  Crowd dispersion: 67.7pts  (range of crowd predictions)
  Avg divergence:   8.7pts  (avg |swarm - crowd| on resolved markets)

Logs: /Users/latentforge/Projects/latentforge-latentmas/experiments/benchmark/calibration
Sun Aug  9 11:05:08 PDT 2026: SUCCESS on attempt 2
Mon Aug 10 05:41:36 PDT 2026: Attempt 1 of 3 — running /Users/latentforge/Projects/latentforge-latentmas/experiments/benchmark/calibration_tracker.py
LatentForge Live Calibration Tracker v1.1
Date: 2026-08-10

Checking 42 tracked markets for resolution...
  No new resolutions today.

Fetching markets closing within 90 days...
Found 0 qualifying markets

=== CALIBRATION SUMMARY ===
Total markets tracked: 42
New predictions today: 0
Newly resolved: 0

--- PRIMARY TRACK (policy/macro/geopolitics/elections) ---
  Resolved markets scored: 3
  Swarm avg Brier:  0.17
  Crowd avg Brier:  0.1132
  Naive avg Brier:  0.25
  Swarm vs naive:   32.0%
  Swarm vs crowd:   -50.2%
  Brier Skill Score:-0.5018  (0=crowd-level, 1=perfect, negative=worse than crowd)
  Swarm entropy:    0.823  (higher = more uncertain)
  Swarm dispersion: 40.0pts  (range of swarm predictions)
  Crowd dispersion: 51.9pts  (range of crowd predictions)
  Avg divergence:   7.6pts  (avg |swarm - crowd| on resolved markets)

--- FULL TRACK (all categories, for transparency) ---
  Resolved markets scored: 37
  Swarm avg Brier:  0.1376
  Crowd avg Brier:  0.1362
  Naive avg Brier:  0.25
  Swarm vs naive:   45.0%
  Swarm vs crowd:   -1.0%
  Brier Skill Score:-0.0103  (0=crowd-level, 1=perfect, negative=worse than crowd)
  Swarm entropy:    0.615  (higher = more uncertain)
  Swarm dispersion: 46.3pts  (range of swarm predictions)
  Crowd dispersion: 67.7pts  (range of crowd predictions)
  Avg divergence:   8.7pts  (avg |swarm - crowd| on resolved markets)

Logs: /Users/latentforge/Projects/latentforge-latentmas/experiments/benchmark/calibration
Mon Aug 10 05:41:37 PDT 2026: SUCCESS on attempt 1
Tue Aug 11 05:44:29 PDT 2026: Attempt 1 of 3 — running /Users/latentforge/Projects/latentforge-latentmas/experiments/benchmark/calibration_tracker.py
LatentForge Live Calibration Tracker v1.1
Date: 2026-08-11

Checking 42 tracked markets for resolution...
  No new resolutions today.

Fetching markets closing within 90 days...
Found 0 qualifying markets

=== CALIBRATION SUMMARY ===
Total markets tracked: 42
New predictions today: 0
Newly resolved: 0

--- PRIMARY TRACK (policy/macro/geopolitics/elections) ---
  Resolved markets scored: 3
  Swarm avg Brier:  0.17
  Crowd avg Brier:  0.1132
  Naive avg Brier:  0.25
  Swarm vs naive:   32.0%
  Swarm vs crowd:   -50.2%
  Brier Skill Score:-0.5018  (0=crowd-level, 1=perfect, negative=worse than crowd)
  Swarm entropy:    0.823  (higher = more uncertain)
  Swarm dispersion: 40.0pts  (range of swarm predictions)
  Crowd dispersion: 51.9pts  (range of crowd predictions)
  Avg divergence:   7.6pts  (avg |swarm - crowd| on resolved markets)

--- FULL TRACK (all categories, for transparency) ---
  Resolved markets scored: 37
  Swarm avg Brier:  0.1376
  Crowd avg Brier:  0.1362
  Naive avg Brier:  0.25
  Swarm vs naive:   45.0%
  Swarm vs crowd:   -1.0%
  Brier Skill Score:-0.0103  (0=crowd-level, 1=perfect, negative=worse than crowd)
  Swarm entropy:    0.615  (higher = more uncertain)
  Swarm dispersion: 46.3pts  (range of swarm predictions)
  Crowd dispersion: 67.7pts  (range of crowd predictions)
  Avg divergence:   8.7pts  (avg |swarm - crowd| on resolved markets)

Logs: /Users/latentforge/Projects/latentforge-latentmas/experiments/benchmark/calibration
Tue Aug 11 05:44:30 PDT 2026: SUCCESS on attempt 1
Tue Sep  8 14:33:11 PDT 2026: Attempt 1 of 3 — running /Users/latentforge/Projects/latentforge-latentmas/experiments/benchmark/calibration_tracker.py
LatentForge Live Calibration Tracker v1.1
Date: 2026-09-08

Checking 42 tracked markets for resolution...
  No new resolutions today.

Fetching markets closing within 90 days...
Found 0 qualifying markets

=== CALIBRATION SUMMARY ===
Total markets tracked: 42
New predictions today: 0
Newly resolved: 0

--- PRIMARY TRACK (policy/macro/geopolitics/elections) ---
  Resolved markets scored: 3
  Swarm avg Brier:  0.17
  Crowd avg Brier:  0.1132
  Naive avg Brier:  0.25
  Swarm vs naive:   32.0%
  Swarm vs crowd:   -50.2%
  Brier Skill Score:-0.5018  (0=crowd-level, 1=perfect, negative=worse than crowd)
  Swarm entropy:    0.823  (higher = more uncertain)
  Swarm dispersion: 40.0pts  (range of swarm predictions)
  Crowd dispersion: 51.9pts  (range of crowd predictions)
  Avg divergence:   7.6pts  (avg |swarm - crowd| on resolved markets)

--- FULL TRACK (all categories, for transparency) ---
  Resolved markets scored: 37
  Swarm avg Brier:  0.1376
  Crowd avg Brier:  0.1362
  Naive avg Brier:  0.25
  Swarm vs naive:   45.0%
  Swarm vs crowd:   -1.0%
  Brier Skill Score:-0.0103  (0=crowd-level, 1=perfect, negative=worse than crowd)
  Swarm entropy:    0.615  (higher = more uncertain)
  Swarm dispersion: 46.3pts  (range of swarm predictions)
  Crowd dispersion: 67.7pts  (range of crowd predictions)
  Avg divergence:   8.7pts  (avg |swarm - crowd| on resolved markets)

Logs: /Users/latentforge/Projects/latentforge-latentmas/experiments/benchmark/calibration
Tue Sep  8 14:33:13 PDT 2026: SUCCESS on attempt 1
Wed Sep  9 05:32:51 PDT 2026: Attempt 1 of 3 — running /Users/latentforge/Projects/latentforge-latentmas/experiments/benchmark/calibration_tracker.py
LatentForge Live Calibration Tracker v1.1
Date: 2026-09-09

Checking 42 tracked markets for resolution...
  No new resolutions today.

Fetching markets closing within 90 days...
Found 0 qualifying markets

=== CALIBRATION SUMMARY ===
Total markets tracked: 42
New predictions today: 0
Newly resolved: 0

--- PRIMARY TRACK (policy/macro/geopolitics/elections) ---
  Resolved markets scored: 3
  Swarm avg Brier:  0.17
  Crowd avg Brier:  0.1132
  Naive avg Brier:  0.25
  Swarm vs naive:   32.0%
  Swarm vs crowd:   -50.2%
  Brier Skill Score:-0.5018  (0=crowd-level, 1=perfect, negative=worse than crowd)
  Swarm entropy:    0.823  (higher = more uncertain)
  Swarm dispersion: 40.0pts  (range of swarm predictions)
  Crowd dispersion: 51.9pts  (range of crowd predictions)
  Avg divergence:   7.6pts  (avg |swarm - crowd| on resolved markets)

--- FULL TRACK (all categories, for transparency) ---
  Resolved markets scored: 37
  Swarm avg Brier:  0.1376
  Crowd avg Brier:  0.1362
  Naive avg Brier:  0.25
  Swarm vs naive:   45.0%
  Swarm vs crowd:   -1.0%
  Brier Skill Score:-0.0103  (0=crowd-level, 1=perfect, negative=worse than crowd)
  Swarm entropy:    0.615  (higher = more uncertain)
  Swarm dispersion: 46.3pts  (range of swarm predictions)
  Crowd dispersion: 67.7pts  (range of crowd predictions)
  Avg divergence:   8.7pts  (avg |swarm - crowd| on resolved markets)

Logs: /Users/latentforge/Projects/latentforge-latentmas/experiments/benchmark/calibration
Wed Sep  9 05:32:52 PDT 2026: SUCCESS on attempt 1
Thu Sep 10 05:40:33 PDT 2026: Attempt 1 of 3 — running /Users/latentforge/Projects/latentforge-latentmas/experiments/benchmark/calibration_tracker.py
LatentForge Live Calibration Tracker v1.1
Date: 2026-09-10

Checking 42 tracked markets for resolution...
  No new resolutions today.

Fetching markets closing within 90 days...
Found 0 qualifying markets

=== CALIBRATION SUMMARY ===
Total markets tracked: 42
New predictions today: 0
Newly resolved: 0

--- PRIMARY TRACK (policy/macro/geopolitics/elections) ---
  Resolved markets scored: 3
  Swarm avg Brier:  0.17
  Crowd avg Brier:  0.1132
  Naive avg Brier:  0.25
  Swarm vs naive:   32.0%
  Swarm vs crowd:   -50.2%
  Brier Skill Score:-0.5018  (0=crowd-level, 1=perfect, negative=worse than crowd)
  Swarm entropy:    0.823  (higher = more uncertain)
  Swarm dispersion: 40.0pts  (range of swarm predictions)
  Crowd dispersion: 51.9pts  (range of crowd predictions)
  Avg divergence:   7.6pts  (avg |swarm - crowd| on resolved markets)

--- FULL TRACK (all categories, for transparency) ---
  Resolved markets scored: 37
  Swarm avg Brier:  0.1376
  Crowd avg Brier:  0.1362
  Naive avg Brier:  0.25
  Swarm vs naive:   45.0%
  Swarm vs crowd:   -1.0%
  Brier Skill Score:-0.0103  (0=crowd-level, 1=perfect, negative=worse than crowd)
  Swarm entropy:    0.615  (higher = more uncertain)
  Swarm dispersion: 46.3pts  (range of swarm predictions)
  Crowd dispersion: 67.7pts  (range of crowd predictions)
  Avg divergence:   8.7pts  (avg |swarm - crowd| on resolved markets)

Logs: /Users/latentforge/Projects/latentforge-latentmas/experiments/benchmark/calibration
Thu Sep 10 05:40:34 PDT 2026: SUCCESS on attempt 1
Fri Sep 11 05:39:04 PDT 2026: Attempt 1 of 3 — running /Users/latentforge/Projects/latentforge-latentmas/experiments/benchmark/calibration_tracker.py
LatentForge Live Calibration Tracker v1.1
Date: 2026-09-11

Checking 42 tracked markets for resolution...
  No new resolutions today.

Fetching markets closing within 90 days...
Found 0 qualifying markets

=== CALIBRATION SUMMARY ===
Total markets tracked: 42
New predictions today: 0
Newly resolved: 0

--- PRIMARY TRACK (policy/macro/geopolitics/elections) ---
  Resolved markets scored: 3
  Swarm avg Brier:  0.17
  Crowd avg Brier:  0.1132
  Naive avg Brier:  0.25
  Swarm vs naive:   32.0%
  Swarm vs crowd:   -50.2%
  Brier Skill Score:-0.5018  (0=crowd-level, 1=perfect, negative=worse than crowd)
  Swarm entropy:    0.823  (higher = more uncertain)
  Swarm dispersion: 40.0pts  (range of swarm predictions)
  Crowd dispersion: 51.9pts  (range of crowd predictions)
  Avg divergence:   7.6pts  (avg |swarm - crowd| on resolved markets)

--- FULL TRACK (all categories, for transparency) ---
  Resolved markets scored: 37
  Swarm avg Brier:  0.1376
  Crowd avg Brier:  0.1362
  Naive avg Brier:  0.25
  Swarm vs naive:   45.0%
  Swarm vs crowd:   -1.0%
  Brier Skill Score:-0.0103  (0=crowd-level, 1=perfect, negative=worse than crowd)
  Swarm entropy:    0.615  (higher = more uncertain)
  Swarm dispersion: 46.3pts  (range of swarm predictions)
  Crowd dispersion: 67.7pts  (range of crowd predictions)
  Avg divergence:   8.7pts  (avg |swarm - crowd| on resolved markets)

Logs: /Users/latentforge/Projects/latentforge-latentmas/experiments/benchmark/calibration
Fri Sep 11 05:39:05 PDT 2026: SUCCESS on attempt 1
Sat Sep 12 05:39:21 PDT 2026: Attempt 1 of 3 — running /Users/latentforge/Projects/latentforge-latentmas/experiments/benchmark/calibration_tracker.py
LatentForge Live Calibration Tracker v1.1
Date: 2026-09-12

Checking 42 tracked markets for resolution...
  No new resolutions today.

Fetching markets closing within 90 days...
Found 0 qualifying markets

=== CALIBRATION SUMMARY ===
Total markets tracked: 42
New predictions today: 0
Newly resolved: 0

--- PRIMARY TRACK (policy/macro/geopolitics/elections) ---
  Resolved markets scored: 3
  Swarm avg Brier:  0.17
  Crowd avg Brier:  0.1132
  Naive avg Brier:  0.25
  Swarm vs naive:   32.0%
  Swarm vs crowd:   -50.2%
  Brier Skill Score:-0.5018  (0=crowd-level, 1=perfect, negative=worse than crowd)
  Swarm entropy:    0.823  (higher = more uncertain)
  Swarm dispersion: 40.0pts  (range of swarm predictions)
  Crowd dispersion: 51.9pts  (range of crowd predictions)
  Avg divergence:   7.6pts  (avg |swarm - crowd| on resolved markets)

--- FULL TRACK (all categories, for transparency) ---
  Resolved markets scored: 37
  Swarm avg Brier:  0.1376
  Crowd avg Brier:  0.1362
  Naive avg Brier:  0.25
  Swarm vs naive:   45.0%
  Swarm vs crowd:   -1.0%
  Brier Skill Score:-0.0103  (0=crowd-level, 1=perfect, negative=worse than crowd)
  Swarm entropy:    0.615  (higher = more uncertain)
  Swarm dispersion: 46.3pts  (range of swarm predictions)
  Crowd dispersion: 67.7pts  (range of crowd predictions)
  Avg divergence:   8.7pts  (avg |swarm - crowd| on resolved markets)

Logs: /Users/latentforge/Projects/latentforge-latentmas/experiments/benchmark/calibration
Sat Sep 12 05:39:22 PDT 2026: SUCCESS on attempt 1
Sun Sep 13 05:31:55 PDT 2026: Attempt 1 of 3 — running /Users/latentforge/Projects/latentforge-latentmas/experiments/benchmark/calibration_tracker.py
LatentForge Live Calibration Tracker v1.1
Date: 2026-09-13

Checking 42 tracked markets for resolution...
  No new resolutions today.

Fetching markets closing within 90 days...
Traceback (most recent call last):
  File "/Library/Developer/CommandLineTools/Library/Frameworks/Python3.framework/Versions/3.9/lib/python3.9/urllib/request.py", line 1346, in do_open
    h.request(req.get_method(), req.selector, req.data, headers,
  File "/Library/Developer/CommandLineTools/Library/Frameworks/Python3.framework/Versions/3.9/lib/python3.9/http/client.py", line 1257, in request
    self._send_request(method, url, body, headers, encode_chunked)
  File "/Library/Developer/CommandLineTools/Library/Frameworks/Python3.framework/Versions/3.9/lib/python3.9/http/client.py", line 1303, in _send_request
    self.endheaders(body, encode_chunked=encode_chunked)
  File "/Library/Developer/CommandLineTools/Library/Frameworks/Python3.framework/Versions/3.9/lib/python3.9/http/client.py", line 1252, in endheaders
    self._send_output(message_body, encode_chunked=encode_chunked)
  File "/Library/Developer/CommandLineTools/Library/Frameworks/Python3.framework/Versions/3.9/lib/python3.9/http/client.py", line 1012, in _send_output
    self.send(msg)
  File "/Library/Developer/CommandLineTools/Library/Frameworks/Python3.framework/Versions/3.9/lib/python3.9/http/client.py", line 952, in send
    self.connect()
  File "/Library/Developer/CommandLineTools/Library/Frameworks/Python3.framework/Versions/3.9/lib/python3.9/http/client.py", line 1419, in connect
    super().connect()
  File "/Library/Developer/CommandLineTools/Library/Frameworks/Python3.framework/Versions/3.9/lib/python3.9/http/client.py", line 923, in connect
    self.sock = self._create_connection(
  File "/Library/Developer/CommandLineTools/Library/Frameworks/Python3.framework/Versions/3.9/lib/python3.9/socket.py", line 822, in create_connection
    for res in getaddrinfo(host, port, 0, SOCK_STREAM):
  File "/Library/Developer/CommandLineTools/Library/Frameworks/Python3.framework/Versions/3.9/lib/python3.9/socket.py", line 953, in getaddrinfo
    for res in _socket.getaddrinfo(host, port, family, type, proto, flags):
socket.gaierror: [Errno 8] nodename nor servname provided, or not known

During handling of the above exception, another exception occurred:

Traceback (most recent call last):
  File "/Users/latentforge/Projects/latentforge-latentmas/experiments/benchmark/calibration_tracker.py", line 300, in <module>
    run()
  File "/Users/latentforge/Projects/latentforge-latentmas/experiments/benchmark/calibration_tracker.py", line 216, in run
    markets = fetch_near_term_markets(days=90, limit=200)
  File "/Users/latentforge/Projects/latentforge-latentmas/experiments/benchmark/calibration_tracker.py", line 49, in fetch_near_term_markets
    with urllib.request.urlopen(req, timeout=15) as r:
  File "/Library/Developer/CommandLineTools/Library/Frameworks/Python3.framework/Versions/3.9/lib/python3.9/urllib/request.py", line 214, in urlopen
    return opener.open(url, data, timeout)
  File "/Library/Developer/CommandLineTools/Library/Frameworks/Python3.framework/Versions/3.9/lib/python3.9/urllib/request.py", line 517, in open
    response = self._open(req, data)
  File "/Library/Developer/CommandLineTools/Library/Frameworks/Python3.framework/Versions/3.9/lib/python3.9/urllib/request.py", line 534, in _open
    result = self._call_chain(self.handle_open, protocol, protocol +
  File "/Library/Developer/CommandLineTools/Library/Frameworks/Python3.framework/Versions/3.9/lib/python3.9/urllib/request.py", line 494, in _call_chain
    result = func(*args)
  File "/Library/Developer/CommandLineTools/Library/Frameworks/Python3.framework/Versions/3.9/lib/python3.9/urllib/request.py", line 1389, in https_open
    return self.do_open(http.client.HTTPSConnection, req,
  File "/Library/Developer/CommandLineTools/Library/Frameworks/Python3.framework/Versions/3.9/lib/python3.9/urllib/request.py", line 1349, in do_open
    raise URLError(err)
urllib.error.URLError: <urlopen error [Errno 8] nodename nor servname provided, or not known>
Sun Sep 13 05:31:55 PDT 2026: FAILED on attempt 1 (exit code 1)
Sun Sep 13 05:31:55 PDT 2026: Retrying in 300s...
Sun Sep 13 15:42:07 PDT 2026: Attempt 2 of 3 — running /Users/latentforge/Projects/latentforge-latentmas/experiments/benchmark/calibration_tracker.py
LatentForge Live Calibration Tracker v1.1
Date: 2026-09-13

Checking 42 tracked markets for resolution...
  No new resolutions today.

Fetching markets closing within 90 days...
Traceback (most recent call last):
  File "/Library/Developer/CommandLineTools/Library/Frameworks/Python3.framework/Versions/3.9/lib/python3.9/urllib/request.py", line 1346, in do_open
    h.request(req.get_method(), req.selector, req.data, headers,
  File "/Library/Developer/CommandLineTools/Library/Frameworks/Python3.framework/Versions/3.9/lib/python3.9/http/client.py", line 1257, in request
    self._send_request(method, url, body, headers, encode_chunked)
  File "/Library/Developer/CommandLineTools/Library/Frameworks/Python3.framework/Versions/3.9/lib/python3.9/http/client.py", line 1303, in _send_request
    self.endheaders(body, encode_chunked=encode_chunked)
  File "/Library/Developer/CommandLineTools/Library/Frameworks/Python3.framework/Versions/3.9/lib/python3.9/http/client.py", line 1252, in endheaders
    self._send_output(message_body, encode_chunked=encode_chunked)
  File "/Library/Developer/CommandLineTools/Library/Frameworks/Python3.framework/Versions/3.9/lib/python3.9/http/client.py", line 1012, in _send_output
    self.send(msg)
  File "/Library/Developer/CommandLineTools/Library/Frameworks/Python3.framework/Versions/3.9/lib/python3.9/http/client.py", line 952, in send
    self.connect()
  File "/Library/Developer/CommandLineTools/Library/Frameworks/Python3.framework/Versions/3.9/lib/python3.9/http/client.py", line 1419, in connect
    super().connect()
  File "/Library/Developer/CommandLineTools/Library/Frameworks/Python3.framework/Versions/3.9/lib/python3.9/http/client.py", line 923, in connect
    self.sock = self._create_connection(
  File "/Library/Developer/CommandLineTools/Library/Frameworks/Python3.framework/Versions/3.9/lib/python3.9/socket.py", line 822, in create_connection
    for res in getaddrinfo(host, port, 0, SOCK_STREAM):
  File "/Library/Developer/CommandLineTools/Library/Frameworks/Python3.framework/Versions/3.9/lib/python3.9/socket.py", line 953, in getaddrinfo
    for res in _socket.getaddrinfo(host, port, family, type, proto, flags):
socket.gaierror: [Errno 8] nodename nor servname provided, or not known

During handling of the above exception, another exception occurred:

Traceback (most recent call last):
  File "/Users/latentforge/Projects/latentforge-latentmas/experiments/benchmark/calibration_tracker.py", line 300, in <module>
    run()
  File "/Users/latentforge/Projects/latentforge-latentmas/experiments/benchmark/calibration_tracker.py", line 216, in run
    markets = fetch_near_term_markets(days=90, limit=200)
  File "/Users/latentforge/Projects/latentforge-latentmas/experiments/benchmark/calibration_tracker.py", line 49, in fetch_near_term_markets
    with urllib.request.urlopen(req, timeout=15) as r:
  File "/Library/Developer/CommandLineTools/Library/Frameworks/Python3.framework/Versions/3.9/lib/python3.9/urllib/request.py", line 214, in urlopen
    return opener.open(url, data, timeout)
  File "/Library/Developer/CommandLineTools/Library/Frameworks/Python3.framework/Versions/3.9/lib/python3.9/urllib/request.py", line 517, in open
    response = self._open(req, data)
  File "/Library/Developer/CommandLineTools/Library/Frameworks/Python3.framework/Versions/3.9/lib/python3.9/urllib/request.py", line 534, in _open
    result = self._call_chain(self.handle_open, protocol, protocol +
  File "/Library/Developer/CommandLineTools/Library/Frameworks/Python3.framework/Versions/3.9/lib/python3.9/urllib/request.py", line 494, in _call_chain
    result = func(*args)
  File "/Library/Developer/CommandLineTools/Library/Frameworks/Python3.framework/Versions/3.9/lib/python3.9/urllib/request.py", line 1389, in https_open
    return self.do_open(http.client.HTTPSConnection, req,
  File "/Library/Developer/CommandLineTools/Library/Frameworks/Python3.framework/Versions/3.9/lib/python3.9/urllib/request.py", line 1349, in do_open
    raise URLError(err)
urllib.error.URLError: <urlopen error [Errno 8] nodename nor servname provided, or not known>
Sun Sep 13 15:42:07 PDT 2026: FAILED on attempt 2 (exit code 1)
Sun Sep 13 15:42:07 PDT 2026: Retrying in 300s...
Mon Sep 14 07:13:33 PDT 2026: Attempt 3 of 3 — running /Users/latentforge/Projects/latentforge-latentmas/experiments/benchmark/calibration_tracker.py
LatentForge Live Calibration Tracker v1.1
Date: 2026-09-14

Checking 42 tracked markets for resolution...
  No new resolutions today.

Fetching markets closing within 90 days...
Found 0 qualifying markets

=== CALIBRATION SUMMARY ===
Total markets tracked: 42
New predictions today: 0
Newly resolved: 0

--- PRIMARY TRACK (policy/macro/geopolitics/elections) ---
  Resolved markets scored: 3
  Swarm avg Brier:  0.17
  Crowd avg Brier:  0.1132
  Naive avg Brier:  0.25
  Swarm vs naive:   32.0%
  Swarm vs crowd:   -50.2%
  Brier Skill Score:-0.5018  (0=crowd-level, 1=perfect, negative=worse than crowd)
  Swarm entropy:    0.823  (higher = more uncertain)
  Swarm dispersion: 40.0pts  (range of swarm predictions)
  Crowd dispersion: 51.9pts  (range of crowd predictions)
  Avg divergence:   7.6pts  (avg |swarm - crowd| on resolved markets)

--- FULL TRACK (all categories, for transparency) ---
  Resolved markets scored: 37
  Swarm avg Brier:  0.1376
  Crowd avg Brier:  0.1362
  Naive avg Brier:  0.25
  Swarm vs naive:   45.0%
  Swarm vs crowd:   -1.0%
  Brier Skill Score:-0.0103  (0=crowd-level, 1=perfect, negative=worse than crowd)
  Swarm entropy:    0.615  (higher = more uncertain)
  Swarm dispersion: 46.3pts  (range of swarm predictions)
  Crowd dispersion: 67.7pts  (range of crowd predictions)
  Avg divergence:   8.7pts  (avg |swarm - crowd| on resolved markets)

Logs: /Users/latentforge/Projects/latentforge-latentmas/experiments/benchmark/calibration
Mon Sep 14 07:13:34 PDT 2026: SUCCESS on attempt 3
Tue Sep 15 05:30:39 PDT 2026: Attempt 1 of 3 — running /Users/latentforge/Projects/latentforge-latentmas/experiments/benchmark/calibration_tracker.py
LatentForge Live Calibration Tracker v1.1
Date: 2026-09-15

Checking 42 tracked markets for resolution...
  No new resolutions today.

Fetching markets closing within 90 days...
Found 0 qualifying markets

=== CALIBRATION SUMMARY ===
Total markets tracked: 42
New predictions today: 0
Newly resolved: 0

--- PRIMARY TRACK (policy/macro/geopolitics/elections) ---
  Resolved markets scored: 3
  Swarm avg Brier:  0.17
  Crowd avg Brier:  0.1132
  Naive avg Brier:  0.25
  Swarm vs naive:   32.0%
  Swarm vs crowd:   -50.2%
  Brier Skill Score:-0.5018  (0=crowd-level, 1=perfect, negative=worse than crowd)
  Swarm entropy:    0.823  (higher = more uncertain)
  Swarm dispersion: 40.0pts  (range of swarm predictions)
  Crowd dispersion: 51.9pts  (range of crowd predictions)
  Avg divergence:   7.6pts  (avg |swarm - crowd| on resolved markets)

--- FULL TRACK (all categories, for transparency) ---
  Resolved markets scored: 37
  Swarm avg Brier:  0.1376
  Crowd avg Brier:  0.1362
  Naive avg Brier:  0.25
  Swarm vs naive:   45.0%
  Swarm vs crowd:   -1.0%
  Brier Skill Score:-0.0103  (0=crowd-level, 1=perfect, negative=worse than crowd)
  Swarm entropy:    0.615  (higher = more uncertain)
  Swarm dispersion: 46.3pts  (range of swarm predictions)
  Crowd dispersion: 67.7pts  (range of crowd predictions)
  Avg divergence:   8.7pts  (avg |swarm - crowd| on resolved markets)

Logs: /Users/latentforge/Projects/latentforge-latentmas/experiments/benchmark/calibration
Tue Sep 15 05:30:39 PDT 2026: SUCCESS on attempt 1
Wed Sep 16 05:42:03 PDT 2026: Attempt 1 of 3 — running /Users/latentforge/Projects/latentforge-latentmas/experiments/benchmark/calibration_tracker.py
LatentForge Live Calibration Tracker v1.1
Date: 2026-09-16

Checking 42 tracked markets for resolution...
  No new resolutions today.

Fetching markets closing within 90 days...
Found 0 qualifying markets

=== CALIBRATION SUMMARY ===
Total markets tracked: 42
New predictions today: 0
Newly resolved: 0

--- PRIMARY TRACK (policy/macro/geopolitics/elections) ---
  Resolved markets scored: 3
  Swarm avg Brier:  0.17
  Crowd avg Brier:  0.1132
  Naive avg Brier:  0.25
  Swarm vs naive:   32.0%
  Swarm vs crowd:   -50.2%
  Brier Skill Score:-0.5018  (0=crowd-level, 1=perfect, negative=worse than crowd)
  Swarm entropy:    0.823  (higher = more uncertain)
  Swarm dispersion: 40.0pts  (range of swarm predictions)
  Crowd dispersion: 51.9pts  (range of crowd predictions)
  Avg divergence:   7.6pts  (avg |swarm - crowd| on resolved markets)

--- FULL TRACK (all categories, for transparency) ---
  Resolved markets scored: 37
  Swarm avg Brier:  0.1376
  Crowd avg Brier:  0.1362
  Naive avg Brier:  0.25
  Swarm vs naive:   45.0%
  Swarm vs crowd:   -1.0%
  Brier Skill Score:-0.0103  (0=crowd-level, 1=perfect, negative=worse than crowd)
  Swarm entropy:    0.615  (higher = more uncertain)
  Swarm dispersion: 46.3pts  (range of swarm predictions)
  Crowd dispersion: 67.7pts  (range of crowd predictions)
  Avg divergence:   8.7pts  (avg |swarm - crowd| on resolved markets)

Logs: /Users/latentforge/Projects/latentforge-latentmas/experiments/benchmark/calibration
Wed Sep 16 05:42:04 PDT 2026: SUCCESS on attempt 1
Thu Sep 17 05:30:30 PDT 2026: Attempt 1 of 3 — running /Users/latentforge/Projects/latentforge-latentmas/experiments/benchmark/calibration_tracker.py
LatentForge Live Calibration Tracker v1.1
Date: 2026-09-17

Checking 42 tracked markets for resolution...
  No new resolutions today.

Fetching markets closing within 90 days...
Found 0 qualifying markets

=== CALIBRATION SUMMARY ===
Total markets tracked: 42
New predictions today: 0
Newly resolved: 0

--- PRIMARY TRACK (policy/macro/geopolitics/elections) ---
  Resolved markets scored: 3
  Swarm avg Brier:  0.17
  Crowd avg Brier:  0.1132
  Naive avg Brier:  0.25
  Swarm vs naive:   32.0%
  Swarm vs crowd:   -50.2%
  Brier Skill Score:-0.5018  (0=crowd-level, 1=perfect, negative=worse than crowd)
  Swarm entropy:    0.823  (higher = more uncertain)
  Swarm dispersion: 40.0pts  (range of swarm predictions)
  Crowd dispersion: 51.9pts  (range of crowd predictions)
  Avg divergence:   7.6pts  (avg |swarm - crowd| on resolved markets)

--- FULL TRACK (all categories, for transparency) ---
  Resolved markets scored: 37
  Swarm avg Brier:  0.1376
  Crowd avg Brier:  0.1362
  Naive avg Brier:  0.25
  Swarm vs naive:   45.0%
  Swarm vs crowd:   -1.0%
  Brier Skill Score:-0.0103  (0=crowd-level, 1=perfect, negative=worse than crowd)
  Swarm entropy:    0.615  (higher = more uncertain)
  Swarm dispersion: 46.3pts  (range of swarm predictions)
  Crowd dispersion: 67.7pts  (range of crowd predictions)
  Avg divergence:   8.7pts  (avg |swarm - crowd| on resolved markets)

Logs: /Users/latentforge/Projects/latentforge-latentmas/experiments/benchmark/calibration
Thu Sep 17 05:30:31 PDT 2026: SUCCESS on attempt 1
Fri Sep 18 05:36:17 PDT 2026: Attempt 1 of 3 — running /Users/latentforge/Projects/latentforge-latentmas/experiments/benchmark/calibration_tracker.py
LatentForge Live Calibration Tracker v1.1
Date: 2026-09-18

Checking 42 tracked markets for resolution...
  No new resolutions today.

Fetching markets closing within 90 days...
Found 0 qualifying markets

=== CALIBRATION SUMMARY ===
Total markets tracked: 42
New predictions today: 0
Newly resolved: 0

--- PRIMARY TRACK (policy/macro/geopolitics/elections) ---
  Resolved markets scored: 3
  Swarm avg Brier:  0.17
  Crowd avg Brier:  0.1132
  Naive avg Brier:  0.25
  Swarm vs naive:   32.0%
  Swarm vs crowd:   -50.2%
  Brier Skill Score:-0.5018  (0=crowd-level, 1=perfect, negative=worse than crowd)
  Swarm entropy:    0.823  (higher = more uncertain)
  Swarm dispersion: 40.0pts  (range of swarm predictions)
  Crowd dispersion: 51.9pts  (range of crowd predictions)
  Avg divergence:   7.6pts  (avg |swarm - crowd| on resolved markets)

--- FULL TRACK (all categories, for transparency) ---
  Resolved markets scored: 37
  Swarm avg Brier:  0.1376
  Crowd avg Brier:  0.1362
  Naive avg Brier:  0.25
  Swarm vs naive:   45.0%
  Swarm vs crowd:   -1.0%
  Brier Skill Score:-0.0103  (0=crowd-level, 1=perfect, negative=worse than crowd)
  Swarm entropy:    0.615  (higher = more uncertain)
  Swarm dispersion: 46.3pts  (range of swarm predictions)
  Crowd dispersion: 67.7pts  (range of crowd predictions)
  Avg divergence:   8.7pts  (avg |swarm - crowd| on resolved markets)

Logs: /Users/latentforge/Projects/latentforge-latentmas/experiments/benchmark/calibration
Fri Sep 18 05:36:17 PDT 2026: SUCCESS on attempt 1
Sat Sep 19 05:42:39 PDT 2026: Attempt 1 of 3 — running /Users/latentforge/Projects/latentforge-latentmas/experiments/benchmark/calibration_tracker.py
LatentForge Live Calibration Tracker v1.1
Date: 2026-09-19

Checking 42 tracked markets for resolution...
  No new resolutions today.

Fetching markets closing within 90 days...
Found 0 qualifying markets

=== CALIBRATION SUMMARY ===
Total markets tracked: 42
New predictions today: 0
Newly resolved: 0

--- PRIMARY TRACK (policy/macro/geopolitics/elections) ---
  Resolved markets scored: 3
  Swarm avg Brier:  0.17
  Crowd avg Brier:  0.1132
  Naive avg Brier:  0.25
  Swarm vs naive:   32.0%
  Swarm vs crowd:   -50.2%
  Brier Skill Score:-0.5018  (0=crowd-level, 1=perfect, negative=worse than crowd)
  Swarm entropy:    0.823  (higher = more uncertain)
  Swarm dispersion: 40.0pts  (range of swarm predictions)
  Crowd dispersion: 51.9pts  (range of crowd predictions)
  Avg divergence:   7.6pts  (avg |swarm - crowd| on resolved markets)

--- FULL TRACK (all categories, for transparency) ---
  Resolved markets scored: 37
  Swarm avg Brier:  0.1376
  Crowd avg Brier:  0.1362
  Naive avg Brier:  0.25
  Swarm vs naive:   45.0%
  Swarm vs crowd:   -1.0%
  Brier Skill Score:-0.0103  (0=crowd-level, 1=perfect, negative=worse than crowd)
  Swarm entropy:    0.615  (higher = more uncertain)
  Swarm dispersion: 46.3pts  (range of swarm predictions)
  Crowd dispersion: 67.7pts  (range of crowd predictions)
  Avg divergence:   8.7pts  (avg |swarm - crowd| on resolved markets)

Logs: /Users/latentforge/Projects/latentforge-latentmas/experiments/benchmark/calibration
Sat Sep 19 05:42:41 PDT 2026: SUCCESS on attempt 1
